ISO-10303-21;
HEADER;
/* Generated by software containing ST-Developer
 * from STEP Tools, Inc. (www.steptools.com) 
 */
/* OPTION: using custom renumber hook */

FILE_DESCRIPTION(
/* description */ ('STEP AP242 Edition 2',
'CAx-IF Rec.Pracs.---Representation and Presentation of Product Manufa
cturing Information (PMI)---4.0---2014-10-13',
'CAx-IF Rec.Pracs.---3D Tessellated Geometry---0.4---2014-09-14','2;1',
'CAx-IF Rec.Pracs.---User Defined Attributes---1.5---2016-08-15'),
/* implementation_level */ '2;1');

FILE_NAME(
/* name */ 'guitar',
/* time_stamp */ '2026-09-13T04:31:36Z',
/* author */ (''),
/* organization */ (''),
/* preprocessor_version */ 'ST-DEVELOPER v20',
/* originating_system */ 'ONSHAPE BY PTC INC, 1.220',
/* authorisation */ '  ');

FILE_SCHEMA (('AP242_MANAGED_MODEL_BASED_3D_ENGINEERING_MIM_LF { 1 0 10303 442 3 1 4 }'));
ENDSEC;

DATA;
#10=SHAPE_REPRESENTATION_RELATIONSHIP('','',#1668,#11);
#11=ADVANCED_BREP_SHAPE_REPRESENTATION('',(#1666),#2956);
#12=CYLINDRICAL_SURFACE('',#1701,0.00191172900860402);
#13=CYLINDRICAL_SURFACE('',#1703,6.73753899085039E-5);
#14=CYLINDRICAL_SURFACE('',#1704,0.00143266393538741);
#15=CYLINDRICAL_SURFACE('',#1760,0.000341075462622017);
#16=CYLINDRICAL_SURFACE('',#1761,0.000341075462622017);
#17=CYLINDRICAL_SURFACE('',#1762,0.000341075462622017);
#18=CYLINDRICAL_SURFACE('',#1763,0.000341075462622017);
#19=CYLINDRICAL_SURFACE('',#1764,0.000341075462622017);
#20=CYLINDRICAL_SURFACE('',#1765,0.000341075462622017);
#21=CYLINDRICAL_SURFACE('',#1766,0.000254);
#22=CIRCLE('',#1678,0.00191172900860402);
#23=CIRCLE('',#1679,0.000254);
#24=CIRCLE('',#1680,6.73753899085039E-5);
#25=CIRCLE('',#1681,0.00143266393538741);
#26=CIRCLE('',#1682,0.000341075462622017);
#27=CIRCLE('',#1683,0.000341075462622017);
#28=CIRCLE('',#1684,0.000341075462622017);
#29=CIRCLE('',#1685,0.000341075462622017);
#30=CIRCLE('',#1686,0.000341075462622017);
#31=CIRCLE('',#1687,0.000341075462622017);
#32=CIRCLE('',#1689,0.000254);
#33=CIRCLE('',#1690,0.00191172900860402);
#34=CIRCLE('',#1691,0.00143266393538741);
#35=CIRCLE('',#1692,6.73753899085039E-5);
#36=CIRCLE('',#1693,0.000341075462622017);
#37=CIRCLE('',#1694,0.000341075462622017);
#38=CIRCLE('',#1695,0.000341075462622017);
#39=CIRCLE('',#1696,0.000341075462622017);
#40=CIRCLE('',#1697,0.000341075462622017);
#41=CIRCLE('',#1698,0.000341075462622017);
#42=B_SPLINE_CURVE_WITH_KNOTS('',3,(#2326,#2327,#2328,#2329,#2330,#2331,
#2332,#2333,#2334,#2335,#2336,#2337,#2338,#2339,#2340,#2341,#2342,#2343,
#2344,#2345,#2346,#2347,#2348,#2349,#2350,#2351,#2352,#2353,#2354,#2355,
#2356,#2357,#2358,#2359,#2360,#2361,#2362,#2363,#2364,#2365,#2366),
 .UNSPECIFIED.,.F.,.F.,(4,1,1,1,1,1,1,1,1,1,1,1,1,1,1,1,1,1,1,1,1,1,1,1,
1,1,1,1,1,1,1,1,1,1,1,1,1,1,4),(0.0233421373368287,0.0247443974871496,0.0413756140705911,
0.0625936969255392,0.0883176651492366,0.113045265496047,0.135265188622539,
0.156179182902457,0.17895068883665,0.207426145842987,0.23806562876734,0.264445970793767,
0.287706711890479,0.313961030127596,0.340014735118097,0.363502250031785,
0.386378779247067,0.415050011864599,0.442066013494699,0.46651727420965,
0.49263811835906,0.522715508157114,0.550417066212902,0.576009994718429,
0.594529909291284,0.616629926425061,0.634170510950248,0.659018418484868,
0.680864617904263,0.699270426553502,0.714310356497999,0.728058198210537,
0.741726754160636,0.759093706046097,0.773335440990314,0.790999081679329,
0.811546878055172,0.826441583135976,0.82720715652856),.UNSPECIFIED.);
#43=B_SPLINE_CURVE_WITH_KNOTS('',3,(#2370,#2371,#2372,#2373,#2374,#2375,
#2376,#2377,#2378,#2379,#2380,#2381,#2382,#2383,#2384,#2385,#2386,#2387,
#2388,#2389,#2390,#2391,#2392,#2393,#2394,#2395,#2396,#2397,#2398,#2399,
#2400,#2401,#2402,#2403,#2404,#2405,#2406,#2407,#2408,#2409,#2410),
 .UNSPECIFIED.,.F.,.F.,(4,1,1,1,1,1,1,1,1,1,1,1,1,1,1,1,1,1,1,1,1,1,1,1,
1,1,1,1,1,1,1,1,1,1,1,1,1,1,4),(0.0233421373368287,0.0247443974871496,0.0413756140705911,
0.0625936969255392,0.0883176651492366,0.113045265496047,0.135265188622539,
0.156179182902457,0.17895068883665,0.207426145842987,0.23806562876734,0.264445970793767,
0.287706711890479,0.313961030127596,0.340014735118097,0.363502250031785,
0.386378779247067,0.415050011864599,0.442066013494699,0.46651727420965,
0.49263811835906,0.522715508157114,0.550417066212902,0.576009994718429,
0.594529909291284,0.616629926425061,0.634170510950248,0.659018418484868,
0.680864617904263,0.699270426553502,0.714310356497999,0.728058198210537,
0.741726754160636,0.759093706046097,0.773335440990314,0.790999081679329,
0.811546878055172,0.826441583135976,0.82720715652856),.UNSPECIFIED.);
#44=B_SPLINE_CURVE_WITH_KNOTS('',3,(#2443,#2444,#2445,#2446,#2447,#2448,
#2449,#2450,#2451,#2452,#2453,#2454,#2455,#2456,#2457),.UNSPECIFIED.,.F.,
 .F.,(4,1,1,1,1,1,1,1,3,1,4),(0.888935461222531,0.894324199379713,0.907777621504545,
0.927271902548377,0.948832447892887,0.963309277296196,0.97781325304198,
0.988505987116378,1.,1.01140113554761,1.01274920239177),.UNSPECIFIED.);
#45=B_SPLINE_CURVE_WITH_KNOTS('',3,(#2462,#2463,#2464,#2465,#2466,#2467,
#2468,#2469,#2470,#2471,#2472,#2473,#2474,#2475,#2476),.UNSPECIFIED.,.F.,
 .F.,(4,1,1,1,1,1,1,1,3,1,4),(0.888935461222531,0.894324199379713,0.907777621504545,
0.927271902548377,0.948832447892887,0.963309277296196,0.97781325304198,
0.988505987116378,1.,1.01140113554761,1.01274920239177),.UNSPECIFIED.);
#46=B_SPLINE_CURVE_WITH_KNOTS('',3,(#2508,#2509,#2510,#2511,#2512),
 .UNSPECIFIED.,.F.,.F.,(4,1,4),(0.,0.177392991484238,0.377803374185987),
 .UNSPECIFIED.);
#47=B_SPLINE_CURVE_WITH_KNOTS('',3,(#2628,#2629,#2630,#2631,#2632,#2633),
 .UNSPECIFIED.,.F.,.F.,(4,1,1,4),(0.,0.166717259849054,0.295724684764825,
0.472889125258953),.UNSPECIFIED.);
#48=B_SPLINE_CURVE_WITH_KNOTS('',3,(#2660,#2661,#2662,#2663,#2664,#2665),
 .UNSPECIFIED.,.F.,.F.,(4,1,1,4),(0.,0.166717259849054,0.295724684764825,
0.472889125258953),.UNSPECIFIED.);
#49=B_SPLINE_CURVE_WITH_KNOTS('',3,(#2781,#2782,#2783,#2784,#2785),
 .UNSPECIFIED.,.F.,.F.,(4,1,4),(0.,0.177392991484238,0.377803374185987),
 .UNSPECIFIED.);
#50=B_SPLINE_SURFACE_WITH_KNOTS('',3,1,((#2188,#2189),(#2190,#2191),(#2192,
#2193),(#2194,#2195),(#2196,#2197),(#2198,#2199),(#2200,#2201),(#2202,#2203),
(#2204,#2205),(#2206,#2207),(#2208,#2209),(#2210,#2211),(#2212,#2213),(#2214,
#2215),(#2216,#2217),(#2218,#2219),(#2220,#2221),(#2222,#2223),(#2224,#2225),
(#2226,#2227),(#2228,#2229),(#2230,#2231),(#2232,#2233),(#2234,#2235),(#2236,
#2237),(#2238,#2239),(#2240,#2241),(#2242,#2243),(#2244,#2245),(#2246,#2247),
(#2248,#2249),(#2250,#2251),(#2252,#2253),(#2254,#2255),(#2256,#2257),(#2258,
#2259),(#2260,#2261),(#2262,#2263),(#2264,#2265),(#2266,#2267),(#2268,#2269),
(#2270,#2271),(#2272,#2273),(#2274,#2275),(#2276,#2277),(#2278,#2279),(#2280,
#2281),(#2282,#2283),(#2284,#2285),(#2286,#2287),(#2288,#2289),(#2290,#2291),
(#2292,#2293),(#2294,#2295),(#2296,#2297),(#2298,#2299),(#2300,#2301),(#2302,
#2303),(#2304,#2305),(#2306,#2307),(#2308,#2309),(#2310,#2311),(#2312,#2313),
(#2314,#2315),(#2316,#2317),(#2318,#2319),(#2320,#2321),(#2322,#2323),(#2324,
#2325)),.SURF_OF_LINEAR_EXTRUSION.,.F.,.F.,.F.,(4,1,1,1,1,1,1,1,1,1,1,1,
1,1,1,1,1,1,1,1,1,1,1,1,1,1,1,1,1,1,1,1,1,1,1,1,1,1,1,1,1,1,1,1,1,1,1,1,
1,1,1,1,1,1,1,1,1,1,1,1,1,1,1,1,1,1,4),(2,2),(0.0233421373368287,0.0359025282616995,
0.0484629191865703,0.0610233101114411,0.0735837010363119,0.0861440919611827,
0.0987044828860535,0.111264873810924,0.123825264735795,0.136385655660666,
0.148946046585537,0.161506437510408,0.174066828435278,0.186627219360149,
0.19918761028502,0.211748001209891,0.224308392134762,0.236868783059632,
0.249429173984503,0.261989564909374,0.274549955834245,0.287110346759116,
0.299670737683986,0.312231128608857,0.324791519533728,0.337351910458599,
0.34991230138347,0.36247269230834,0.375033083233211,0.387593474158082,0.400153865082953,
0.412714256007824,0.425274646932694,0.437835037857565,0.450395428782436,
0.462955819707307,0.475516210632178,0.488076601557048,0.500636992481919,
0.51319738340679,0.525757774331661,0.538318165256532,0.550878556181402,
0.563438947106273,0.575999338031144,0.588559728956015,0.601120119880886,
0.613680510805756,0.626240901730627,0.632521097193063,0.638801292655498,
0.651361683580369,0.66392207450524,0.67648246543011,0.689042856354981,0.701603247279852,
0.714163638204723,0.726724029129594,0.739284420054464,0.751844810979335,
0.764405201904206,0.776965592829077,0.789525983753948,0.802086374678818,
0.808366570141254,0.814646765603689,0.82720715652856),(0.,1.),
 .UNSPECIFIED.);
#51=B_SPLINE_SURFACE_WITH_KNOTS('',3,1,((#2411,#2412),(#2413,#2414),(#2415,
#2416),(#2417,#2418),(#2419,#2420),(#2421,#2422),(#2423,#2424),(#2425,#2426),
(#2427,#2428),(#2429,#2430),(#2431,#2432),(#2433,#2434),(#2435,#2436),(#2437,
#2438),(#2439,#2440),(#2441,#2442)),.SURF_OF_LINEAR_EXTRUSION.,.F.,.F.,
 .F.,(4,1,1,1,1,1,1,1,1,1,1,1,1,4),(2,2),(0.888935461222531,0.896673820045608,
0.904412178868686,0.912150537691763,0.919888896514841,0.935365614160996,
0.95084233180715,0.958580690630228,0.966319049453305,0.974057408276383,
0.98179576709946,0.989534125922538,0.997272484745615,1.01274920239177),
(0.,1.),.UNSPECIFIED.);
#52=B_SPLINE_SURFACE_WITH_KNOTS('',3,1,((#2807,#2808),(#2809,#2810),(#2811,
#2812),(#2813,#2814)),.SURF_OF_LINEAR_EXTRUSION.,.F.,.F.,.F.,(4,4),(2,2),
(0.,0.377803374185987),(0.,1.),.PIECEWISE_BEZIER_KNOTS.);
#53=B_SPLINE_SURFACE_WITH_KNOTS('',3,1,((#2935,#2936),(#2937,#2938),(#2939,
#2940),(#2941,#2942),(#2943,#2944),(#2945,#2946),(#2947,#2948),(#2949,#2950),
(#2951,#2952)),.SURF_OF_LINEAR_EXTRUSION.,.F.,.F.,.F.,(4,1,1,1,1,1,4),(2,
2),(0.,0.118222281314738,0.177333421972107,0.236444562629477,0.295555703286846,
0.354666843944215,0.472889125258953),(0.,1.),.UNSPECIFIED.);
#54=ORIENTED_EDGE('',*,*,#516,.F.);
#55=ORIENTED_EDGE('',*,*,#517,.F.);
#56=ORIENTED_EDGE('',*,*,#518,.T.);
#57=ORIENTED_EDGE('',*,*,#519,.T.);
#58=ORIENTED_EDGE('',*,*,#520,.F.);
#59=ORIENTED_EDGE('',*,*,#521,.F.);
#60=ORIENTED_EDGE('',*,*,#522,.T.);
#61=ORIENTED_EDGE('',*,*,#517,.T.);
#62=ORIENTED_EDGE('',*,*,#523,.T.);
#63=ORIENTED_EDGE('',*,*,#524,.F.);
#64=ORIENTED_EDGE('',*,*,#525,.F.);
#65=ORIENTED_EDGE('',*,*,#521,.T.);
#66=ORIENTED_EDGE('',*,*,#526,.T.);
#67=ORIENTED_EDGE('',*,*,#527,.F.);
#68=ORIENTED_EDGE('',*,*,#528,.F.);
#69=ORIENTED_EDGE('',*,*,#524,.T.);
#70=ORIENTED_EDGE('',*,*,#529,.T.);
#71=ORIENTED_EDGE('',*,*,#530,.F.);
#72=ORIENTED_EDGE('',*,*,#531,.F.);
#73=ORIENTED_EDGE('',*,*,#532,.T.);
#74=ORIENTED_EDGE('',*,*,#533,.F.);
#75=ORIENTED_EDGE('',*,*,#534,.F.);
#76=ORIENTED_EDGE('',*,*,#535,.T.);
#77=ORIENTED_EDGE('',*,*,#530,.T.);
#78=ORIENTED_EDGE('',*,*,#536,.F.);
#79=ORIENTED_EDGE('',*,*,#537,.F.);
#80=ORIENTED_EDGE('',*,*,#538,.T.);
#81=ORIENTED_EDGE('',*,*,#534,.T.);
#82=ORIENTED_EDGE('',*,*,#539,.F.);
#83=ORIENTED_EDGE('',*,*,#540,.F.);
#84=ORIENTED_EDGE('',*,*,#541,.T.);
#85=ORIENTED_EDGE('',*,*,#537,.T.);
#86=ORIENTED_EDGE('',*,*,#542,.F.);
#87=ORIENTED_EDGE('',*,*,#519,.F.);
#88=ORIENTED_EDGE('',*,*,#543,.T.);
#89=ORIENTED_EDGE('',*,*,#540,.T.);
#90=ORIENTED_EDGE('',*,*,#544,.F.);
#91=ORIENTED_EDGE('',*,*,#545,.T.);
#92=ORIENTED_EDGE('',*,*,#546,.F.);
#93=ORIENTED_EDGE('',*,*,#547,.T.);
#94=ORIENTED_EDGE('',*,*,#548,.T.);
#95=ORIENTED_EDGE('',*,*,#549,.T.);
#96=ORIENTED_EDGE('',*,*,#550,.T.);
#97=ORIENTED_EDGE('',*,*,#551,.T.);
#98=ORIENTED_EDGE('',*,*,#552,.T.);
#99=ORIENTED_EDGE('',*,*,#553,.T.);
#100=ORIENTED_EDGE('',*,*,#554,.T.);
#101=ORIENTED_EDGE('',*,*,#555,.T.);
#102=ORIENTED_EDGE('',*,*,#556,.T.);
#103=ORIENTED_EDGE('',*,*,#557,.T.);
#104=ORIENTED_EDGE('',*,*,#558,.T.);
#105=ORIENTED_EDGE('',*,*,#559,.T.);
#106=ORIENTED_EDGE('',*,*,#560,.F.);
#107=ORIENTED_EDGE('',*,*,#561,.F.);
#108=ORIENTED_EDGE('',*,*,#562,.F.);
#109=ORIENTED_EDGE('',*,*,#563,.F.);
#110=ORIENTED_EDGE('',*,*,#564,.F.);
#111=ORIENTED_EDGE('',*,*,#565,.F.);
#112=ORIENTED_EDGE('',*,*,#566,.F.);
#113=ORIENTED_EDGE('',*,*,#567,.F.);
#114=ORIENTED_EDGE('',*,*,#568,.T.);
#115=ORIENTED_EDGE('',*,*,#569,.F.);
#116=ORIENTED_EDGE('',*,*,#570,.F.);
#117=ORIENTED_EDGE('',*,*,#571,.F.);
#118=ORIENTED_EDGE('',*,*,#572,.F.);
#119=ORIENTED_EDGE('',*,*,#573,.F.);
#120=ORIENTED_EDGE('',*,*,#574,.F.);
#121=ORIENTED_EDGE('',*,*,#575,.F.);
#122=ORIENTED_EDGE('',*,*,#576,.F.);
#123=ORIENTED_EDGE('',*,*,#577,.T.);
#124=ORIENTED_EDGE('',*,*,#578,.F.);
#125=ORIENTED_EDGE('',*,*,#579,.F.);
#126=ORIENTED_EDGE('',*,*,#580,.F.);
#127=ORIENTED_EDGE('',*,*,#581,.F.);
#128=ORIENTED_EDGE('',*,*,#582,.F.);
#129=ORIENTED_EDGE('',*,*,#583,.F.);
#130=ORIENTED_EDGE('',*,*,#584,.F.);
#131=ORIENTED_EDGE('',*,*,#585,.F.);
#132=ORIENTED_EDGE('',*,*,#586,.T.);
#133=ORIENTED_EDGE('',*,*,#587,.F.);
#134=ORIENTED_EDGE('',*,*,#588,.F.);
#135=ORIENTED_EDGE('',*,*,#589,.F.);
#136=ORIENTED_EDGE('',*,*,#590,.F.);
#137=ORIENTED_EDGE('',*,*,#591,.F.);
#138=ORIENTED_EDGE('',*,*,#592,.F.);
#139=ORIENTED_EDGE('',*,*,#593,.F.);
#140=ORIENTED_EDGE('',*,*,#594,.F.);
#141=ORIENTED_EDGE('',*,*,#595,.T.);
#142=ORIENTED_EDGE('',*,*,#596,.F.);
#143=ORIENTED_EDGE('',*,*,#597,.F.);
#144=ORIENTED_EDGE('',*,*,#598,.F.);
#145=ORIENTED_EDGE('',*,*,#599,.F.);
#146=ORIENTED_EDGE('',*,*,#600,.F.);
#147=ORIENTED_EDGE('',*,*,#601,.F.);
#148=ORIENTED_EDGE('',*,*,#602,.T.);
#149=ORIENTED_EDGE('',*,*,#603,.T.);
#150=ORIENTED_EDGE('',*,*,#604,.T.);
#151=ORIENTED_EDGE('',*,*,#605,.T.);
#152=ORIENTED_EDGE('',*,*,#606,.T.);
#153=ORIENTED_EDGE('',*,*,#531,.T.);
#154=ORIENTED_EDGE('',*,*,#535,.F.);
#155=ORIENTED_EDGE('',*,*,#538,.F.);
#156=ORIENTED_EDGE('',*,*,#541,.F.);
#157=ORIENTED_EDGE('',*,*,#543,.F.);
#158=ORIENTED_EDGE('',*,*,#518,.F.);
#159=ORIENTED_EDGE('',*,*,#522,.F.);
#160=ORIENTED_EDGE('',*,*,#525,.T.);
#161=ORIENTED_EDGE('',*,*,#528,.T.);
#162=ORIENTED_EDGE('',*,*,#607,.T.);
#163=ORIENTED_EDGE('',*,*,#608,.F.);
#164=ORIENTED_EDGE('',*,*,#609,.F.);
#165=ORIENTED_EDGE('',*,*,#610,.F.);
#166=ORIENTED_EDGE('',*,*,#611,.F.);
#167=ORIENTED_EDGE('',*,*,#612,.F.);
#168=ORIENTED_EDGE('',*,*,#613,.F.);
#169=ORIENTED_EDGE('',*,*,#614,.T.);
#170=ORIENTED_EDGE('',*,*,#615,.T.);
#171=ORIENTED_EDGE('',*,*,#616,.T.);
#172=ORIENTED_EDGE('',*,*,#617,.F.);
#173=ORIENTED_EDGE('',*,*,#526,.F.);
#174=ORIENTED_EDGE('',*,*,#523,.F.);
#175=ORIENTED_EDGE('',*,*,#520,.T.);
#176=ORIENTED_EDGE('',*,*,#516,.T.);
#177=ORIENTED_EDGE('',*,*,#542,.T.);
#178=ORIENTED_EDGE('',*,*,#539,.T.);
#179=ORIENTED_EDGE('',*,*,#536,.T.);
#180=ORIENTED_EDGE('',*,*,#533,.T.);
#181=ORIENTED_EDGE('',*,*,#529,.F.);
#182=ORIENTED_EDGE('',*,*,#618,.F.);
#183=ORIENTED_EDGE('',*,*,#619,.F.);
#184=ORIENTED_EDGE('',*,*,#620,.F.);
#185=ORIENTED_EDGE('',*,*,#621,.F.);
#186=ORIENTED_EDGE('',*,*,#622,.F.);
#187=ORIENTED_EDGE('',*,*,#623,.T.);
#188=ORIENTED_EDGE('',*,*,#624,.T.);
#189=ORIENTED_EDGE('',*,*,#625,.T.);
#190=ORIENTED_EDGE('',*,*,#626,.T.);
#191=ORIENTED_EDGE('',*,*,#627,.T.);
#192=ORIENTED_EDGE('',*,*,#628,.T.);
#193=ORIENTED_EDGE('',*,*,#629,.F.);
#194=ORIENTED_EDGE('',*,*,#630,.T.);
#195=ORIENTED_EDGE('',*,*,#631,.T.);
#196=ORIENTED_EDGE('',*,*,#632,.T.);
#197=ORIENTED_EDGE('',*,*,#633,.T.);
#198=ORIENTED_EDGE('',*,*,#634,.T.);
#199=ORIENTED_EDGE('',*,*,#635,.T.);
#200=ORIENTED_EDGE('',*,*,#636,.T.);
#201=ORIENTED_EDGE('',*,*,#637,.T.);
#202=ORIENTED_EDGE('',*,*,#638,.F.);
#203=ORIENTED_EDGE('',*,*,#639,.T.);
#204=ORIENTED_EDGE('',*,*,#640,.T.);
#205=ORIENTED_EDGE('',*,*,#641,.T.);
#206=ORIENTED_EDGE('',*,*,#642,.T.);
#207=ORIENTED_EDGE('',*,*,#643,.T.);
#208=ORIENTED_EDGE('',*,*,#644,.T.);
#209=ORIENTED_EDGE('',*,*,#645,.T.);
#210=ORIENTED_EDGE('',*,*,#646,.T.);
#211=ORIENTED_EDGE('',*,*,#647,.F.);
#212=ORIENTED_EDGE('',*,*,#648,.T.);
#213=ORIENTED_EDGE('',*,*,#649,.T.);
#214=ORIENTED_EDGE('',*,*,#650,.T.);
#215=ORIENTED_EDGE('',*,*,#651,.T.);
#216=ORIENTED_EDGE('',*,*,#652,.T.);
#217=ORIENTED_EDGE('',*,*,#653,.T.);
#218=ORIENTED_EDGE('',*,*,#654,.T.);
#219=ORIENTED_EDGE('',*,*,#655,.T.);
#220=ORIENTED_EDGE('',*,*,#656,.F.);
#221=ORIENTED_EDGE('',*,*,#657,.T.);
#222=ORIENTED_EDGE('',*,*,#658,.T.);
#223=ORIENTED_EDGE('',*,*,#659,.T.);
#224=ORIENTED_EDGE('',*,*,#660,.T.);
#225=ORIENTED_EDGE('',*,*,#661,.T.);
#226=ORIENTED_EDGE('',*,*,#662,.T.);
#227=ORIENTED_EDGE('',*,*,#663,.T.);
#228=ORIENTED_EDGE('',*,*,#664,.T.);
#229=ORIENTED_EDGE('',*,*,#665,.F.);
#230=ORIENTED_EDGE('',*,*,#666,.F.);
#231=ORIENTED_EDGE('',*,*,#667,.F.);
#232=ORIENTED_EDGE('',*,*,#668,.F.);
#233=ORIENTED_EDGE('',*,*,#669,.F.);
#234=ORIENTED_EDGE('',*,*,#670,.F.);
#235=ORIENTED_EDGE('',*,*,#671,.F.);
#236=ORIENTED_EDGE('',*,*,#672,.F.);
#237=ORIENTED_EDGE('',*,*,#673,.F.);
#238=ORIENTED_EDGE('',*,*,#674,.F.);
#239=ORIENTED_EDGE('',*,*,#675,.F.);
#240=ORIENTED_EDGE('',*,*,#676,.F.);
#241=ORIENTED_EDGE('',*,*,#677,.F.);
#242=ORIENTED_EDGE('',*,*,#678,.T.);
#243=ORIENTED_EDGE('',*,*,#679,.T.);
#244=ORIENTED_EDGE('',*,*,#680,.T.);
#245=ORIENTED_EDGE('',*,*,#681,.T.);
#246=ORIENTED_EDGE('',*,*,#682,.T.);
#247=ORIENTED_EDGE('',*,*,#683,.T.);
#248=ORIENTED_EDGE('',*,*,#618,.T.);
#249=ORIENTED_EDGE('',*,*,#532,.F.);
#250=ORIENTED_EDGE('',*,*,#606,.F.);
#251=ORIENTED_EDGE('',*,*,#684,.T.);
#252=ORIENTED_EDGE('',*,*,#607,.F.);
#253=ORIENTED_EDGE('',*,*,#527,.T.);
#254=ORIENTED_EDGE('',*,*,#617,.T.);
#255=ORIENTED_EDGE('',*,*,#685,.F.);
#256=ORIENTED_EDGE('',*,*,#616,.F.);
#257=ORIENTED_EDGE('',*,*,#686,.T.);
#258=ORIENTED_EDGE('',*,*,#544,.T.);
#259=ORIENTED_EDGE('',*,*,#685,.T.);
#260=ORIENTED_EDGE('',*,*,#546,.T.);
#261=ORIENTED_EDGE('',*,*,#687,.T.);
#262=ORIENTED_EDGE('',*,*,#614,.F.);
#263=ORIENTED_EDGE('',*,*,#688,.F.);
#264=ORIENTED_EDGE('',*,*,#677,.T.);
#265=ORIENTED_EDGE('',*,*,#689,.F.);
#266=ORIENTED_EDGE('',*,*,#547,.F.);
#267=ORIENTED_EDGE('',*,*,#688,.T.);
#268=ORIENTED_EDGE('',*,*,#676,.T.);
#269=ORIENTED_EDGE('',*,*,#690,.F.);
#270=ORIENTED_EDGE('',*,*,#548,.F.);
#271=ORIENTED_EDGE('',*,*,#689,.T.);
#272=ORIENTED_EDGE('',*,*,#675,.T.);
#273=ORIENTED_EDGE('',*,*,#691,.F.);
#274=ORIENTED_EDGE('',*,*,#549,.F.);
#275=ORIENTED_EDGE('',*,*,#690,.T.);
#276=ORIENTED_EDGE('',*,*,#674,.T.);
#277=ORIENTED_EDGE('',*,*,#692,.F.);
#278=ORIENTED_EDGE('',*,*,#550,.F.);
#279=ORIENTED_EDGE('',*,*,#691,.T.);
#280=ORIENTED_EDGE('',*,*,#673,.T.);
#281=ORIENTED_EDGE('',*,*,#693,.F.);
#282=ORIENTED_EDGE('',*,*,#551,.F.);
#283=ORIENTED_EDGE('',*,*,#692,.T.);
#284=ORIENTED_EDGE('',*,*,#672,.T.);
#285=ORIENTED_EDGE('',*,*,#694,.F.);
#286=ORIENTED_EDGE('',*,*,#552,.F.);
#287=ORIENTED_EDGE('',*,*,#693,.T.);
#288=ORIENTED_EDGE('',*,*,#671,.T.);
#289=ORIENTED_EDGE('',*,*,#695,.F.);
#290=ORIENTED_EDGE('',*,*,#553,.F.);
#291=ORIENTED_EDGE('',*,*,#694,.T.);
#292=ORIENTED_EDGE('',*,*,#670,.T.);
#293=ORIENTED_EDGE('',*,*,#696,.F.);
#294=ORIENTED_EDGE('',*,*,#554,.F.);
#295=ORIENTED_EDGE('',*,*,#695,.T.);
#296=ORIENTED_EDGE('',*,*,#669,.T.);
#297=ORIENTED_EDGE('',*,*,#697,.F.);
#298=ORIENTED_EDGE('',*,*,#555,.F.);
#299=ORIENTED_EDGE('',*,*,#696,.T.);
#300=ORIENTED_EDGE('',*,*,#668,.T.);
#301=ORIENTED_EDGE('',*,*,#698,.F.);
#302=ORIENTED_EDGE('',*,*,#556,.F.);
#303=ORIENTED_EDGE('',*,*,#697,.T.);
#304=ORIENTED_EDGE('',*,*,#667,.T.);
#305=ORIENTED_EDGE('',*,*,#699,.F.);
#306=ORIENTED_EDGE('',*,*,#557,.F.);
#307=ORIENTED_EDGE('',*,*,#698,.T.);
#308=ORIENTED_EDGE('',*,*,#666,.T.);
#309=ORIENTED_EDGE('',*,*,#700,.F.);
#310=ORIENTED_EDGE('',*,*,#558,.F.);
#311=ORIENTED_EDGE('',*,*,#699,.T.);
#312=ORIENTED_EDGE('',*,*,#665,.T.);
#313=ORIENTED_EDGE('',*,*,#701,.F.);
#314=ORIENTED_EDGE('',*,*,#559,.F.);
#315=ORIENTED_EDGE('',*,*,#700,.T.);
#316=ORIENTED_EDGE('',*,*,#664,.F.);
#317=ORIENTED_EDGE('',*,*,#702,.F.);
#318=ORIENTED_EDGE('',*,*,#560,.T.);
#319=ORIENTED_EDGE('',*,*,#701,.T.);
#320=ORIENTED_EDGE('',*,*,#663,.F.);
#321=ORIENTED_EDGE('',*,*,#703,.F.);
#322=ORIENTED_EDGE('',*,*,#561,.T.);
#323=ORIENTED_EDGE('',*,*,#702,.T.);
#324=ORIENTED_EDGE('',*,*,#662,.F.);
#325=ORIENTED_EDGE('',*,*,#704,.F.);
#326=ORIENTED_EDGE('',*,*,#562,.T.);
#327=ORIENTED_EDGE('',*,*,#703,.T.);
#328=ORIENTED_EDGE('',*,*,#661,.F.);
#329=ORIENTED_EDGE('',*,*,#705,.F.);
#330=ORIENTED_EDGE('',*,*,#563,.T.);
#331=ORIENTED_EDGE('',*,*,#704,.T.);
#332=ORIENTED_EDGE('',*,*,#660,.F.);
#333=ORIENTED_EDGE('',*,*,#706,.F.);
#334=ORIENTED_EDGE('',*,*,#564,.T.);
#335=ORIENTED_EDGE('',*,*,#705,.T.);
#336=ORIENTED_EDGE('',*,*,#659,.F.);
#337=ORIENTED_EDGE('',*,*,#707,.F.);
#338=ORIENTED_EDGE('',*,*,#565,.T.);
#339=ORIENTED_EDGE('',*,*,#706,.T.);
#340=ORIENTED_EDGE('',*,*,#658,.F.);
#341=ORIENTED_EDGE('',*,*,#708,.F.);
#342=ORIENTED_EDGE('',*,*,#566,.T.);
#343=ORIENTED_EDGE('',*,*,#707,.T.);
#344=ORIENTED_EDGE('',*,*,#657,.F.);
#345=ORIENTED_EDGE('',*,*,#709,.F.);
#346=ORIENTED_EDGE('',*,*,#567,.T.);
#347=ORIENTED_EDGE('',*,*,#708,.T.);
#348=ORIENTED_EDGE('',*,*,#656,.T.);
#349=ORIENTED_EDGE('',*,*,#710,.F.);
#350=ORIENTED_EDGE('',*,*,#568,.F.);
#351=ORIENTED_EDGE('',*,*,#709,.T.);
#352=ORIENTED_EDGE('',*,*,#655,.F.);
#353=ORIENTED_EDGE('',*,*,#711,.F.);
#354=ORIENTED_EDGE('',*,*,#569,.T.);
#355=ORIENTED_EDGE('',*,*,#710,.T.);
#356=ORIENTED_EDGE('',*,*,#654,.F.);
#357=ORIENTED_EDGE('',*,*,#712,.F.);
#358=ORIENTED_EDGE('',*,*,#570,.T.);
#359=ORIENTED_EDGE('',*,*,#711,.T.);
#360=ORIENTED_EDGE('',*,*,#653,.F.);
#361=ORIENTED_EDGE('',*,*,#713,.F.);
#362=ORIENTED_EDGE('',*,*,#571,.T.);
#363=ORIENTED_EDGE('',*,*,#712,.T.);
#364=ORIENTED_EDGE('',*,*,#652,.F.);
#365=ORIENTED_EDGE('',*,*,#714,.F.);
#366=ORIENTED_EDGE('',*,*,#572,.T.);
#367=ORIENTED_EDGE('',*,*,#713,.T.);
#368=ORIENTED_EDGE('',*,*,#651,.F.);
#369=ORIENTED_EDGE('',*,*,#715,.F.);
#370=ORIENTED_EDGE('',*,*,#573,.T.);
#371=ORIENTED_EDGE('',*,*,#714,.T.);
#372=ORIENTED_EDGE('',*,*,#650,.F.);
#373=ORIENTED_EDGE('',*,*,#716,.F.);
#374=ORIENTED_EDGE('',*,*,#574,.T.);
#375=ORIENTED_EDGE('',*,*,#715,.T.);
#376=ORIENTED_EDGE('',*,*,#649,.F.);
#377=ORIENTED_EDGE('',*,*,#717,.F.);
#378=ORIENTED_EDGE('',*,*,#575,.T.);
#379=ORIENTED_EDGE('',*,*,#716,.T.);
#380=ORIENTED_EDGE('',*,*,#648,.F.);
#381=ORIENTED_EDGE('',*,*,#718,.F.);
#382=ORIENTED_EDGE('',*,*,#576,.T.);
#383=ORIENTED_EDGE('',*,*,#717,.T.);
#384=ORIENTED_EDGE('',*,*,#647,.T.);
#385=ORIENTED_EDGE('',*,*,#719,.F.);
#386=ORIENTED_EDGE('',*,*,#577,.F.);
#387=ORIENTED_EDGE('',*,*,#718,.T.);
#388=ORIENTED_EDGE('',*,*,#646,.F.);
#389=ORIENTED_EDGE('',*,*,#720,.F.);
#390=ORIENTED_EDGE('',*,*,#578,.T.);
#391=ORIENTED_EDGE('',*,*,#719,.T.);
#392=ORIENTED_EDGE('',*,*,#645,.F.);
#393=ORIENTED_EDGE('',*,*,#721,.F.);
#394=ORIENTED_EDGE('',*,*,#579,.T.);
#395=ORIENTED_EDGE('',*,*,#720,.T.);
#396=ORIENTED_EDGE('',*,*,#644,.F.);
#397=ORIENTED_EDGE('',*,*,#722,.F.);
#398=ORIENTED_EDGE('',*,*,#580,.T.);
#399=ORIENTED_EDGE('',*,*,#721,.T.);
#400=ORIENTED_EDGE('',*,*,#643,.F.);
#401=ORIENTED_EDGE('',*,*,#723,.F.);
#402=ORIENTED_EDGE('',*,*,#581,.T.);
#403=ORIENTED_EDGE('',*,*,#722,.T.);
#404=ORIENTED_EDGE('',*,*,#642,.F.);
#405=ORIENTED_EDGE('',*,*,#724,.F.);
#406=ORIENTED_EDGE('',*,*,#582,.T.);
#407=ORIENTED_EDGE('',*,*,#723,.T.);
#408=ORIENTED_EDGE('',*,*,#641,.F.);
#409=ORIENTED_EDGE('',*,*,#725,.F.);
#410=ORIENTED_EDGE('',*,*,#583,.T.);
#411=ORIENTED_EDGE('',*,*,#724,.T.);
#412=ORIENTED_EDGE('',*,*,#640,.F.);
#413=ORIENTED_EDGE('',*,*,#726,.F.);
#414=ORIENTED_EDGE('',*,*,#584,.T.);
#415=ORIENTED_EDGE('',*,*,#725,.T.);
#416=ORIENTED_EDGE('',*,*,#639,.F.);
#417=ORIENTED_EDGE('',*,*,#727,.F.);
#418=ORIENTED_EDGE('',*,*,#585,.T.);
#419=ORIENTED_EDGE('',*,*,#726,.T.);
#420=ORIENTED_EDGE('',*,*,#638,.T.);
#421=ORIENTED_EDGE('',*,*,#728,.F.);
#422=ORIENTED_EDGE('',*,*,#586,.F.);
#423=ORIENTED_EDGE('',*,*,#727,.T.);
#424=ORIENTED_EDGE('',*,*,#637,.F.);
#425=ORIENTED_EDGE('',*,*,#729,.F.);
#426=ORIENTED_EDGE('',*,*,#587,.T.);
#427=ORIENTED_EDGE('',*,*,#728,.T.);
#428=ORIENTED_EDGE('',*,*,#636,.F.);
#429=ORIENTED_EDGE('',*,*,#730,.F.);
#430=ORIENTED_EDGE('',*,*,#588,.T.);
#431=ORIENTED_EDGE('',*,*,#729,.T.);
#432=ORIENTED_EDGE('',*,*,#635,.F.);
#433=ORIENTED_EDGE('',*,*,#731,.F.);
#434=ORIENTED_EDGE('',*,*,#589,.T.);
#435=ORIENTED_EDGE('',*,*,#730,.T.);
#436=ORIENTED_EDGE('',*,*,#634,.F.);
#437=ORIENTED_EDGE('',*,*,#732,.F.);
#438=ORIENTED_EDGE('',*,*,#590,.T.);
#439=ORIENTED_EDGE('',*,*,#731,.T.);
#440=ORIENTED_EDGE('',*,*,#633,.F.);
#441=ORIENTED_EDGE('',*,*,#733,.F.);
#442=ORIENTED_EDGE('',*,*,#591,.T.);
#443=ORIENTED_EDGE('',*,*,#732,.T.);
#444=ORIENTED_EDGE('',*,*,#632,.F.);
#445=ORIENTED_EDGE('',*,*,#734,.F.);
#446=ORIENTED_EDGE('',*,*,#592,.T.);
#447=ORIENTED_EDGE('',*,*,#733,.T.);
#448=ORIENTED_EDGE('',*,*,#631,.F.);
#449=ORIENTED_EDGE('',*,*,#735,.F.);
#450=ORIENTED_EDGE('',*,*,#593,.T.);
#451=ORIENTED_EDGE('',*,*,#734,.T.);
#452=ORIENTED_EDGE('',*,*,#630,.F.);
#453=ORIENTED_EDGE('',*,*,#736,.F.);
#454=ORIENTED_EDGE('',*,*,#594,.T.);
#455=ORIENTED_EDGE('',*,*,#735,.T.);
#456=ORIENTED_EDGE('',*,*,#629,.T.);
#457=ORIENTED_EDGE('',*,*,#737,.F.);
#458=ORIENTED_EDGE('',*,*,#595,.F.);
#459=ORIENTED_EDGE('',*,*,#736,.T.);
#460=ORIENTED_EDGE('',*,*,#628,.F.);
#461=ORIENTED_EDGE('',*,*,#738,.F.);
#462=ORIENTED_EDGE('',*,*,#596,.T.);
#463=ORIENTED_EDGE('',*,*,#737,.T.);
#464=ORIENTED_EDGE('',*,*,#627,.F.);
#465=ORIENTED_EDGE('',*,*,#739,.F.);
#466=ORIENTED_EDGE('',*,*,#597,.T.);
#467=ORIENTED_EDGE('',*,*,#738,.T.);
#468=ORIENTED_EDGE('',*,*,#626,.F.);
#469=ORIENTED_EDGE('',*,*,#740,.F.);
#470=ORIENTED_EDGE('',*,*,#598,.T.);
#471=ORIENTED_EDGE('',*,*,#739,.T.);
#472=ORIENTED_EDGE('',*,*,#625,.F.);
#473=ORIENTED_EDGE('',*,*,#741,.F.);
#474=ORIENTED_EDGE('',*,*,#599,.T.);
#475=ORIENTED_EDGE('',*,*,#740,.T.);
#476=ORIENTED_EDGE('',*,*,#624,.F.);
#477=ORIENTED_EDGE('',*,*,#742,.F.);
#478=ORIENTED_EDGE('',*,*,#600,.T.);
#479=ORIENTED_EDGE('',*,*,#741,.T.);
#480=ORIENTED_EDGE('',*,*,#623,.F.);
#481=ORIENTED_EDGE('',*,*,#743,.F.);
#482=ORIENTED_EDGE('',*,*,#601,.T.);
#483=ORIENTED_EDGE('',*,*,#742,.T.);
#484=ORIENTED_EDGE('',*,*,#622,.T.);
#485=ORIENTED_EDGE('',*,*,#744,.F.);
#486=ORIENTED_EDGE('',*,*,#602,.F.);
#487=ORIENTED_EDGE('',*,*,#743,.T.);
#488=ORIENTED_EDGE('',*,*,#621,.T.);
#489=ORIENTED_EDGE('',*,*,#745,.F.);
#490=ORIENTED_EDGE('',*,*,#603,.F.);
#491=ORIENTED_EDGE('',*,*,#744,.T.);
#492=ORIENTED_EDGE('',*,*,#620,.T.);
#493=ORIENTED_EDGE('',*,*,#746,.F.);
#494=ORIENTED_EDGE('',*,*,#604,.F.);
#495=ORIENTED_EDGE('',*,*,#745,.T.);
#496=ORIENTED_EDGE('',*,*,#609,.T.);
#497=ORIENTED_EDGE('',*,*,#682,.F.);
#498=ORIENTED_EDGE('',*,*,#610,.T.);
#499=ORIENTED_EDGE('',*,*,#681,.F.);
#500=ORIENTED_EDGE('',*,*,#611,.T.);
#501=ORIENTED_EDGE('',*,*,#680,.F.);
#502=ORIENTED_EDGE('',*,*,#612,.T.);
#503=ORIENTED_EDGE('',*,*,#679,.F.);
#504=ORIENTED_EDGE('',*,*,#613,.T.);
#505=ORIENTED_EDGE('',*,*,#678,.F.);
#506=ORIENTED_EDGE('',*,*,#619,.T.);
#507=ORIENTED_EDGE('',*,*,#684,.F.);
#508=ORIENTED_EDGE('',*,*,#605,.F.);
#509=ORIENTED_EDGE('',*,*,#746,.T.);
#510=ORIENTED_EDGE('',*,*,#608,.T.);
#511=ORIENTED_EDGE('',*,*,#683,.F.);
#512=ORIENTED_EDGE('',*,*,#545,.F.);
#513=ORIENTED_EDGE('',*,*,#686,.F.);
#514=ORIENTED_EDGE('',*,*,#615,.F.);
#515=ORIENTED_EDGE('',*,*,#687,.F.);
#516=EDGE_CURVE('',#747,#748,#905,.T.);
#517=EDGE_CURVE('',#749,#747,#906,.T.);
#518=EDGE_CURVE('',#749,#750,#907,.T.);
#519=EDGE_CURVE('',#750,#748,#908,.T.);
#520=EDGE_CURVE('',#751,#747,#909,.T.);
#521=EDGE_CURVE('',#752,#751,#910,.T.);
#522=EDGE_CURVE('',#752,#749,#911,.T.);
#523=EDGE_CURVE('',#751,#753,#912,.T.);
#524=EDGE_CURVE('',#754,#753,#913,.T.);
#525=EDGE_CURVE('',#752,#754,#914,.T.);
#526=EDGE_CURVE('',#753,#755,#42,.T.);
#527=EDGE_CURVE('',#756,#755,#915,.T.);
#528=EDGE_CURVE('',#754,#756,#43,.T.);
#529=EDGE_CURVE('',#757,#758,#44,.T.);
#530=EDGE_CURVE('',#759,#758,#916,.T.);
#531=EDGE_CURVE('',#760,#759,#45,.T.);
#532=EDGE_CURVE('',#760,#757,#917,.T.);
#533=EDGE_CURVE('',#761,#758,#918,.T.);
#534=EDGE_CURVE('',#762,#761,#919,.T.);
#535=EDGE_CURVE('',#762,#759,#920,.T.);
#536=EDGE_CURVE('',#763,#761,#921,.T.);
#537=EDGE_CURVE('',#764,#763,#922,.T.);
#538=EDGE_CURVE('',#764,#762,#923,.T.);
#539=EDGE_CURVE('',#765,#763,#924,.T.);
#540=EDGE_CURVE('',#766,#765,#925,.T.);
#541=EDGE_CURVE('',#766,#764,#926,.T.);
#542=EDGE_CURVE('',#748,#765,#927,.T.);
#543=EDGE_CURVE('',#750,#766,#928,.T.);
#544=EDGE_CURVE('',#767,#768,#22,.T.);
#545=EDGE_CURVE('',#767,#769,#23,.T.);
#546=EDGE_CURVE('',#770,#769,#929,.T.);
#547=EDGE_CURVE('',#770,#771,#46,.T.);
#548=EDGE_CURVE('',#771,#772,#24,.T.);
#549=EDGE_CURVE('',#772,#773,#25,.T.);
#550=EDGE_CURVE('',#773,#774,#930,.T.);
#551=EDGE_CURVE('',#774,#775,#931,.T.);
#552=EDGE_CURVE('',#775,#776,#932,.T.);
#553=EDGE_CURVE('',#776,#777,#933,.T.);
#554=EDGE_CURVE('',#777,#778,#934,.T.);
#555=EDGE_CURVE('',#778,#779,#935,.T.);
#556=EDGE_CURVE('',#779,#780,#936,.T.);
#557=EDGE_CURVE('',#780,#781,#937,.T.);
#558=EDGE_CURVE('',#781,#782,#938,.T.);
#559=EDGE_CURVE('',#782,#783,#939,.T.);
#560=EDGE_CURVE('',#784,#783,#940,.T.);
#561=EDGE_CURVE('',#785,#784,#941,.T.);
#562=EDGE_CURVE('',#786,#785,#942,.T.);
#563=EDGE_CURVE('',#787,#786,#943,.T.);
#564=EDGE_CURVE('',#788,#787,#944,.T.);
#565=EDGE_CURVE('',#789,#788,#945,.T.);
#566=EDGE_CURVE('',#790,#789,#946,.T.);
#567=EDGE_CURVE('',#791,#790,#947,.T.);
#568=EDGE_CURVE('',#791,#792,#948,.T.);
#569=EDGE_CURVE('',#793,#792,#949,.T.);
#570=EDGE_CURVE('',#794,#793,#950,.T.);
#571=EDGE_CURVE('',#795,#794,#951,.T.);
#572=EDGE_CURVE('',#796,#795,#952,.T.);
#573=EDGE_CURVE('',#797,#796,#953,.T.);
#574=EDGE_CURVE('',#798,#797,#954,.T.);
#575=EDGE_CURVE('',#799,#798,#955,.T.);
#576=EDGE_CURVE('',#800,#799,#956,.T.);
#577=EDGE_CURVE('',#800,#801,#957,.T.);
#578=EDGE_CURVE('',#802,#801,#958,.T.);
#579=EDGE_CURVE('',#803,#802,#959,.T.);
#580=EDGE_CURVE('',#804,#803,#960,.T.);
#581=EDGE_CURVE('',#805,#804,#961,.T.);
#582=EDGE_CURVE('',#806,#805,#962,.T.);
#583=EDGE_CURVE('',#807,#806,#963,.T.);
#584=EDGE_CURVE('',#808,#807,#964,.T.);
#585=EDGE_CURVE('',#809,#808,#965,.T.);
#586=EDGE_CURVE('',#809,#810,#966,.T.);
#587=EDGE_CURVE('',#811,#810,#967,.T.);
#588=EDGE_CURVE('',#812,#811,#968,.T.);
#589=EDGE_CURVE('',#813,#812,#969,.T.);
#590=EDGE_CURVE('',#814,#813,#970,.T.);
#591=EDGE_CURVE('',#815,#814,#971,.T.);
#592=EDGE_CURVE('',#816,#815,#972,.T.);
#593=EDGE_CURVE('',#817,#816,#973,.T.);
#594=EDGE_CURVE('',#818,#817,#974,.T.);
#595=EDGE_CURVE('',#818,#819,#975,.T.);
#596=EDGE_CURVE('',#820,#819,#976,.T.);
#597=EDGE_CURVE('',#821,#820,#977,.T.);
#598=EDGE_CURVE('',#822,#821,#978,.T.);
#599=EDGE_CURVE('',#823,#822,#979,.T.);
#600=EDGE_CURVE('',#824,#823,#980,.T.);
#601=EDGE_CURVE('',#825,#824,#981,.T.);
#602=EDGE_CURVE('',#825,#826,#982,.T.);
#603=EDGE_CURVE('',#826,#827,#983,.T.);
#604=EDGE_CURVE('',#827,#828,#984,.T.);
#605=EDGE_CURVE('',#828,#829,#47,.T.);
#606=EDGE_CURVE('',#829,#760,#985,.T.);
#607=EDGE_CURVE('',#756,#768,#986,.T.);
#608=EDGE_CURVE('',#830,#830,#26,.T.);
#609=EDGE_CURVE('',#831,#831,#27,.T.);
#610=EDGE_CURVE('',#832,#832,#28,.T.);
#611=EDGE_CURVE('',#833,#833,#29,.T.);
#612=EDGE_CURVE('',#834,#834,#30,.T.);
#613=EDGE_CURVE('',#835,#835,#31,.T.);
#614=EDGE_CURVE('',#836,#837,#987,.T.);
#615=EDGE_CURVE('',#837,#838,#32,.F.);
#616=EDGE_CURVE('',#838,#839,#33,.T.);
#617=EDGE_CURVE('',#755,#839,#988,.T.);
#618=EDGE_CURVE('',#840,#757,#989,.T.);
#619=EDGE_CURVE('',#841,#840,#48,.T.);
#620=EDGE_CURVE('',#842,#841,#990,.T.);
#621=EDGE_CURVE('',#843,#842,#991,.T.);
#622=EDGE_CURVE('',#844,#843,#992,.T.);
#623=EDGE_CURVE('',#844,#845,#993,.T.);
#624=EDGE_CURVE('',#845,#846,#994,.T.);
#625=EDGE_CURVE('',#846,#847,#995,.T.);
#626=EDGE_CURVE('',#847,#848,#996,.T.);
#627=EDGE_CURVE('',#848,#849,#997,.T.);
#628=EDGE_CURVE('',#849,#850,#998,.T.);
#629=EDGE_CURVE('',#851,#850,#999,.T.);
#630=EDGE_CURVE('',#851,#852,#1000,.T.);
#631=EDGE_CURVE('',#852,#853,#1001,.T.);
#632=EDGE_CURVE('',#853,#854,#1002,.T.);
#633=EDGE_CURVE('',#854,#855,#1003,.T.);
#634=EDGE_CURVE('',#855,#856,#1004,.T.);
#635=EDGE_CURVE('',#856,#857,#1005,.T.);
#636=EDGE_CURVE('',#857,#858,#1006,.T.);
#637=EDGE_CURVE('',#858,#859,#1007,.T.);
#638=EDGE_CURVE('',#860,#859,#1008,.T.);
#639=EDGE_CURVE('',#860,#861,#1009,.T.);
#640=EDGE_CURVE('',#861,#862,#1010,.T.);
#641=EDGE_CURVE('',#862,#863,#1011,.T.);
#642=EDGE_CURVE('',#863,#864,#1012,.T.);
#643=EDGE_CURVE('',#864,#865,#1013,.T.);
#644=EDGE_CURVE('',#865,#866,#1014,.T.);
#645=EDGE_CURVE('',#866,#867,#1015,.T.);
#646=EDGE_CURVE('',#867,#868,#1016,.T.);
#647=EDGE_CURVE('',#869,#868,#1017,.T.);
#648=EDGE_CURVE('',#869,#870,#1018,.T.);
#649=EDGE_CURVE('',#870,#871,#1019,.T.);
#650=EDGE_CURVE('',#871,#872,#1020,.T.);
#651=EDGE_CURVE('',#872,#873,#1021,.T.);
#652=EDGE_CURVE('',#873,#874,#1022,.T.);
#653=EDGE_CURVE('',#874,#875,#1023,.T.);
#654=EDGE_CURVE('',#875,#876,#1024,.T.);
#655=EDGE_CURVE('',#876,#877,#1025,.T.);
#656=EDGE_CURVE('',#878,#877,#1026,.T.);
#657=EDGE_CURVE('',#878,#879,#1027,.T.);
#658=EDGE_CURVE('',#879,#880,#1028,.T.);
#659=EDGE_CURVE('',#880,#881,#1029,.T.);
#660=EDGE_CURVE('',#881,#882,#1030,.T.);
#661=EDGE_CURVE('',#882,#883,#1031,.T.);
#662=EDGE_CURVE('',#883,#884,#1032,.T.);
#663=EDGE_CURVE('',#884,#885,#1033,.T.);
#664=EDGE_CURVE('',#885,#886,#1034,.T.);
#665=EDGE_CURVE('',#887,#886,#1035,.T.);
#666=EDGE_CURVE('',#888,#887,#1036,.T.);
#667=EDGE_CURVE('',#889,#888,#1037,.T.);
#668=EDGE_CURVE('',#890,#889,#1038,.T.);
#669=EDGE_CURVE('',#891,#890,#1039,.T.);
#670=EDGE_CURVE('',#892,#891,#1040,.T.);
#671=EDGE_CURVE('',#893,#892,#1041,.T.);
#672=EDGE_CURVE('',#894,#893,#1042,.T.);
#673=EDGE_CURVE('',#895,#894,#1043,.T.);
#674=EDGE_CURVE('',#896,#895,#1044,.T.);
#675=EDGE_CURVE('',#897,#896,#34,.T.);
#676=EDGE_CURVE('',#898,#897,#35,.T.);
#677=EDGE_CURVE('',#836,#898,#49,.T.);
#678=EDGE_CURVE('',#899,#899,#36,.T.);
#679=EDGE_CURVE('',#900,#900,#37,.T.);
#680=EDGE_CURVE('',#901,#901,#38,.T.);
#681=EDGE_CURVE('',#902,#902,#39,.T.);
#682=EDGE_CURVE('',#903,#903,#40,.T.);
#683=EDGE_CURVE('',#904,#904,#41,.T.);
#684=EDGE_CURVE('',#829,#840,#1045,.T.);
#685=EDGE_CURVE('',#768,#839,#1046,.T.);
#686=EDGE_CURVE('',#838,#767,#1047,.F.);
#687=EDGE_CURVE('',#769,#837,#1048,.T.);
#688=EDGE_CURVE('',#770,#836,#1049,.T.);
#689=EDGE_CURVE('',#771,#898,#1050,.T.);
#690=EDGE_CURVE('',#772,#897,#1051,.T.);
#691=EDGE_CURVE('',#773,#896,#1052,.T.);
#692=EDGE_CURVE('',#774,#895,#1053,.T.);
#693=EDGE_CURVE('',#775,#894,#1054,.T.);
#694=EDGE_CURVE('',#776,#893,#1055,.T.);
#695=EDGE_CURVE('',#777,#892,#1056,.T.);
#696=EDGE_CURVE('',#778,#891,#1057,.T.);
#697=EDGE_CURVE('',#779,#890,#1058,.T.);
#698=EDGE_CURVE('',#780,#889,#1059,.T.);
#699=EDGE_CURVE('',#781,#888,#1060,.T.);
#700=EDGE_CURVE('',#782,#887,#1061,.T.);
#701=EDGE_CURVE('',#783,#886,#1062,.T.);
#702=EDGE_CURVE('',#784,#885,#1063,.T.);
#703=EDGE_CURVE('',#785,#884,#1064,.T.);
#704=EDGE_CURVE('',#786,#883,#1065,.T.);
#705=EDGE_CURVE('',#787,#882,#1066,.T.);
#706=EDGE_CURVE('',#788,#881,#1067,.T.);
#707=EDGE_CURVE('',#789,#880,#1068,.T.);
#708=EDGE_CURVE('',#790,#879,#1069,.T.);
#709=EDGE_CURVE('',#791,#878,#1070,.T.);
#710=EDGE_CURVE('',#792,#877,#1071,.T.);
#711=EDGE_CURVE('',#793,#876,#1072,.T.);
#712=EDGE_CURVE('',#794,#875,#1073,.T.);
#713=EDGE_CURVE('',#795,#874,#1074,.T.);
#714=EDGE_CURVE('',#796,#873,#1075,.T.);
#715=EDGE_CURVE('',#797,#872,#1076,.T.);
#716=EDGE_CURVE('',#798,#871,#1077,.T.);
#717=EDGE_CURVE('',#799,#870,#1078,.T.);
#718=EDGE_CURVE('',#800,#869,#1079,.T.);
#719=EDGE_CURVE('',#801,#868,#1080,.T.);
#720=EDGE_CURVE('',#802,#867,#1081,.T.);
#721=EDGE_CURVE('',#803,#866,#1082,.T.);
#722=EDGE_CURVE('',#804,#865,#1083,.T.);
#723=EDGE_CURVE('',#805,#864,#1084,.T.);
#724=EDGE_CURVE('',#806,#863,#1085,.T.);
#725=EDGE_CURVE('',#807,#862,#1086,.T.);
#726=EDGE_CURVE('',#808,#861,#1087,.T.);
#727=EDGE_CURVE('',#809,#860,#1088,.T.);
#728=EDGE_CURVE('',#810,#859,#1089,.T.);
#729=EDGE_CURVE('',#811,#858,#1090,.T.);
#730=EDGE_CURVE('',#812,#857,#1091,.T.);
#731=EDGE_CURVE('',#813,#856,#1092,.T.);
#732=EDGE_CURVE('',#814,#855,#1093,.T.);
#733=EDGE_CURVE('',#815,#854,#1094,.T.);
#734=EDGE_CURVE('',#816,#853,#1095,.T.);
#735=EDGE_CURVE('',#817,#852,#1096,.T.);
#736=EDGE_CURVE('',#818,#851,#1097,.T.);
#737=EDGE_CURVE('',#819,#850,#1098,.T.);
#738=EDGE_CURVE('',#820,#849,#1099,.T.);
#739=EDGE_CURVE('',#821,#848,#1100,.T.);
#740=EDGE_CURVE('',#822,#847,#1101,.T.);
#741=EDGE_CURVE('',#823,#846,#1102,.T.);
#742=EDGE_CURVE('',#824,#845,#1103,.T.);
#743=EDGE_CURVE('',#825,#844,#1104,.T.);
#744=EDGE_CURVE('',#826,#843,#1105,.T.);
#745=EDGE_CURVE('',#827,#842,#1106,.T.);
#746=EDGE_CURVE('',#828,#841,#1107,.T.);
#747=VERTEX_POINT('',#2169);
#748=VERTEX_POINT('',#2170);
#749=VERTEX_POINT('',#2172);
#750=VERTEX_POINT('',#2174);
#751=VERTEX_POINT('',#2178);
#752=VERTEX_POINT('',#2180);
#753=VERTEX_POINT('',#2184);
#754=VERTEX_POINT('',#2186);
#755=VERTEX_POINT('',#2367);
#756=VERTEX_POINT('',#2369);
#757=VERTEX_POINT('',#2458);
#758=VERTEX_POINT('',#2459);
#759=VERTEX_POINT('',#2461);
#760=VERTEX_POINT('',#2477);
#761=VERTEX_POINT('',#2481);
#762=VERTEX_POINT('',#2483);
#763=VERTEX_POINT('',#2487);
#764=VERTEX_POINT('',#2489);
#765=VERTEX_POINT('',#2493);
#766=VERTEX_POINT('',#2495);
#767=VERTEX_POINT('',#2502);
#768=VERTEX_POINT('',#2503);
#769=VERTEX_POINT('',#2505);
#770=VERTEX_POINT('',#2507);
#771=VERTEX_POINT('',#2513);
#772=VERTEX_POINT('',#2515);
#773=VERTEX_POINT('',#2517);
#774=VERTEX_POINT('',#2519);
#775=VERTEX_POINT('',#2521);
#776=VERTEX_POINT('',#2523);
#777=VERTEX_POINT('',#2525);
#778=VERTEX_POINT('',#2527);
#779=VERTEX_POINT('',#2529);
#780=VERTEX_POINT('',#2531);
#781=VERTEX_POINT('',#2533);
#782=VERTEX_POINT('',#2535);
#783=VERTEX_POINT('',#2537);
#784=VERTEX_POINT('',#2539);
#785=VERTEX_POINT('',#2541);
#786=VERTEX_POINT('',#2543);
#787=VERTEX_POINT('',#2545);
#788=VERTEX_POINT('',#2547);
#789=VERTEX_POINT('',#2549);
#790=VERTEX_POINT('',#2551);
#791=VERTEX_POINT('',#2553);
#792=VERTEX_POINT('',#2555);
#793=VERTEX_POINT('',#2557);
#794=VERTEX_POINT('',#2559);
#795=VERTEX_POINT('',#2561);
#796=VERTEX_POINT('',#2563);
#797=VERTEX_POINT('',#2565);
#798=VERTEX_POINT('',#2567);
#799=VERTEX_POINT('',#2569);
#800=VERTEX_POINT('',#2571);
#801=VERTEX_POINT('',#2573);
#802=VERTEX_POINT('',#2575);
#803=VERTEX_POINT('',#2577);
#804=VERTEX_POINT('',#2579);
#805=VERTEX_POINT('',#2581);
#806=VERTEX_POINT('',#2583);
#807=VERTEX_POINT('',#2585);
#808=VERTEX_POINT('',#2587);
#809=VERTEX_POINT('',#2589);
#810=VERTEX_POINT('',#2591);
#811=VERTEX_POINT('',#2593);
#812=VERTEX_POINT('',#2595);
#813=VERTEX_POINT('',#2597);
#814=VERTEX_POINT('',#2599);
#815=VERTEX_POINT('',#2601);
#816=VERTEX_POINT('',#2603);
#817=VERTEX_POINT('',#2605);
#818=VERTEX_POINT('',#2607);
#819=VERTEX_POINT('',#2609);
#820=VERTEX_POINT('',#2611);
#821=VERTEX_POINT('',#2613);
#822=VERTEX_POINT('',#2615);
#823=VERTEX_POINT('',#2617);
#824=VERTEX_POINT('',#2619);
#825=VERTEX_POINT('',#2621);
#826=VERTEX_POINT('',#2623);
#827=VERTEX_POINT('',#2625);
#828=VERTEX_POINT('',#2627);
#829=VERTEX_POINT('',#2634);
#830=VERTEX_POINT('',#2638);
#831=VERTEX_POINT('',#2640);
#832=VERTEX_POINT('',#2642);
#833=VERTEX_POINT('',#2644);
#834=VERTEX_POINT('',#2646);
#835=VERTEX_POINT('',#2648);
#836=VERTEX_POINT('',#2651);
#837=VERTEX_POINT('',#2652);
#838=VERTEX_POINT('',#2654);
#839=VERTEX_POINT('',#2656);
#840=VERTEX_POINT('',#2659);
#841=VERTEX_POINT('',#2666);
#842=VERTEX_POINT('',#2668);
#843=VERTEX_POINT('',#2670);
#844=VERTEX_POINT('',#2672);
#845=VERTEX_POINT('',#2674);
#846=VERTEX_POINT('',#2676);
#847=VERTEX_POINT('',#2678);
#848=VERTEX_POINT('',#2680);
#849=VERTEX_POINT('',#2682);
#850=VERTEX_POINT('',#2684);
#851=VERTEX_POINT('',#2686);
#852=VERTEX_POINT('',#2688);
#853=VERTEX_POINT('',#2690);
#854=VERTEX_POINT('',#2692);
#855=VERTEX_POINT('',#2694);
#856=VERTEX_POINT('',#2696);
#857=VERTEX_POINT('',#2698);
#858=VERTEX_POINT('',#2700);
#859=VERTEX_POINT('',#2702);
#860=VERTEX_POINT('',#2704);
#861=VERTEX_POINT('',#2706);
#862=VERTEX_POINT('',#2708);
#863=VERTEX_POINT('',#2710);
#864=VERTEX_POINT('',#2712);
#865=VERTEX_POINT('',#2714);
#866=VERTEX_POINT('',#2716);
#867=VERTEX_POINT('',#2718);
#868=VERTEX_POINT('',#2720);
#869=VERTEX_POINT('',#2722);
#870=VERTEX_POINT('',#2724);
#871=VERTEX_POINT('',#2726);
#872=VERTEX_POINT('',#2728);
#873=VERTEX_POINT('',#2730);
#874=VERTEX_POINT('',#2732);
#875=VERTEX_POINT('',#2734);
#876=VERTEX_POINT('',#2736);
#877=VERTEX_POINT('',#2738);
#878=VERTEX_POINT('',#2740);
#879=VERTEX_POINT('',#2742);
#880=VERTEX_POINT('',#2744);
#881=VERTEX_POINT('',#2746);
#882=VERTEX_POINT('',#2748);
#883=VERTEX_POINT('',#2750);
#884=VERTEX_POINT('',#2752);
#885=VERTEX_POINT('',#2754);
#886=VERTEX_POINT('',#2756);
#887=VERTEX_POINT('',#2758);
#888=VERTEX_POINT('',#2760);
#889=VERTEX_POINT('',#2762);
#890=VERTEX_POINT('',#2764);
#891=VERTEX_POINT('',#2766);
#892=VERTEX_POINT('',#2768);
#893=VERTEX_POINT('',#2770);
#894=VERTEX_POINT('',#2772);
#895=VERTEX_POINT('',#2774);
#896=VERTEX_POINT('',#2776);
#897=VERTEX_POINT('',#2778);
#898=VERTEX_POINT('',#2780);
#899=VERTEX_POINT('',#2787);
#900=VERTEX_POINT('',#2789);
#901=VERTEX_POINT('',#2791);
#902=VERTEX_POINT('',#2793);
#903=VERTEX_POINT('',#2795);
#904=VERTEX_POINT('',#2797);
#905=LINE('',#2168,#1108);
#906=LINE('',#2171,#1109);
#907=LINE('',#2173,#1110);
#908=LINE('',#2175,#1111);
#909=LINE('',#2177,#1112);
#910=LINE('',#2179,#1113);
#911=LINE('',#2181,#1114);
#912=LINE('',#2183,#1115);
#913=LINE('',#2185,#1116);
#914=LINE('',#2187,#1117);
#915=LINE('',#2368,#1118);
#916=LINE('',#2460,#1119);
#917=LINE('',#2478,#1120);
#918=LINE('',#2480,#1121);
#919=LINE('',#2482,#1122);
#920=LINE('',#2484,#1123);
#921=LINE('',#2486,#1124);
#922=LINE('',#2488,#1125);
#923=LINE('',#2490,#1126);
#924=LINE('',#2492,#1127);
#925=LINE('',#2494,#1128);
#926=LINE('',#2496,#1129);
#927=LINE('',#2498,#1130);
#928=LINE('',#2499,#1131);
#929=LINE('',#2506,#1132);
#930=LINE('',#2518,#1133);
#931=LINE('',#2520,#1134);
#932=LINE('',#2522,#1135);
#933=LINE('',#2524,#1136);
#934=LINE('',#2526,#1137);
#935=LINE('',#2528,#1138);
#936=LINE('',#2530,#1139);
#937=LINE('',#2532,#1140);
#938=LINE('',#2534,#1141);
#939=LINE('',#2536,#1142);
#940=LINE('',#2538,#1143);
#941=LINE('',#2540,#1144);
#942=LINE('',#2542,#1145);
#943=LINE('',#2544,#1146);
#944=LINE('',#2546,#1147);
#945=LINE('',#2548,#1148);
#946=LINE('',#2550,#1149);
#947=LINE('',#2552,#1150);
#948=LINE('',#2554,#1151);
#949=LINE('',#2556,#1152);
#950=LINE('',#2558,#1153);
#951=LINE('',#2560,#1154);
#952=LINE('',#2562,#1155);
#953=LINE('',#2564,#1156);
#954=LINE('',#2566,#1157);
#955=LINE('',#2568,#1158);
#956=LINE('',#2570,#1159);
#957=LINE('',#2572,#1160);
#958=LINE('',#2574,#1161);
#959=LINE('',#2576,#1162);
#960=LINE('',#2578,#1163);
#961=LINE('',#2580,#1164);
#962=LINE('',#2582,#1165);
#963=LINE('',#2584,#1166);
#964=LINE('',#2586,#1167);
#965=LINE('',#2588,#1168);
#966=LINE('',#2590,#1169);
#967=LINE('',#2592,#1170);
#968=LINE('',#2594,#1171);
#969=LINE('',#2596,#1172);
#970=LINE('',#2598,#1173);
#971=LINE('',#2600,#1174);
#972=LINE('',#2602,#1175);
#973=LINE('',#2604,#1176);
#974=LINE('',#2606,#1177);
#975=LINE('',#2608,#1178);
#976=LINE('',#2610,#1179);
#977=LINE('',#2612,#1180);
#978=LINE('',#2614,#1181);
#979=LINE('',#2616,#1182);
#980=LINE('',#2618,#1183);
#981=LINE('',#2620,#1184);
#982=LINE('',#2622,#1185);
#983=LINE('',#2624,#1186);
#984=LINE('',#2626,#1187);
#985=LINE('',#2635,#1188);
#986=LINE('',#2636,#1189);
#987=LINE('',#2650,#1190);
#988=LINE('',#2657,#1191);
#989=LINE('',#2658,#1192);
#990=LINE('',#2667,#1193);
#991=LINE('',#2669,#1194);
#992=LINE('',#2671,#1195);
#993=LINE('',#2673,#1196);
#994=LINE('',#2675,#1197);
#995=LINE('',#2677,#1198);
#996=LINE('',#2679,#1199);
#997=LINE('',#2681,#1200);
#998=LINE('',#2683,#1201);
#999=LINE('',#2685,#1202);
#1000=LINE('',#2687,#1203);
#1001=LINE('',#2689,#1204);
#1002=LINE('',#2691,#1205);
#1003=LINE('',#2693,#1206);
#1004=LINE('',#2695,#1207);
#1005=LINE('',#2697,#1208);
#1006=LINE('',#2699,#1209);
#1007=LINE('',#2701,#1210);
#1008=LINE('',#2703,#1211);
#1009=LINE('',#2705,#1212);
#1010=LINE('',#2707,#1213);
#1011=LINE('',#2709,#1214);
#1012=LINE('',#2711,#1215);
#1013=LINE('',#2713,#1216);
#1014=LINE('',#2715,#1217);
#1015=LINE('',#2717,#1218);
#1016=LINE('',#2719,#1219);
#1017=LINE('',#2721,#1220);
#1018=LINE('',#2723,#1221);
#1019=LINE('',#2725,#1222);
#1020=LINE('',#2727,#1223);
#1021=LINE('',#2729,#1224);
#1022=LINE('',#2731,#1225);
#1023=LINE('',#2733,#1226);
#1024=LINE('',#2735,#1227);
#1025=LINE('',#2737,#1228);
#1026=LINE('',#2739,#1229);
#1027=LINE('',#2741,#1230);
#1028=LINE('',#2743,#1231);
#1029=LINE('',#2745,#1232);
#1030=LINE('',#2747,#1233);
#1031=LINE('',#2749,#1234);
#1032=LINE('',#2751,#1235);
#1033=LINE('',#2753,#1236);
#1034=LINE('',#2755,#1237);
#1035=LINE('',#2757,#1238);
#1036=LINE('',#2759,#1239);
#1037=LINE('',#2761,#1240);
#1038=LINE('',#2763,#1241);
#1039=LINE('',#2765,#1242);
#1040=LINE('',#2767,#1243);
#1041=LINE('',#2769,#1244);
#1042=LINE('',#2771,#1245);
#1043=LINE('',#2773,#1246);
#1044=LINE('',#2775,#1247);
#1045=LINE('',#2799,#1248);
#1046=LINE('',#2801,#1249);
#1047=LINE('',#2803,#1250);
#1048=LINE('',#2805,#1251);
#1049=LINE('',#2806,#1252);
#1050=LINE('',#2815,#1253);
#1051=LINE('',#2817,#1254);
#1052=LINE('',#2819,#1255);
#1053=LINE('',#2821,#1256);
#1054=LINE('',#2823,#1257);
#1055=LINE('',#2825,#1258);
#1056=LINE('',#2827,#1259);
#1057=LINE('',#2829,#1260);
#1058=LINE('',#2831,#1261);
#1059=LINE('',#2833,#1262);
#1060=LINE('',#2835,#1263);
#1061=LINE('',#2837,#1264);
#1062=LINE('',#2839,#1265);
#1063=LINE('',#2841,#1266);
#1064=LINE('',#2843,#1267);
#1065=LINE('',#2845,#1268);
#1066=LINE('',#2847,#1269);
#1067=LINE('',#2849,#1270);
#1068=LINE('',#2851,#1271);
#1069=LINE('',#2853,#1272);
#1070=LINE('',#2855,#1273);
#1071=LINE('',#2857,#1274);
#1072=LINE('',#2859,#1275);
#1073=LINE('',#2861,#1276);
#1074=LINE('',#2863,#1277);
#1075=LINE('',#2865,#1278);
#1076=LINE('',#2867,#1279);
#1077=LINE('',#2869,#1280);
#1078=LINE('',#2871,#1281);
#1079=LINE('',#2873,#1282);
#1080=LINE('',#2875,#1283);
#1081=LINE('',#2877,#1284);
#1082=LINE('',#2879,#1285);
#1083=LINE('',#2881,#1286);
#1084=LINE('',#2883,#1287);
#1085=LINE('',#2885,#1288);
#1086=LINE('',#2887,#1289);
#1087=LINE('',#2889,#1290);
#1088=LINE('',#2891,#1291);
#1089=LINE('',#2893,#1292);
#1090=LINE('',#2895,#1293);
#1091=LINE('',#2897,#1294);
#1092=LINE('',#2899,#1295);
#1093=LINE('',#2901,#1296);
#1094=LINE('',#2903,#1297);
#1095=LINE('',#2905,#1298);
#1096=LINE('',#2907,#1299);
#1097=LINE('',#2909,#1300);
#1098=LINE('',#2911,#1301);
#1099=LINE('',#2913,#1302);
#1100=LINE('',#2915,#1303);
#1101=LINE('',#2917,#1304);
#1102=LINE('',#2919,#1305);
#1103=LINE('',#2921,#1306);
#1104=LINE('',#2923,#1307);
#1105=LINE('',#2925,#1308);
#1106=LINE('',#2927,#1309);
#1107=LINE('',#2929,#1310);
#1108=VECTOR('',#1771,1.);
#1109=VECTOR('',#1772,1.);
#1110=VECTOR('',#1773,1.);
#1111=VECTOR('',#1774,1.);
#1112=VECTOR('',#1777,1.);
#1113=VECTOR('',#1778,1.);
#1114=VECTOR('',#1779,1.);
#1115=VECTOR('',#1782,1.);
#1116=VECTOR('',#1783,1.);
#1117=VECTOR('',#1784,1.);
#1118=VECTOR('',#1785,1.);
#1119=VECTOR('',#1786,1.);
#1120=VECTOR('',#1787,1.);
#1121=VECTOR('',#1790,1.);
#1122=VECTOR('',#1791,1.);
#1123=VECTOR('',#1792,1.);
#1124=VECTOR('',#1795,1.);
#1125=VECTOR('',#1796,1.);
#1126=VECTOR('',#1797,1.);
#1127=VECTOR('',#1800,1.);
#1128=VECTOR('',#1801,1.);
#1129=VECTOR('',#1802,1.);
#1130=VECTOR('',#1805,1.);
#1131=VECTOR('',#1806,1.);
#1132=VECTOR('',#1813,1.);
#1133=VECTOR('',#1818,1.);
#1134=VECTOR('',#1819,1.);
#1135=VECTOR('',#1820,1.);
#1136=VECTOR('',#1821,1.);
#1137=VECTOR('',#1822,1.);
#1138=VECTOR('',#1823,1.);
#1139=VECTOR('',#1824,1.);
#1140=VECTOR('',#1825,1.);
#1141=VECTOR('',#1826,1.);
#1142=VECTOR('',#1827,1.);
#1143=VECTOR('',#1828,1.);
#1144=VECTOR('',#1829,1.);
#1145=VECTOR('',#1830,1.);
#1146=VECTOR('',#1831,1.);
#1147=VECTOR('',#1832,1.);
#1148=VECTOR('',#1833,1.);
#1149=VECTOR('',#1834,1.);
#1150=VECTOR('',#1835,1.);
#1151=VECTOR('',#1836,1.);
#1152=VECTOR('',#1837,1.);
#1153=VECTOR('',#1838,1.);
#1154=VECTOR('',#1839,1.);
#1155=VECTOR('',#1840,1.);
#1156=VECTOR('',#1841,1.);
#1157=VECTOR('',#1842,1.);
#1158=VECTOR('',#1843,1.);
#1159=VECTOR('',#1844,1.);
#1160=VECTOR('',#1845,1.);
#1161=VECTOR('',#1846,1.);
#1162=VECTOR('',#1847,1.);
#1163=VECTOR('',#1848,1.);
#1164=VECTOR('',#1849,1.);
#1165=VECTOR('',#1850,1.);
#1166=VECTOR('',#1851,1.);
#1167=VECTOR('',#1852,1.);
#1168=VECTOR('',#1853,1.);
#1169=VECTOR('',#1854,1.);
#1170=VECTOR('',#1855,1.);
#1171=VECTOR('',#1856,1.);
#1172=VECTOR('',#1857,1.);
#1173=VECTOR('',#1858,1.);
#1174=VECTOR('',#1859,1.);
#1175=VECTOR('',#1860,1.);
#1176=VECTOR('',#1861,1.);
#1177=VECTOR('',#1862,1.);
#1178=VECTOR('',#1863,1.);
#1179=VECTOR('',#1864,1.);
#1180=VECTOR('',#1865,1.);
#1181=VECTOR('',#1866,1.);
#1182=VECTOR('',#1867,1.);
#1183=VECTOR('',#1868,1.);
#1184=VECTOR('',#1869,1.);
#1185=VECTOR('',#1870,1.);
#1186=VECTOR('',#1871,1.);
#1187=VECTOR('',#1872,1.);
#1188=VECTOR('',#1873,1.);
#1189=VECTOR('',#1874,1.);
#1190=VECTOR('',#1889,1.);
#1191=VECTOR('',#1894,1.);
#1192=VECTOR('',#1895,1.);
#1193=VECTOR('',#1896,1.);
#1194=VECTOR('',#1897,1.);
#1195=VECTOR('',#1898,1.);
#1196=VECTOR('',#1899,1.);
#1197=VECTOR('',#1900,1.);
#1198=VECTOR('',#1901,1.);
#1199=VECTOR('',#1902,1.);
#1200=VECTOR('',#1903,1.);
#1201=VECTOR('',#1904,1.);
#1202=VECTOR('',#1905,1.);
#1203=VECTOR('',#1906,1.);
#1204=VECTOR('',#1907,1.);
#1205=VECTOR('',#1908,1.);
#1206=VECTOR('',#1909,1.);
#1207=VECTOR('',#1910,1.);
#1208=VECTOR('',#1911,1.);
#1209=VECTOR('',#1912,1.);
#1210=VECTOR('',#1913,1.);
#1211=VECTOR('',#1914,1.);
#1212=VECTOR('',#1915,1.);
#1213=VECTOR('',#1916,1.);
#1214=VECTOR('',#1917,1.);
#1215=VECTOR('',#1918,1.);
#1216=VECTOR('',#1919,1.);
#1217=VECTOR('',#1920,1.);
#1218=VECTOR('',#1921,1.);
#1219=VECTOR('',#1922,1.);
#1220=VECTOR('',#1923,1.);
#1221=VECTOR('',#1924,1.);
#1222=VECTOR('',#1925,1.);
#1223=VECTOR('',#1926,1.);
#1224=VECTOR('',#1927,1.);
#1225=VECTOR('',#1928,1.);
#1226=VECTOR('',#1929,1.);
#1227=VECTOR('',#1930,1.);
#1228=VECTOR('',#1931,1.);
#1229=VECTOR('',#1932,1.);
#1230=VECTOR('',#1933,1.);
#1231=VECTOR('',#1934,1.);
#1232=VECTOR('',#1935,1.);
#1233=VECTOR('',#1936,1.);
#1234=VECTOR('',#1937,1.);
#1235=VECTOR('',#1938,1.);
#1236=VECTOR('',#1939,1.);
#1237=VECTOR('',#1940,1.);
#1238=VECTOR('',#1941,1.);
#1239=VECTOR('',#1942,1.);
#1240=VECTOR('',#1943,1.);
#1241=VECTOR('',#1944,1.);
#1242=VECTOR('',#1945,1.);
#1243=VECTOR('',#1946,1.);
#1244=VECTOR('',#1947,1.);
#1245=VECTOR('',#1948,1.);
#1246=VECTOR('',#1949,1.);
#1247=VECTOR('',#1950,1.);
#1248=VECTOR('',#1969,1.);
#1249=VECTOR('',#1972,1.);
#1250=VECTOR('',#1975,1.);
#1251=VECTOR('',#1978,1.);
#1252=VECTOR('',#1979,1.);
#1253=VECTOR('',#1980,1.);
#1254=VECTOR('',#1983,1.);
#1255=VECTOR('',#1986,1.);
#1256=VECTOR('',#1989,1.);
#1257=VECTOR('',#1992,1.);
#1258=VECTOR('',#1995,1.);
#1259=VECTOR('',#1998,1.);
#1260=VECTOR('',#2001,1.);
#1261=VECTOR('',#2004,1.);
#1262=VECTOR('',#2007,1.);
#1263=VECTOR('',#2010,1.);
#1264=VECTOR('',#2013,1.);
#1265=VECTOR('',#2016,1.);
#1266=VECTOR('',#2019,1.);
#1267=VECTOR('',#2022,1.);
#1268=VECTOR('',#2025,1.);
#1269=VECTOR('',#2028,1.);
#1270=VECTOR('',#2031,1.);
#1271=VECTOR('',#2034,1.);
#1272=VECTOR('',#2037,1.);
#1273=VECTOR('',#2040,1.);
#1274=VECTOR('',#2043,1.);
#1275=VECTOR('',#2046,1.);
#1276=VECTOR('',#2049,1.);
#1277=VECTOR('',#2052,1.);
#1278=VECTOR('',#2055,1.);
#1279=VECTOR('',#2058,1.);
#1280=VECTOR('',#2061,1.);
#1281=VECTOR('',#2064,1.);
#1282=VECTOR('',#2067,1.);
#1283=VECTOR('',#2070,1.);
#1284=VECTOR('',#2073,1.);
#1285=VECTOR('',#2076,1.);
#1286=VECTOR('',#2079,1.);
#1287=VECTOR('',#2082,1.);
#1288=VECTOR('',#2085,1.);
#1289=VECTOR('',#2088,1.);
#1290=VECTOR('',#2091,1.);
#1291=VECTOR('',#2094,1.);
#1292=VECTOR('',#2097,1.);
#1293=VECTOR('',#2100,1.);
#1294=VECTOR('',#2103,1.);
#1295=VECTOR('',#2106,1.);
#1296=VECTOR('',#2109,1.);
#1297=VECTOR('',#2112,1.);
#1298=VECTOR('',#2115,1.);
#1299=VECTOR('',#2118,1.);
#1300=VECTOR('',#2121,1.);
#1301=VECTOR('',#2124,1.);
#1302=VECTOR('',#2127,1.);
#1303=VECTOR('',#2130,1.);
#1304=VECTOR('',#2133,1.);
#1305=VECTOR('',#2136,1.);
#1306=VECTOR('',#2139,1.);
#1307=VECTOR('',#2142,1.);
#1308=VECTOR('',#2145,1.);
#1309=VECTOR('',#2148,1.);
#1310=VECTOR('',#2151,1.);
#1311=EDGE_LOOP('',(#54,#55,#56,#57));
#1312=EDGE_LOOP('',(#58,#59,#60,#61));
#1313=EDGE_LOOP('',(#62,#63,#64,#65));
#1314=EDGE_LOOP('',(#66,#67,#68,#69));
#1315=EDGE_LOOP('',(#70,#71,#72,#73));
#1316=EDGE_LOOP('',(#74,#75,#76,#77));
#1317=EDGE_LOOP('',(#78,#79,#80,#81));
#1318=EDGE_LOOP('',(#82,#83,#84,#85));
#1319=EDGE_LOOP('',(#86,#87,#88,#89));
#1320=EDGE_LOOP('',(#90,#91,#92,#93,#94,#95,#96,#97,#98,#99,#100,#101,#102,
#103,#104,#105,#106,#107,#108,#109,#110,#111,#112,#113,#114,#115,#116,#117,
#118,#119,#120,#121,#122,#123,#124,#125,#126,#127,#128,#129,#130,#131,#132,
#133,#134,#135,#136,#137,#138,#139,#140,#141,#142,#143,#144,#145,#146,#147,
#148,#149,#150,#151,#152,#153,#154,#155,#156,#157,#158,#159,#160,#161,#162));
#1321=EDGE_LOOP('',(#163));
#1322=EDGE_LOOP('',(#164));
#1323=EDGE_LOOP('',(#165));
#1324=EDGE_LOOP('',(#166));
#1325=EDGE_LOOP('',(#167));
#1326=EDGE_LOOP('',(#168));
#1327=EDGE_LOOP('',(#169,#170,#171,#172,#173,#174,#175,#176,#177,#178,#179,
#180,#181,#182,#183,#184,#185,#186,#187,#188,#189,#190,#191,#192,#193,#194,
#195,#196,#197,#198,#199,#200,#201,#202,#203,#204,#205,#206,#207,#208,#209,
#210,#211,#212,#213,#214,#215,#216,#217,#218,#219,#220,#221,#222,#223,#224,
#225,#226,#227,#228,#229,#230,#231,#232,#233,#234,#235,#236,#237,#238,#239,
#240,#241));
#1328=EDGE_LOOP('',(#242));
#1329=EDGE_LOOP('',(#243));
#1330=EDGE_LOOP('',(#244));
#1331=EDGE_LOOP('',(#245));
#1332=EDGE_LOOP('',(#246));
#1333=EDGE_LOOP('',(#247));
#1334=EDGE_LOOP('',(#248,#249,#250,#251));
#1335=EDGE_LOOP('',(#252,#253,#254,#255));
#1336=EDGE_LOOP('',(#256,#257,#258,#259));
#1337=EDGE_LOOP('',(#260,#261,#262,#263));
#1338=EDGE_LOOP('',(#264,#265,#266,#267));
#1339=EDGE_LOOP('',(#268,#269,#270,#271));
#1340=EDGE_LOOP('',(#272,#273,#274,#275));
#1341=EDGE_LOOP('',(#276,#277,#278,#279));
#1342=EDGE_LOOP('',(#280,#281,#282,#283));
#1343=EDGE_LOOP('',(#284,#285,#286,#287));
#1344=EDGE_LOOP('',(#288,#289,#290,#291));
#1345=EDGE_LOOP('',(#292,#293,#294,#295));
#1346=EDGE_LOOP('',(#296,#297,#298,#299));
#1347=EDGE_LOOP('',(#300,#301,#302,#303));
#1348=EDGE_LOOP('',(#304,#305,#306,#307));
#1349=EDGE_LOOP('',(#308,#309,#310,#311));
#1350=EDGE_LOOP('',(#312,#313,#314,#315));
#1351=EDGE_LOOP('',(#316,#317,#318,#319));
#1352=EDGE_LOOP('',(#320,#321,#322,#323));
#1353=EDGE_LOOP('',(#324,#325,#326,#327));
#1354=EDGE_LOOP('',(#328,#329,#330,#331));
#1355=EDGE_LOOP('',(#332,#333,#334,#335));
#1356=EDGE_LOOP('',(#336,#337,#338,#339));
#1357=EDGE_LOOP('',(#340,#341,#342,#343));
#1358=EDGE_LOOP('',(#344,#345,#346,#347));
#1359=EDGE_LOOP('',(#348,#349,#350,#351));
#1360=EDGE_LOOP('',(#352,#353,#354,#355));
#1361=EDGE_LOOP('',(#356,#357,#358,#359));
#1362=EDGE_LOOP('',(#360,#361,#362,#363));
#1363=EDGE_LOOP('',(#364,#365,#366,#367));
#1364=EDGE_LOOP('',(#368,#369,#370,#371));
#1365=EDGE_LOOP('',(#372,#373,#374,#375));
#1366=EDGE_LOOP('',(#376,#377,#378,#379));
#1367=EDGE_LOOP('',(#380,#381,#382,#383));
#1368=EDGE_LOOP('',(#384,#385,#386,#387));
#1369=EDGE_LOOP('',(#388,#389,#390,#391));
#1370=EDGE_LOOP('',(#392,#393,#394,#395));
#1371=EDGE_LOOP('',(#396,#397,#398,#399));
#1372=EDGE_LOOP('',(#400,#401,#402,#403));
#1373=EDGE_LOOP('',(#404,#405,#406,#407));
#1374=EDGE_LOOP('',(#408,#409,#410,#411));
#1375=EDGE_LOOP('',(#412,#413,#414,#415));
#1376=EDGE_LOOP('',(#416,#417,#418,#419));
#1377=EDGE_LOOP('',(#420,#421,#422,#423));
#1378=EDGE_LOOP('',(#424,#425,#426,#427));
#1379=EDGE_LOOP('',(#428,#429,#430,#431));
#1380=EDGE_LOOP('',(#432,#433,#434,#435));
#1381=EDGE_LOOP('',(#436,#437,#438,#439));
#1382=EDGE_LOOP('',(#440,#441,#442,#443));
#1383=EDGE_LOOP('',(#444,#445,#446,#447));
#1384=EDGE_LOOP('',(#448,#449,#450,#451));
#1385=EDGE_LOOP('',(#452,#453,#454,#455));
#1386=EDGE_LOOP('',(#456,#457,#458,#459));
#1387=EDGE_LOOP('',(#460,#461,#462,#463));
#1388=EDGE_LOOP('',(#464,#465,#466,#467));
#1389=EDGE_LOOP('',(#468,#469,#470,#471));
#1390=EDGE_LOOP('',(#472,#473,#474,#475));
#1391=EDGE_LOOP('',(#476,#477,#478,#479));
#1392=EDGE_LOOP('',(#480,#481,#482,#483));
#1393=EDGE_LOOP('',(#484,#485,#486,#487));
#1394=EDGE_LOOP('',(#488,#489,#490,#491));
#1395=EDGE_LOOP('',(#492,#493,#494,#495));
#1396=EDGE_LOOP('',(#496));
#1397=EDGE_LOOP('',(#497));
#1398=EDGE_LOOP('',(#498));
#1399=EDGE_LOOP('',(#499));
#1400=EDGE_LOOP('',(#500));
#1401=EDGE_LOOP('',(#501));
#1402=EDGE_LOOP('',(#502));
#1403=EDGE_LOOP('',(#503));
#1404=EDGE_LOOP('',(#504));
#1405=EDGE_LOOP('',(#505));
#1406=EDGE_LOOP('',(#506,#507,#508,#509));
#1407=EDGE_LOOP('',(#510));
#1408=EDGE_LOOP('',(#511));
#1409=EDGE_LOOP('',(#512,#513,#514,#515));
#1410=FACE_BOUND('',#1311,.T.);
#1411=FACE_BOUND('',#1312,.T.);
#1412=FACE_BOUND('',#1313,.T.);
#1413=FACE_BOUND('',#1314,.T.);
#1414=FACE_BOUND('',#1315,.T.);
#1415=FACE_BOUND('',#1316,.T.);
#1416=FACE_BOUND('',#1317,.T.);
#1417=FACE_BOUND('',#1318,.T.);
#1418=FACE_BOUND('',#1319,.T.);
#1419=FACE_BOUND('',#1320,.T.);
#1420=FACE_BOUND('',#1321,.T.);
#1421=FACE_BOUND('',#1322,.T.);
#1422=FACE_BOUND('',#1323,.T.);
#1423=FACE_BOUND('',#1324,.T.);
#1424=FACE_BOUND('',#1325,.T.);
#1425=FACE_BOUND('',#1326,.T.);
#1426=FACE_BOUND('',#1327,.T.);
#1427=FACE_BOUND('',#1328,.T.);
#1428=FACE_BOUND('',#1329,.T.);
#1429=FACE_BOUND('',#1330,.T.);
#1430=FACE_BOUND('',#1331,.T.);
#1431=FACE_BOUND('',#1332,.T.);
#1432=FACE_BOUND('',#1333,.T.);
#1433=FACE_BOUND('',#1334,.T.);
#1434=FACE_BOUND('',#1335,.T.);
#1435=FACE_BOUND('',#1336,.T.);
#1436=FACE_BOUND('',#1337,.T.);
#1437=FACE_BOUND('',#1338,.T.);
#1438=FACE_BOUND('',#1339,.T.);
#1439=FACE_BOUND('',#1340,.T.);
#1440=FACE_BOUND('',#1341,.T.);
#1441=FACE_BOUND('',#1342,.T.);
#1442=FACE_BOUND('',#1343,.T.);
#1443=FACE_BOUND('',#1344,.T.);
#1444=FACE_BOUND('',#1345,.T.);
#1445=FACE_BOUND('',#1346,.T.);
#1446=FACE_BOUND('',#1347,.T.);
#1447=FACE_BOUND('',#1348,.T.);
#1448=FACE_BOUND('',#1349,.T.);
#1449=FACE_BOUND('',#1350,.T.);
#1450=FACE_BOUND('',#1351,.T.);
#1451=FACE_BOUND('',#1352,.T.);
#1452=FACE_BOUND('',#1353,.T.);
#1453=FACE_BOUND('',#1354,.T.);
#1454=FACE_BOUND('',#1355,.T.);
#1455=FACE_BOUND('',#1356,.T.);
#1456=FACE_BOUND('',#1357,.T.);
#1457=FACE_BOUND('',#1358,.T.);
#1458=FACE_BOUND('',#1359,.T.);
#1459=FACE_BOUND('',#1360,.T.);
#1460=FACE_BOUND('',#1361,.T.);
#1461=FACE_BOUND('',#1362,.T.);
#1462=FACE_BOUND('',#1363,.T.);
#1463=FACE_BOUND('',#1364,.T.);
#1464=FACE_BOUND('',#1365,.T.);
#1465=FACE_BOUND('',#1366,.T.);
#1466=FACE_BOUND('',#1367,.T.);
#1467=FACE_BOUND('',#1368,.T.);
#1468=FACE_BOUND('',#1369,.T.);
#1469=FACE_BOUND('',#1370,.T.);
#1470=FACE_BOUND('',#1371,.T.);
#1471=FACE_BOUND('',#1372,.T.);
#1472=FACE_BOUND('',#1373,.T.);
#1473=FACE_BOUND('',#1374,.T.);
#1474=FACE_BOUND('',#1375,.T.);
#1475=FACE_BOUND('',#1376,.T.);
#1476=FACE_BOUND('',#1377,.T.);
#1477=FACE_BOUND('',#1378,.T.);
#1478=FACE_BOUND('',#1379,.T.);
#1479=FACE_BOUND('',#1380,.T.);
#1480=FACE_BOUND('',#1381,.T.);
#1481=FACE_BOUND('',#1382,.T.);
#1482=FACE_BOUND('',#1383,.T.);
#1483=FACE_BOUND('',#1384,.T.);
#1484=FACE_BOUND('',#1385,.T.);
#1485=FACE_BOUND('',#1386,.T.);
#1486=FACE_BOUND('',#1387,.T.);
#1487=FACE_BOUND('',#1388,.T.);
#1488=FACE_BOUND('',#1389,.T.);
#1489=FACE_BOUND('',#1390,.T.);
#1490=FACE_BOUND('',#1391,.T.);
#1491=FACE_BOUND('',#1392,.T.);
#1492=FACE_BOUND('',#1393,.T.);
#1493=FACE_BOUND('',#1394,.T.);
#1494=FACE_BOUND('',#1395,.T.);
#1495=FACE_BOUND('',#1396,.T.);
#1496=FACE_BOUND('',#1397,.T.);
#1497=FACE_BOUND('',#1398,.T.);
#1498=FACE_BOUND('',#1399,.T.);
#1499=FACE_BOUND('',#1400,.T.);
#1500=FACE_BOUND('',#1401,.T.);
#1501=FACE_BOUND('',#1402,.T.);
#1502=FACE_BOUND('',#1403,.T.);
#1503=FACE_BOUND('',#1404,.T.);
#1504=FACE_BOUND('',#1405,.T.);
#1505=FACE_BOUND('',#1406,.T.);
#1506=FACE_BOUND('',#1407,.T.);
#1507=FACE_BOUND('',#1408,.T.);
#1508=FACE_BOUND('',#1409,.T.);
#1509=PLANE('',#1670);
#1510=PLANE('',#1671);
#1511=PLANE('',#1672);
#1512=PLANE('',#1673);
#1513=PLANE('',#1674);
#1514=PLANE('',#1675);
#1515=PLANE('',#1676);
#1516=PLANE('',#1677);
#1517=PLANE('',#1688);
#1518=PLANE('',#1699);
#1519=PLANE('',#1700);
#1520=PLANE('',#1702);
#1521=PLANE('',#1705);
#1522=PLANE('',#1706);
#1523=PLANE('',#1707);
#1524=PLANE('',#1708);
#1525=PLANE('',#1709);
#1526=PLANE('',#1710);
#1527=PLANE('',#1711);
#1528=PLANE('',#1712);
#1529=PLANE('',#1713);
#1530=PLANE('',#1714);
#1531=PLANE('',#1715);
#1532=PLANE('',#1716);
#1533=PLANE('',#1717);
#1534=PLANE('',#1718);
#1535=PLANE('',#1719);
#1536=PLANE('',#1720);
#1537=PLANE('',#1721);
#1538=PLANE('',#1722);
#1539=PLANE('',#1723);
#1540=PLANE('',#1724);
#1541=PLANE('',#1725);
#1542=PLANE('',#1726);
#1543=PLANE('',#1727);
#1544=PLANE('',#1728);
#1545=PLANE('',#1729);
#1546=PLANE('',#1730);
#1547=PLANE('',#1731);
#1548=PLANE('',#1732);
#1549=PLANE('',#1733);
#1550=PLANE('',#1734);
#1551=PLANE('',#1735);
#1552=PLANE('',#1736);
#1553=PLANE('',#1737);
#1554=PLANE('',#1738);
#1555=PLANE('',#1739);
#1556=PLANE('',#1740);
#1557=PLANE('',#1741);
#1558=PLANE('',#1742);
#1559=PLANE('',#1743);
#1560=PLANE('',#1744);
#1561=PLANE('',#1745);
#1562=PLANE('',#1746);
#1563=PLANE('',#1747);
#1564=PLANE('',#1748);
#1565=PLANE('',#1749);
#1566=PLANE('',#1750);
#1567=PLANE('',#1751);
#1568=PLANE('',#1752);
#1569=PLANE('',#1753);
#1570=PLANE('',#1754);
#1571=PLANE('',#1755);
#1572=PLANE('',#1756);
#1573=PLANE('',#1757);
#1574=PLANE('',#1758);
#1575=PLANE('',#1759);
#1576=ADVANCED_FACE('',(#1410),#1509,.T.);
#1577=ADVANCED_FACE('',(#1411),#1510,.T.);
#1578=ADVANCED_FACE('',(#1412),#1511,.F.);
#1579=ADVANCED_FACE('',(#1413),#50,.F.);
#1580=ADVANCED_FACE('',(#1414),#51,.F.);
#1581=ADVANCED_FACE('',(#1415),#1512,.T.);
#1582=ADVANCED_FACE('',(#1416),#1513,.T.);
#1583=ADVANCED_FACE('',(#1417),#1514,.T.);
#1584=ADVANCED_FACE('',(#1418),#1515,.T.);
#1585=ADVANCED_FACE('',(#1419,#1420,#1421,#1422,#1423,#1424,#1425),#1516,
 .T.);
#1586=ADVANCED_FACE('',(#1426,#1427,#1428,#1429,#1430,#1431,#1432),#1517,
 .F.);
#1587=ADVANCED_FACE('',(#1433),#1518,.F.);
#1588=ADVANCED_FACE('',(#1434),#1519,.F.);
#1589=ADVANCED_FACE('',(#1435),#12,.F.);
#1590=ADVANCED_FACE('',(#1436),#1520,.T.);
#1591=ADVANCED_FACE('',(#1437),#52,.F.);
#1592=ADVANCED_FACE('',(#1438),#13,.F.);
#1593=ADVANCED_FACE('',(#1439),#14,.T.);
#1594=ADVANCED_FACE('',(#1440),#1521,.F.);
#1595=ADVANCED_FACE('',(#1441),#1522,.F.);
#1596=ADVANCED_FACE('',(#1442),#1523,.F.);
#1597=ADVANCED_FACE('',(#1443),#1524,.F.);
#1598=ADVANCED_FACE('',(#1444),#1525,.F.);
#1599=ADVANCED_FACE('',(#1445),#1526,.F.);
#1600=ADVANCED_FACE('',(#1446),#1527,.F.);
#1601=ADVANCED_FACE('',(#1447),#1528,.F.);
#1602=ADVANCED_FACE('',(#1448),#1529,.F.);
#1603=ADVANCED_FACE('',(#1449),#1530,.F.);
#1604=ADVANCED_FACE('',(#1450),#1531,.T.);
#1605=ADVANCED_FACE('',(#1451),#1532,.T.);
#1606=ADVANCED_FACE('',(#1452),#1533,.T.);
#1607=ADVANCED_FACE('',(#1453),#1534,.T.);
#1608=ADVANCED_FACE('',(#1454),#1535,.T.);
#1609=ADVANCED_FACE('',(#1455),#1536,.T.);
#1610=ADVANCED_FACE('',(#1456),#1537,.T.);
#1611=ADVANCED_FACE('',(#1457),#1538,.T.);
#1612=ADVANCED_FACE('',(#1458),#1539,.F.);
#1613=ADVANCED_FACE('',(#1459),#1540,.T.);
#1614=ADVANCED_FACE('',(#1460),#1541,.T.);
#1615=ADVANCED_FACE('',(#1461),#1542,.T.);
#1616=ADVANCED_FACE('',(#1462),#1543,.T.);
#1617=ADVANCED_FACE('',(#1463),#1544,.T.);
#1618=ADVANCED_FACE('',(#1464),#1545,.T.);
#1619=ADVANCED_FACE('',(#1465),#1546,.T.);
#1620=ADVANCED_FACE('',(#1466),#1547,.T.);
#1621=ADVANCED_FACE('',(#1467),#1548,.F.);
#1622=ADVANCED_FACE('',(#1468),#1549,.T.);
#1623=ADVANCED_FACE('',(#1469),#1550,.T.);
#1624=ADVANCED_FACE('',(#1470),#1551,.T.);
#1625=ADVANCED_FACE('',(#1471),#1552,.T.);
#1626=ADVANCED_FACE('',(#1472),#1553,.T.);
#1627=ADVANCED_FACE('',(#1473),#1554,.T.);
#1628=ADVANCED_FACE('',(#1474),#1555,.T.);
#1629=ADVANCED_FACE('',(#1475),#1556,.T.);
#1630=ADVANCED_FACE('',(#1476),#1557,.F.);
#1631=ADVANCED_FACE('',(#1477),#1558,.T.);
#1632=ADVANCED_FACE('',(#1478),#1559,.T.);
#1633=ADVANCED_FACE('',(#1479),#1560,.T.);
#1634=ADVANCED_FACE('',(#1480),#1561,.T.);
#1635=ADVANCED_FACE('',(#1481),#1562,.T.);
#1636=ADVANCED_FACE('',(#1482),#1563,.T.);
#1637=ADVANCED_FACE('',(#1483),#1564,.T.);
#1638=ADVANCED_FACE('',(#1484),#1565,.T.);
#1639=ADVANCED_FACE('',(#1485),#1566,.F.);
#1640=ADVANCED_FACE('',(#1486),#1567,.T.);
#1641=ADVANCED_FACE('',(#1487),#1568,.T.);
#1642=ADVANCED_FACE('',(#1488),#1569,.T.);
#1643=ADVANCED_FACE('',(#1489),#1570,.T.);
#1644=ADVANCED_FACE('',(#1490),#1571,.T.);
#1645=ADVANCED_FACE('',(#1491),#1572,.T.);
#1646=ADVANCED_FACE('',(#1492),#1573,.F.);
#1647=ADVANCED_FACE('',(#1493),#1574,.F.);
#1648=ADVANCED_FACE('',(#1494),#1575,.F.);
#1649=ADVANCED_FACE('',(#1495,#1496),#15,.F.);
#1650=ADVANCED_FACE('',(#1497,#1498),#16,.F.);
#1651=ADVANCED_FACE('',(#1499,#1500),#17,.F.);
#1652=ADVANCED_FACE('',(#1501,#1502),#18,.F.);
#1653=ADVANCED_FACE('',(#1503,#1504),#19,.F.);
#1654=ADVANCED_FACE('',(#1505),#53,.F.);
#1655=ADVANCED_FACE('',(#1506,#1507),#20,.F.);
#1656=ADVANCED_FACE('',(#1508),#21,.T.);
#1657=CLOSED_SHELL('',(#1576,#1577,#1578,#1579,#1580,#1581,#1582,#1583,
#1584,#1585,#1586,#1587,#1588,#1589,#1590,#1591,#1592,#1593,#1594,#1595,
#1596,#1597,#1598,#1599,#1600,#1601,#1602,#1603,#1604,#1605,#1606,#1607,
#1608,#1609,#1610,#1611,#1612,#1613,#1614,#1615,#1616,#1617,#1618,#1619,
#1620,#1621,#1622,#1623,#1624,#1625,#1626,#1627,#1628,#1629,#1630,#1631,
#1632,#1633,#1634,#1635,#1636,#1637,#1638,#1639,#1640,#1641,#1642,#1643,
#1644,#1645,#1646,#1647,#1648,#1649,#1650,#1651,#1652,#1653,#1654,#1655,
#1656));
#1658=STYLED_ITEM('',(#1659),#1666);
#1659=PRESENTATION_STYLE_ASSIGNMENT((#1660));
#1660=SURFACE_STYLE_USAGE(.BOTH.,#1661);
#1661=SURFACE_SIDE_STYLE('',(#1662));
#1662=SURFACE_STYLE_FILL_AREA(#1663);
#1663=FILL_AREA_STYLE('',(#1664));
#1664=FILL_AREA_STYLE_COLOUR('',#1665);
#1665=COLOUR_RGB('',0.615686274509804,0.811764705882353,0.929411764705882);
#1666=MANIFOLD_SOLID_BREP('Part 1',#1657);
#1667=SHAPE_DEFINITION_REPRESENTATION(#2961,#1668);
#1668=SHAPE_REPRESENTATION('Part 1',(#1669),#2956);
#1669=AXIS2_PLACEMENT_3D('',#2166,#1767,#1768);
#1670=AXIS2_PLACEMENT_3D('',#2167,#1769,#1770);
#1671=AXIS2_PLACEMENT_3D('',#2176,#1775,#1776);
#1672=AXIS2_PLACEMENT_3D('',#2182,#1780,#1781);
#1673=AXIS2_PLACEMENT_3D('',#2479,#1788,#1789);
#1674=AXIS2_PLACEMENT_3D('',#2485,#1793,#1794);
#1675=AXIS2_PLACEMENT_3D('',#2491,#1798,#1799);
#1676=AXIS2_PLACEMENT_3D('',#2497,#1803,#1804);
#1677=AXIS2_PLACEMENT_3D('',#2500,#1807,#1808);
#1678=AXIS2_PLACEMENT_3D('',#2501,#1809,#1810);
#1679=AXIS2_PLACEMENT_3D('',#2504,#1811,#1812);
#1680=AXIS2_PLACEMENT_3D('',#2514,#1814,#1815);
#1681=AXIS2_PLACEMENT_3D('',#2516,#1816,#1817);
#1682=AXIS2_PLACEMENT_3D('',#2637,#1875,#1876);
#1683=AXIS2_PLACEMENT_3D('',#2639,#1877,#1878);
#1684=AXIS2_PLACEMENT_3D('',#2641,#1879,#1880);
#1685=AXIS2_PLACEMENT_3D('',#2643,#1881,#1882);
#1686=AXIS2_PLACEMENT_3D('',#2645,#1883,#1884);
#1687=AXIS2_PLACEMENT_3D('',#2647,#1885,#1886);
#1688=AXIS2_PLACEMENT_3D('',#2649,#1887,#1888);
#1689=AXIS2_PLACEMENT_3D('',#2653,#1890,#1891);
#1690=AXIS2_PLACEMENT_3D('',#2655,#1892,#1893);
#1691=AXIS2_PLACEMENT_3D('',#2777,#1951,#1952);
#1692=AXIS2_PLACEMENT_3D('',#2779,#1953,#1954);
#1693=AXIS2_PLACEMENT_3D('',#2786,#1955,#1956);
#1694=AXIS2_PLACEMENT_3D('',#2788,#1957,#1958);
#1695=AXIS2_PLACEMENT_3D('',#2790,#1959,#1960);
#1696=AXIS2_PLACEMENT_3D('',#2792,#1961,#1962);
#1697=AXIS2_PLACEMENT_3D('',#2794,#1963,#1964);
#1698=AXIS2_PLACEMENT_3D('',#2796,#1965,#1966);
#1699=AXIS2_PLACEMENT_3D('',#2798,#1967,#1968);
#1700=AXIS2_PLACEMENT_3D('',#2800,#1970,#1971);
#1701=AXIS2_PLACEMENT_3D('',#2802,#1973,#1974);
#1702=AXIS2_PLACEMENT_3D('',#2804,#1976,#1977);
#1703=AXIS2_PLACEMENT_3D('',#2816,#1981,#1982);
#1704=AXIS2_PLACEMENT_3D('',#2818,#1984,#1985);
#1705=AXIS2_PLACEMENT_3D('',#2820,#1987,#1988);
#1706=AXIS2_PLACEMENT_3D('',#2822,#1990,#1991);
#1707=AXIS2_PLACEMENT_3D('',#2824,#1993,#1994);
#1708=AXIS2_PLACEMENT_3D('',#2826,#1996,#1997);
#1709=AXIS2_PLACEMENT_3D('',#2828,#1999,#2000);
#1710=AXIS2_PLACEMENT_3D('',#2830,#2002,#2003);
#1711=AXIS2_PLACEMENT_3D('',#2832,#2005,#2006);
#1712=AXIS2_PLACEMENT_3D('',#2834,#2008,#2009);
#1713=AXIS2_PLACEMENT_3D('',#2836,#2011,#2012);
#1714=AXIS2_PLACEMENT_3D('',#2838,#2014,#2015);
#1715=AXIS2_PLACEMENT_3D('',#2840,#2017,#2018);
#1716=AXIS2_PLACEMENT_3D('',#2842,#2020,#2021);
#1717=AXIS2_PLACEMENT_3D('',#2844,#2023,#2024);
#1718=AXIS2_PLACEMENT_3D('',#2846,#2026,#2027);
#1719=AXIS2_PLACEMENT_3D('',#2848,#2029,#2030);
#1720=AXIS2_PLACEMENT_3D('',#2850,#2032,#2033);
#1721=AXIS2_PLACEMENT_3D('',#2852,#2035,#2036);
#1722=AXIS2_PLACEMENT_3D('',#2854,#2038,#2039);
#1723=AXIS2_PLACEMENT_3D('',#2856,#2041,#2042);
#1724=AXIS2_PLACEMENT_3D('',#2858,#2044,#2045);
#1725=AXIS2_PLACEMENT_3D('',#2860,#2047,#2048);
#1726=AXIS2_PLACEMENT_3D('',#2862,#2050,#2051);
#1727=AXIS2_PLACEMENT_3D('',#2864,#2053,#2054);
#1728=AXIS2_PLACEMENT_3D('',#2866,#2056,#2057);
#1729=AXIS2_PLACEMENT_3D('',#2868,#2059,#2060);
#1730=AXIS2_PLACEMENT_3D('',#2870,#2062,#2063);
#1731=AXIS2_PLACEMENT_3D('',#2872,#2065,#2066);
#1732=AXIS2_PLACEMENT_3D('',#2874,#2068,#2069);
#1733=AXIS2_PLACEMENT_3D('',#2876,#2071,#2072);
#1734=AXIS2_PLACEMENT_3D('',#2878,#2074,#2075);
#1735=AXIS2_PLACEMENT_3D('',#2880,#2077,#2078);
#1736=AXIS2_PLACEMENT_3D('',#2882,#2080,#2081);
#1737=AXIS2_PLACEMENT_3D('',#2884,#2083,#2084);
#1738=AXIS2_PLACEMENT_3D('',#2886,#2086,#2087);
#1739=AXIS2_PLACEMENT_3D('',#2888,#2089,#2090);
#1740=AXIS2_PLACEMENT_3D('',#2890,#2092,#2093);
#1741=AXIS2_PLACEMENT_3D('',#2892,#2095,#2096);
#1742=AXIS2_PLACEMENT_3D('',#2894,#2098,#2099);
#1743=AXIS2_PLACEMENT_3D('',#2896,#2101,#2102);
#1744=AXIS2_PLACEMENT_3D('',#2898,#2104,#2105);
#1745=AXIS2_PLACEMENT_3D('',#2900,#2107,#2108);
#1746=AXIS2_PLACEMENT_3D('',#2902,#2110,#2111);
#1747=AXIS2_PLACEMENT_3D('',#2904,#2113,#2114);
#1748=AXIS2_PLACEMENT_3D('',#2906,#2116,#2117);
#1749=AXIS2_PLACEMENT_3D('',#2908,#2119,#2120);
#1750=AXIS2_PLACEMENT_3D('',#2910,#2122,#2123);
#1751=AXIS2_PLACEMENT_3D('',#2912,#2125,#2126);
#1752=AXIS2_PLACEMENT_3D('',#2914,#2128,#2129);
#1753=AXIS2_PLACEMENT_3D('',#2916,#2131,#2132);
#1754=AXIS2_PLACEMENT_3D('',#2918,#2134,#2135);
#1755=AXIS2_PLACEMENT_3D('',#2920,#2137,#2138);
#1756=AXIS2_PLACEMENT_3D('',#2922,#2140,#2141);
#1757=AXIS2_PLACEMENT_3D('',#2924,#2143,#2144);
#1758=AXIS2_PLACEMENT_3D('',#2926,#2146,#2147);
#1759=AXIS2_PLACEMENT_3D('',#2928,#2149,#2150);
#1760=AXIS2_PLACEMENT_3D('',#2930,#2152,#2153);
#1761=AXIS2_PLACEMENT_3D('',#2931,#2154,#2155);
#1762=AXIS2_PLACEMENT_3D('',#2932,#2156,#2157);
#1763=AXIS2_PLACEMENT_3D('',#2933,#2158,#2159);
#1764=AXIS2_PLACEMENT_3D('',#2934,#2160,#2161);
#1765=AXIS2_PLACEMENT_3D('',#2953,#2162,#2163);
#1766=AXIS2_PLACEMENT_3D('',#2954,#2164,#2165);
#1767=DIRECTION('',(0.,0.,1.));
#1768=DIRECTION('',(1.,0.,0.));
#1769=DIRECTION('',(-1.,0.,0.));
#1770=DIRECTION('',(0.,0.,1.));
#1771=DIRECTION('',(0.,0.,1.));
#1772=DIRECTION('',(0.,1.,0.));
#1773=DIRECTION('',(0.,0.,1.));
#1774=DIRECTION('',(0.,1.,0.));
#1775=DIRECTION('',(0.505888039551924,0.,0.862599148758165));
#1776=DIRECTION('',(0.862599148758165,0.,-0.505888039551924));
#1777=DIRECTION('',(0.862599148758165,0.,-0.505888039551924));
#1778=DIRECTION('',(0.,1.,0.));
#1779=DIRECTION('',(0.862599148758165,0.,-0.505888039551924));
#1780=DIRECTION('',(0.930272930554191,0.,-0.366868197965042));
#1781=DIRECTION('',(-0.366868197965042,0.,-0.930272930554191));
#1782=DIRECTION('',(-0.366868197965042,0.,-0.930272930554191));
#1783=DIRECTION('',(0.,1.,0.));
#1784=DIRECTION('',(-0.366868197965042,0.,-0.930272930554191));
#1785=DIRECTION('',(0.,1.,0.));
#1786=DIRECTION('',(0.,1.,0.));
#1787=DIRECTION('',(0.,1.,0.));
#1788=DIRECTION('',(0.757720188659874,0.,-0.652579585719049));
#1789=DIRECTION('',(-0.652579585719049,0.,-0.757720188659874));
#1790=DIRECTION('',(-0.652579585719049,0.,-0.757720188659874));
#1791=DIRECTION('',(0.,1.,0.));
#1792=DIRECTION('',(-0.652579585719049,0.,-0.757720188659874));
#1793=DIRECTION('',(0.50588803955194,0.,0.862599148758156));
#1794=DIRECTION('',(0.862599148758156,0.,-0.50588803955194));
#1795=DIRECTION('',(0.862599148758156,0.,-0.50588803955194));
#1796=DIRECTION('',(0.,1.,0.));
#1797=DIRECTION('',(0.862599148758156,0.,-0.50588803955194));
#1798=DIRECTION('',(0.514106667830154,0.,-0.8577262582506));
#1799=DIRECTION('',(-0.8577262582506,0.,-0.514106667830154));
#1800=DIRECTION('',(-0.8577262582506,0.,-0.514106667830154));
#1801=DIRECTION('',(0.,1.,0.));
#1802=DIRECTION('',(-0.8577262582506,0.,-0.514106667830154));
#1803=DIRECTION('',(0.505888039551929,0.,0.862599148758162));
#1804=DIRECTION('',(0.862599148758162,0.,-0.505888039551929));
#1805=DIRECTION('',(0.862599148758162,0.,-0.505888039551929));
#1806=DIRECTION('',(0.862599148758162,0.,-0.505888039551929));
#1807=DIRECTION('',(0.,-1.,0.));
#1808=DIRECTION('',(1.,0.,0.));
#1809=DIRECTION('',(0.,-1.,0.));
#1810=DIRECTION('',(0.,0.,-1.));
#1811=DIRECTION('',(0.,-1.,0.));
#1812=DIRECTION('',(0.,0.,-1.));
#1813=DIRECTION('',(0.174631514416515,0.,-0.984633857925165));
#1814=DIRECTION('',(0.,1.,0.));
#1815=DIRECTION('',(0.,0.,1.));
#1816=DIRECTION('',(0.,-1.,0.));
#1817=DIRECTION('',(0.,0.,-1.));
#1818=DIRECTION('',(-0.28639654555986,0.,-0.958111172407137));
#1819=DIRECTION('',(-0.958111172407133,0.,0.286396545559874));
#1820=DIRECTION('',(0.,0.,1.));
#1821=DIRECTION('',(-0.958111172407132,0.,0.286396545559877));
#1822=DIRECTION('',(-0.564963367299855,0.,-0.825115987973333));
#1823=DIRECTION('',(0.0524083677392002,0.,-0.99862573719633));
#1824=DIRECTION('',(0.958111172407131,0.,-0.28639654555988));
#1825=DIRECTION('',(0.580470468233344,0.,0.814281299987273));
#1826=DIRECTION('',(0.958111172407138,0.,-0.286396545559859));
#1827=DIRECTION('',(-0.286396545559876,0.,-0.958111172407133));
#1828=DIRECTION('',(0.958111172407124,0.,-0.286396545559904));
#1829=DIRECTION('',(0.,0.,-1.));
#1830=DIRECTION('',(0.976641412952081,0.,-0.214875662900578));
#1831=DIRECTION('',(0.57477163116193,0.,0.818313859109972));
#1832=DIRECTION('',(-0.210203632840319,0.,0.977657625521702));
#1833=DIRECTION('',(-0.958111172407137,0.,0.28639654555986));
#1834=DIRECTION('',(-0.557424354868812,0.,-0.830227732973965));
#1835=DIRECTION('',(-0.958111172407127,0.,0.286396545559896));
#1836=DIRECTION('',(-0.286396545559873,0.,-0.958111172407133));
#1837=DIRECTION('',(0.95811117240713,0.,-0.286396545559885));
#1838=DIRECTION('',(0.,0.,-1.));
#1839=DIRECTION('',(0.958111172407132,0.,-0.286396545559879));
#1840=DIRECTION('',(0.578035062655073,0.,0.81601192781806));
#1841=DIRECTION('',(-0.186059848606725,0.,0.982538412855418));
#1842=DIRECTION('',(-0.933858411627742,0.,0.357642932311141));
#1843=DIRECTION('',(-0.594436658080713,0.,-0.804142437339203));
#1844=DIRECTION('',(-0.804142437339212,0.,0.594436658080701));
#1845=DIRECTION('',(-0.286396545559874,0.,-0.958111172407133));
#1846=DIRECTION('',(0.958111172407137,0.,-0.286396545559862));
#1847=DIRECTION('',(0.,0.,-1.));
#1848=DIRECTION('',(0.959469605137813,0.,-0.281812130357601));
#1849=DIRECTION('',(0.623502509808896,0.,0.781821348046987));
#1850=DIRECTION('',(-0.148251388889243,0.,0.988949708373692));
#1851=DIRECTION('',(-0.955533617832061,0.,0.294882188666546));
#1852=DIRECTION('',(-0.563720983215702,0.,-0.825965285639973));
#1853=DIRECTION('',(-0.972279516286957,0.,0.233821603383437));
#1854=DIRECTION('',(-0.286396545559875,0.,-0.958111172407133));
#1855=DIRECTION('',(0.958111172407133,0.,-0.286396545559875));
#1856=DIRECTION('',(0.,0.,-1.));
#1857=DIRECTION('',(0.988285790102928,0.,-0.152614537579587));
#1858=DIRECTION('',(0.561327440643664,0.,0.827593803976585));
#1859=DIRECTION('',(-0.0976212587966925,0.,0.99522363809897));
#1860=DIRECTION('',(-0.958111172407133,0.,0.286396545559873));
#1861=DIRECTION('',(-0.494139810242796,0.,-0.869382452050427));
#1862=DIRECTION('',(-0.958111172407142,0.,0.286396545559844));
#1863=DIRECTION('',(-0.286396545559876,0.,-0.958111172407133));
#1864=DIRECTION('',(0.958111172407137,0.,-0.286396545559862));
#1865=DIRECTION('',(0.,0.,-1.));
#1866=DIRECTION('',(0.960901132803694,0.,-0.276891699002656));
#1867=DIRECTION('',(0.560299302509286,0.,0.828290221847154));
#1868=DIRECTION('',(-0.114762588977708,0.,0.993392947514292));
#1869=DIRECTION('',(-0.905401492283822,0.,0.424556401165061));
#1870=DIRECTION('',(0.600984068364131,0.,0.79926100215918));
#1871=DIRECTION('',(0.958111172407129,0.,-0.286396545559887));
#1872=DIRECTION('',(-0.286396545559872,0.,-0.958111172407134));
#1873=DIRECTION('',(-0.0118091762226124,0.,-0.999930269247283));
#1874=DIRECTION('',(-0.0118495468302766,0.,0.999929791655353));
#1875=DIRECTION('',(0.,-1.,0.));
#1876=DIRECTION('',(0.,0.,-1.));
#1877=DIRECTION('',(0.,-1.,0.));
#1878=DIRECTION('',(0.,0.,-1.));
#1879=DIRECTION('',(0.,-1.,0.));
#1880=DIRECTION('',(0.,0.,-1.));
#1881=DIRECTION('',(0.,-1.,0.));
#1882=DIRECTION('',(0.,0.,-1.));
#1883=DIRECTION('',(0.,-1.,0.));
#1884=DIRECTION('',(0.,0.,-1.));
#1885=DIRECTION('',(0.,-1.,0.));
#1886=DIRECTION('',(0.,0.,-1.));
#1887=DIRECTION('',(0.,-1.,0.));
#1888=DIRECTION('',(1.,0.,0.));
#1889=DIRECTION('',(0.174631514416515,0.,-0.984633857925165));
#1890=DIRECTION('',(0.,-1.,0.));
#1891=DIRECTION('',(0.,0.,-1.));
#1892=DIRECTION('',(0.,-1.,0.));
#1893=DIRECTION('',(0.,0.,-1.));
#1894=DIRECTION('',(-0.0118495468302766,0.,0.999929791655353));
#1895=DIRECTION('',(-0.0118091762226124,0.,-0.999930269247283));
#1896=DIRECTION('',(-0.286396545559872,0.,-0.958111172407134));
#1897=DIRECTION('',(0.958111172407129,0.,-0.286396545559887));
#1898=DIRECTION('',(0.600984068364131,0.,0.79926100215918));
#1899=DIRECTION('',(-0.905401492283822,0.,0.424556401165061));
#1900=DIRECTION('',(-0.114762588977708,0.,0.993392947514292));
#1901=DIRECTION('',(0.560299302509286,0.,0.828290221847154));
#1902=DIRECTION('',(0.960901132803694,0.,-0.276891699002656));
#1903=DIRECTION('',(0.,0.,-1.));
#1904=DIRECTION('',(0.958111172407137,0.,-0.286396545559862));
#1905=DIRECTION('',(-0.286396545559876,0.,-0.958111172407133));
#1906=DIRECTION('',(-0.958111172407142,0.,0.286396545559844));
#1907=DIRECTION('',(-0.494139810242796,0.,-0.869382452050427));
#1908=DIRECTION('',(-0.958111172407133,0.,0.286396545559873));
#1909=DIRECTION('',(-0.0976212587966925,0.,0.99522363809897));
#1910=DIRECTION('',(0.561327440643664,0.,0.827593803976585));
#1911=DIRECTION('',(0.988285790102928,0.,-0.152614537579587));
#1912=DIRECTION('',(0.,0.,-1.));
#1913=DIRECTION('',(0.958111172407133,0.,-0.286396545559875));
#1914=DIRECTION('',(-0.286396545559875,0.,-0.958111172407133));
#1915=DIRECTION('',(-0.972279516286957,0.,0.233821603383437));
#1916=DIRECTION('',(-0.563720983215702,0.,-0.825965285639973));
#1917=DIRECTION('',(-0.955533617832061,0.,0.294882188666546));
#1918=DIRECTION('',(-0.148251388889243,0.,0.988949708373692));
#1919=DIRECTION('',(0.623502509808896,0.,0.781821348046987));
#1920=DIRECTION('',(0.959469605137813,0.,-0.281812130357601));
#1921=DIRECTION('',(0.,0.,-1.));
#1922=DIRECTION('',(0.958111172407137,0.,-0.286396545559862));
#1923=DIRECTION('',(-0.286396545559874,0.,-0.958111172407133));
#1924=DIRECTION('',(-0.804142437339212,0.,0.594436658080701));
#1925=DIRECTION('',(-0.594436658080713,0.,-0.804142437339203));
#1926=DIRECTION('',(-0.933858411627742,0.,0.357642932311141));
#1927=DIRECTION('',(-0.186059848606725,0.,0.982538412855418));
#1928=DIRECTION('',(0.578035062655073,0.,0.81601192781806));
#1929=DIRECTION('',(0.958111172407132,0.,-0.286396545559879));
#1930=DIRECTION('',(0.,0.,-1.));
#1931=DIRECTION('',(0.95811117240713,0.,-0.286396545559885));
#1932=DIRECTION('',(-0.286396545559873,0.,-0.958111172407133));
#1933=DIRECTION('',(-0.958111172407127,0.,0.286396545559896));
#1934=DIRECTION('',(-0.557424354868812,0.,-0.830227732973965));
#1935=DIRECTION('',(-0.958111172407137,0.,0.28639654555986));
#1936=DIRECTION('',(-0.210203632840319,0.,0.977657625521702));
#1937=DIRECTION('',(0.57477163116193,0.,0.818313859109972));
#1938=DIRECTION('',(0.976641412952081,0.,-0.214875662900578));
#1939=DIRECTION('',(0.,0.,-1.));
#1940=DIRECTION('',(0.958111172407124,0.,-0.286396545559904));
#1941=DIRECTION('',(-0.286396545559876,0.,-0.958111172407133));
#1942=DIRECTION('',(0.958111172407138,0.,-0.286396545559859));
#1943=DIRECTION('',(0.580470468233344,0.,0.814281299987273));
#1944=DIRECTION('',(0.958111172407131,0.,-0.28639654555988));
#1945=DIRECTION('',(0.0524083677392002,0.,-0.99862573719633));
#1946=DIRECTION('',(-0.564963367299855,0.,-0.825115987973333));
#1947=DIRECTION('',(-0.958111172407132,0.,0.286396545559877));
#1948=DIRECTION('',(0.,0.,1.));
#1949=DIRECTION('',(-0.958111172407133,0.,0.286396545559874));
#1950=DIRECTION('',(-0.28639654555986,0.,-0.958111172407137));
#1951=DIRECTION('',(0.,-1.,0.));
#1952=DIRECTION('',(0.,0.,-1.));
#1953=DIRECTION('',(0.,1.,0.));
#1954=DIRECTION('',(0.,0.,1.));
#1955=DIRECTION('',(0.,-1.,0.));
#1956=DIRECTION('',(0.,0.,-1.));
#1957=DIRECTION('',(0.,-1.,0.));
#1958=DIRECTION('',(0.,0.,-1.));
#1959=DIRECTION('',(0.,-1.,0.));
#1960=DIRECTION('',(0.,0.,-1.));
#1961=DIRECTION('',(0.,-1.,0.));
#1962=DIRECTION('',(0.,0.,-1.));
#1963=DIRECTION('',(0.,-1.,0.));
#1964=DIRECTION('',(0.,0.,-1.));
#1965=DIRECTION('',(0.,-1.,0.));
#1966=DIRECTION('',(0.,0.,-1.));
#1967=DIRECTION('',(0.999930269247283,0.,-0.0118091762226124));
#1968=DIRECTION('',(-0.0118091762226124,0.,-0.999930269247283));
#1969=DIRECTION('',(0.,1.,0.));
#1970=DIRECTION('',(-0.999929791655353,0.,-0.0118495468302766));
#1971=DIRECTION('',(-0.0118495468302766,0.,0.999929791655353));
#1972=DIRECTION('',(0.,1.,0.));
#1973=DIRECTION('',(0.,1.,0.));
#1974=DIRECTION('',(0.,0.,1.));
#1975=DIRECTION('',(0.,1.,0.));
#1976=DIRECTION('',(0.984633857925165,0.,0.174631514416515));
#1977=DIRECTION('',(0.174631514416515,0.,-0.984633857925165));
#1978=DIRECTION('',(0.,1.,0.));
#1979=DIRECTION('',(0.,1.,0.));
#1980=DIRECTION('',(0.,1.,0.));
#1981=DIRECTION('',(0.,1.,0.));
#1982=DIRECTION('',(-0.2613326585058,0.,0.965248797770964));
#1983=DIRECTION('',(0.,1.,0.));
#1984=DIRECTION('',(0.,1.,0.));
#1985=DIRECTION('',(0.,0.,1.));
#1986=DIRECTION('',(0.,1.,0.));
#1987=DIRECTION('',(0.958111172407137,0.,-0.28639654555986));
#1988=DIRECTION('',(-0.28639654555986,0.,-0.958111172407137));
#1989=DIRECTION('',(0.,1.,0.));
#1990=DIRECTION('',(-0.286396545559874,0.,-0.958111172407133));
#1991=DIRECTION('',(-0.958111172407133,0.,0.286396545559874));
#1992=DIRECTION('',(0.,1.,0.));
#1993=DIRECTION('',(-1.,0.,0.));
#1994=DIRECTION('',(0.,0.,1.));
#1995=DIRECTION('',(0.,1.,0.));
#1996=DIRECTION('',(-0.286396545559877,0.,-0.958111172407132));
#1997=DIRECTION('',(-0.958111172407132,0.,0.286396545559877));
#1998=DIRECTION('',(0.,1.,0.));
#1999=DIRECTION('',(0.825115987973333,0.,-0.564963367299855));
#2000=DIRECTION('',(-0.564963367299855,0.,-0.825115987973333));
#2001=DIRECTION('',(0.,1.,0.));
#2002=DIRECTION('',(0.99862573719633,0.,0.0524083677392002));
#2003=DIRECTION('',(0.0524083677392002,0.,-0.99862573719633));
#2004=DIRECTION('',(0.,1.,0.));
#2005=DIRECTION('',(0.28639654555988,0.,0.958111172407131));
#2006=DIRECTION('',(0.958111172407132,0.,-0.28639654555988));
#2007=DIRECTION('',(0.,1.,0.));
#2008=DIRECTION('',(-0.814281299987272,0.,0.580470468233344));
#2009=DIRECTION('',(0.580470468233344,0.,0.814281299987273));
#2010=DIRECTION('',(0.,1.,0.));
#2011=DIRECTION('',(0.286396545559859,0.,0.958111172407138));
#2012=DIRECTION('',(0.958111172407138,0.,-0.286396545559859));
#2013=DIRECTION('',(0.,1.,0.));
#2014=DIRECTION('',(0.958111172407133,0.,-0.286396545559876));
#2015=DIRECTION('',(-0.286396545559876,0.,-0.958111172407133));
#2016=DIRECTION('',(0.,1.,0.));
#2017=DIRECTION('',(0.286396545559904,0.,0.958111172407124));
#2018=DIRECTION('',(0.958111172407124,0.,-0.286396545559904));
#2019=DIRECTION('',(0.,1.,0.));
#2020=DIRECTION('',(1.,0.,0.));
#2021=DIRECTION('',(0.,0.,-1.));
#2022=DIRECTION('',(0.,1.,0.));
#2023=DIRECTION('',(0.214875662900578,0.,0.976641412952081));
#2024=DIRECTION('',(0.976641412952081,0.,-0.214875662900578));
#2025=DIRECTION('',(0.,1.,0.));
#2026=DIRECTION('',(-0.818313859109971,0.,0.57477163116193));
#2027=DIRECTION('',(0.57477163116193,0.,0.818313859109972));
#2028=DIRECTION('',(0.,1.,0.));
#2029=DIRECTION('',(-0.977657625521702,0.,-0.210203632840319));
#2030=DIRECTION('',(-0.210203632840319,0.,0.977657625521702));
#2031=DIRECTION('',(0.,1.,0.));
#2032=DIRECTION('',(-0.28639654555986,0.,-0.958111172407137));
#2033=DIRECTION('',(-0.958111172407137,0.,0.28639654555986));
#2034=DIRECTION('',(0.,1.,0.));
#2035=DIRECTION('',(0.830227732973965,0.,-0.557424354868812));
#2036=DIRECTION('',(-0.557424354868812,0.,-0.830227732973965));
#2037=DIRECTION('',(0.,1.,0.));
#2038=DIRECTION('',(-0.286396545559896,0.,-0.958111172407127));
#2039=DIRECTION('',(-0.958111172407127,0.,0.286396545559896));
#2040=DIRECTION('',(0.,1.,0.));
#2041=DIRECTION('',(0.958111172407133,0.,-0.286396545559873));
#2042=DIRECTION('',(-0.286396545559873,0.,-0.958111172407133));
#2043=DIRECTION('',(0.,1.,0.));
#2044=DIRECTION('',(0.286396545559885,0.,0.95811117240713));
#2045=DIRECTION('',(0.95811117240713,0.,-0.286396545559885));
#2046=DIRECTION('',(0.,1.,0.));
#2047=DIRECTION('',(1.,0.,0.));
#2048=DIRECTION('',(0.,0.,-1.));
#2049=DIRECTION('',(0.,1.,0.));
#2050=DIRECTION('',(0.286396545559879,0.,0.958111172407132));
#2051=DIRECTION('',(0.958111172407132,0.,-0.286396545559879));
#2052=DIRECTION('',(0.,1.,0.));
#2053=DIRECTION('',(-0.816011927818059,0.,0.578035062655073));
#2054=DIRECTION('',(0.578035062655073,0.,0.81601192781806));
#2055=DIRECTION('',(0.,1.,0.));
#2056=DIRECTION('',(-0.982538412855417,0.,-0.186059848606724));
#2057=DIRECTION('',(-0.186059848606725,0.,0.982538412855418));
#2058=DIRECTION('',(0.,1.,0.));
#2059=DIRECTION('',(-0.357642932311141,0.,-0.933858411627742));
#2060=DIRECTION('',(-0.933858411627742,0.,0.357642932311141));
#2061=DIRECTION('',(0.,1.,0.));
#2062=DIRECTION('',(0.804142437339202,0.,-0.594436658080713));
#2063=DIRECTION('',(-0.594436658080713,0.,-0.804142437339203));
#2064=DIRECTION('',(0.,1.,0.));
#2065=DIRECTION('',(-0.594436658080701,0.,-0.804142437339212));
#2066=DIRECTION('',(-0.804142437339212,0.,0.594436658080701));
#2067=DIRECTION('',(0.,1.,0.));
#2068=DIRECTION('',(0.958111172407133,0.,-0.286396545559874));
#2069=DIRECTION('',(-0.286396545559874,0.,-0.958111172407133));
#2070=DIRECTION('',(0.,1.,0.));
#2071=DIRECTION('',(0.286396545559862,0.,0.958111172407137));
#2072=DIRECTION('',(0.958111172407137,0.,-0.286396545559862));
#2073=DIRECTION('',(0.,1.,0.));
#2074=DIRECTION('',(1.,0.,0.));
#2075=DIRECTION('',(0.,0.,-1.));
#2076=DIRECTION('',(0.,1.,0.));
#2077=DIRECTION('',(0.281812130357601,0.,0.959469605137813));
#2078=DIRECTION('',(0.959469605137813,0.,-0.281812130357601));
#2079=DIRECTION('',(0.,1.,0.));
#2080=DIRECTION('',(-0.781821348046987,0.,0.623502509808896));
#2081=DIRECTION('',(0.623502509808896,0.,0.781821348046987));
#2082=DIRECTION('',(0.,1.,0.));
#2083=DIRECTION('',(-0.988949708373692,0.,-0.148251388889243));
#2084=DIRECTION('',(-0.148251388889243,0.,0.988949708373692));
#2085=DIRECTION('',(0.,1.,0.));
#2086=DIRECTION('',(-0.294882188666546,0.,-0.955533617832061));
#2087=DIRECTION('',(-0.955533617832061,0.,0.294882188666546));
#2088=DIRECTION('',(0.,1.,0.));
#2089=DIRECTION('',(0.825965285639973,0.,-0.563720983215702));
#2090=DIRECTION('',(-0.563720983215702,0.,-0.825965285639973));
#2091=DIRECTION('',(0.,1.,0.));
#2092=DIRECTION('',(-0.233821603383437,0.,-0.972279516286957));
#2093=DIRECTION('',(-0.972279516286957,0.,0.233821603383437));
#2094=DIRECTION('',(0.,1.,0.));
#2095=DIRECTION('',(0.958111172407133,0.,-0.286396545559875));
#2096=DIRECTION('',(-0.286396545559875,0.,-0.958111172407133));
#2097=DIRECTION('',(0.,1.,0.));
#2098=DIRECTION('',(0.286396545559875,0.,0.958111172407133));
#2099=DIRECTION('',(0.958111172407133,0.,-0.286396545559875));
#2100=DIRECTION('',(0.,1.,0.));
#2101=DIRECTION('',(1.,0.,0.));
#2102=DIRECTION('',(0.,0.,-1.));
#2103=DIRECTION('',(0.,1.,0.));
#2104=DIRECTION('',(0.152614537579587,0.,0.988285790102928));
#2105=DIRECTION('',(0.988285790102928,0.,-0.152614537579587));
#2106=DIRECTION('',(0.,1.,0.));
#2107=DIRECTION('',(-0.827593803976585,0.,0.561327440643664));
#2108=DIRECTION('',(0.561327440643664,0.,0.827593803976585));
#2109=DIRECTION('',(0.,1.,0.));
#2110=DIRECTION('',(-0.99522363809897,0.,-0.0976212587966925));
#2111=DIRECTION('',(-0.0976212587966925,0.,0.99522363809897));
#2112=DIRECTION('',(0.,1.,0.));
#2113=DIRECTION('',(-0.286396545559873,0.,-0.958111172407133));
#2114=DIRECTION('',(-0.958111172407134,0.,0.286396545559873));
#2115=DIRECTION('',(0.,1.,0.));
#2116=DIRECTION('',(0.869382452050428,0.,-0.494139810242796));
#2117=DIRECTION('',(-0.494139810242796,0.,-0.869382452050428));
#2118=DIRECTION('',(0.,1.,0.));
#2119=DIRECTION('',(-0.286396545559844,0.,-0.958111172407142));
#2120=DIRECTION('',(-0.958111172407142,0.,0.286396545559844));
#2121=DIRECTION('',(0.,1.,0.));
#2122=DIRECTION('',(0.958111172407133,0.,-0.286396545559876));
#2123=DIRECTION('',(-0.286396545559876,0.,-0.958111172407133));
#2124=DIRECTION('',(0.,1.,0.));
#2125=DIRECTION('',(0.286396545559862,0.,0.958111172407137));
#2126=DIRECTION('',(0.958111172407137,0.,-0.286396545559862));
#2127=DIRECTION('',(0.,1.,0.));
#2128=DIRECTION('',(1.,0.,0.));
#2129=DIRECTION('',(0.,0.,-1.));
#2130=DIRECTION('',(0.,1.,0.));
#2131=DIRECTION('',(0.276891699002656,0.,0.960901132803694));
#2132=DIRECTION('',(0.960901132803694,0.,-0.276891699002656));
#2133=DIRECTION('',(0.,1.,0.));
#2134=DIRECTION('',(-0.828290221847154,0.,0.560299302509286));
#2135=DIRECTION('',(0.560299302509286,0.,0.828290221847154));
#2136=DIRECTION('',(0.,1.,0.));
#2137=DIRECTION('',(-0.993392947514292,0.,-0.114762588977708));
#2138=DIRECTION('',(-0.114762588977708,0.,0.993392947514292));
#2139=DIRECTION('',(0.,1.,0.));
#2140=DIRECTION('',(-0.424556401165061,0.,-0.905401492283822));
#2141=DIRECTION('',(-0.905401492283822,0.,0.424556401165061));
#2142=DIRECTION('',(0.,1.,0.));
#2143=DIRECTION('',(-0.79926100215918,0.,0.600984068364131));
#2144=DIRECTION('',(0.600984068364131,0.,0.79926100215918));
#2145=DIRECTION('',(0.,1.,0.));
#2146=DIRECTION('',(0.286396545559887,0.,0.958111172407129));
#2147=DIRECTION('',(0.958111172407129,0.,-0.286396545559887));
#2148=DIRECTION('',(0.,1.,0.));
#2149=DIRECTION('',(0.958111172407134,0.,-0.286396545559872));
#2150=DIRECTION('',(-0.286396545559872,0.,-0.958111172407134));
#2151=DIRECTION('',(0.,1.,0.));
#2152=DIRECTION('',(0.,1.,0.));
#2153=DIRECTION('',(0.,0.,1.));
#2154=DIRECTION('',(0.,1.,0.));
#2155=DIRECTION('',(0.,0.,1.));
#2156=DIRECTION('',(0.,1.,0.));
#2157=DIRECTION('',(0.,0.,1.));
#2158=DIRECTION('',(0.,1.,0.));
#2159=DIRECTION('',(0.,0.,1.));
#2160=DIRECTION('',(0.,1.,0.));
#2161=DIRECTION('',(0.,0.,1.));
#2162=DIRECTION('',(0.,1.,0.));
#2163=DIRECTION('',(0.,0.,1.));
#2164=DIRECTION('',(0.,1.,0.));
#2165=DIRECTION('',(0.,0.,1.));
#2166=CARTESIAN_POINT('',(0.,0.,0.));
#2167=CARTESIAN_POINT('',(-0.0343158750150096,-0.00254,0.0127460608737077));
#2168=CARTESIAN_POINT('',(-0.0343158750150096,0.,0.0127460608737077));
#2169=CARTESIAN_POINT('',(-0.0343158750150096,0.,0.0125173075165639));
#2170=CARTESIAN_POINT('',(-0.0343158750150096,0.,0.0129748142308515));
#2171=CARTESIAN_POINT('',(-0.0343158750150096,-0.00254,0.0125173075165639));
#2172=CARTESIAN_POINT('',(-0.0343158750150096,-0.00254,0.0125173075165639));
#2173=CARTESIAN_POINT('',(-0.0343158750150096,-0.00254,0.0127460608737077));
#2174=CARTESIAN_POINT('',(-0.0343158750150096,-0.00254,0.0129748142308515));
#2175=CARTESIAN_POINT('',(-0.0343158750150096,-0.00254,0.0129748142308515));
#2176=CARTESIAN_POINT('',(-0.0343759289482058,-0.00254,0.0125525273131237));
#2177=CARTESIAN_POINT('',(-0.0343759289482058,0.,0.0125525273131237));
#2178=CARTESIAN_POINT('',(-0.0344359828814019,0.,0.0125877471096836));
#2179=CARTESIAN_POINT('',(-0.0344359828814019,-0.00254,0.0125877471096836));
#2180=CARTESIAN_POINT('',(-0.0344359828814019,-0.00254,0.0125877471096836));
#2181=CARTESIAN_POINT('',(-0.0343759289482058,-0.00254,0.0125525273131237));
#2182=CARTESIAN_POINT('',(-0.0344769954814364,-0.00254,0.0124837508738816));
#2183=CARTESIAN_POINT('',(-0.0344769954814364,0.,0.0124837508738816));
#2184=CARTESIAN_POINT('',(-0.0345180081236287,0.,0.0123797546433392));
#2185=CARTESIAN_POINT('',(-0.0345180081236287,-0.00254,0.0123797546433392));
#2186=CARTESIAN_POINT('',(-0.0345180081236287,-0.00254,0.0123797546433392));
#2187=CARTESIAN_POINT('',(-0.0344769954814364,-0.00254,0.0124837508738816));
#2188=CARTESIAN_POINT('',(-0.0345180081236287,-0.00254,0.0123797546433392));
#2189=CARTESIAN_POINT('',(-0.0345180081236287,-3.03576608295941E-18,0.0123797546433392));
#2190=CARTESIAN_POINT('',(-0.0347292242200632,-0.00254,0.0124061059685613));
#2191=CARTESIAN_POINT('',(-0.0347292242200632,-3.03576608295941E-18,0.0124061059685613));
#2192=CARTESIAN_POINT('',(-0.0352069495779748,-0.00254,0.01223992837733));
#2193=CARTESIAN_POINT('',(-0.0352069495779748,-3.03576608295941E-18,0.01223992837733));
#2194=CARTESIAN_POINT('',(-0.0358033802164788,-0.00254,0.0115797315145954));
#2195=CARTESIAN_POINT('',(-0.0358033802164788,-2.16840434497101E-18,0.0115797315145954));
#2196=CARTESIAN_POINT('',(-0.0361665020055989,-0.00254,0.0106587729926947));
#2197=CARTESIAN_POINT('',(-0.0361665020055989,-3.46944695195361E-18,0.0106587729926947));
#2198=CARTESIAN_POINT('',(-0.0363003795917075,-0.00254,0.00953200422779216));
#2199=CARTESIAN_POINT('',(-0.0363003795917075,-2.16840434497101E-18,0.00953200422779216));
#2200=CARTESIAN_POINT('',(-0.0362311040821975,-0.00254,0.00833244899728714));
#2201=CARTESIAN_POINT('',(-0.0362311040821975,-2.16840434497101E-18,0.00833244899728714));
#2202=CARTESIAN_POINT('',(-0.035992796816208,-0.00254,0.00721034112318106));
#2203=CARTESIAN_POINT('',(-0.035992796816208,-2.16840434497101E-18,0.00721034112318106));
#2204=CARTESIAN_POINT('',(-0.0356690568223666,-0.00254,0.00617378603893998));
#2205=CARTESIAN_POINT('',(-0.0356690568223666,-3.46944695195361E-18,0.00617378603893998));
#2206=CARTESIAN_POINT('',(-0.0353654148589922,-0.00254,0.00520537059330714));
#2207=CARTESIAN_POINT('',(-0.0353654148589922,-2.16840434497101E-18,0.00520537059330714));
#2208=CARTESIAN_POINT('',(-0.035072594668687,-0.00254,0.00428699869355079));
#2209=CARTESIAN_POINT('',(-0.035072594668687,-2.60208521396521E-18,0.00428699869355079));
#2210=CARTESIAN_POINT('',(-0.0347749020907573,-0.00254,0.00339592348869571));
#2211=CARTESIAN_POINT('',(-0.0347749020907573,-3.46944695195361E-18,0.00339592348869571));
#2212=CARTESIAN_POINT('',(-0.0346935674245416,-0.00254,0.00247224493883548));
#2213=CARTESIAN_POINT('',(-0.0346935674245416,-3.03576608295941E-18,0.00247224493883548));
#2214=CARTESIAN_POINT('',(-0.0349006612881557,-0.00254,0.00147616115246667));
#2215=CARTESIAN_POINT('',(-0.0349006612881557,-3.03576608295941E-18,0.00147616115246667));
#2216=CARTESIAN_POINT('',(-0.03527805150881,-0.00254,0.000385294120800322));
#2217=CARTESIAN_POINT('',(-0.03527805150881,-2.16840434497101E-18,0.000385294120800322));
#2218=CARTESIAN_POINT('',(-0.0357645719846985,-0.00254,-0.000798334922012335));
#2219=CARTESIAN_POINT('',(-0.0357645719846985,-3.90312782094782E-18,-0.000798334922012335));
#2220=CARTESIAN_POINT('',(-0.0363087682229317,-0.00254,-0.00205793777216628));
#2221=CARTESIAN_POINT('',(-0.0363087682229317,-2.16840434497101E-18,-0.00205793777216628));
#2222=CARTESIAN_POINT('',(-0.0368354333253418,-0.00254,-0.00336646896898435));
#2223=CARTESIAN_POINT('',(-0.0368354333253418,-2.16840434497101E-18,-0.00336646896898435));
#2224=CARTESIAN_POINT('',(-0.037227077593266,-0.00254,-0.00466732836786811));
#2225=CARTESIAN_POINT('',(-0.037227077593266,-2.16840434497101E-18,-0.00466732836786811));
#2226=CARTESIAN_POINT('',(-0.0373642399818559,-0.00254,-0.0059071801164849));
#2227=CARTESIAN_POINT('',(-0.0373642399818559,-2.16840434497101E-18,-0.0059071801164849));
#2228=CARTESIAN_POINT('',(-0.0372872900352913,-0.00254,-0.00705785072276344));
#2229=CARTESIAN_POINT('',(-0.0372872900352913,-2.16840434497101E-18,-0.00705785072276344));
#2230=CARTESIAN_POINT('',(-0.0370698482501553,-0.00254,-0.00808866516548808));
#2231=CARTESIAN_POINT('',(-0.0370698482501553,-2.60208521396521E-18,-0.00808866516548808));
#2232=CARTESIAN_POINT('',(-0.0366273550762361,-0.00254,-0.00901294984050363));
#2233=CARTESIAN_POINT('',(-0.0366273550762361,-2.60208521396521E-18,-0.00901294984050363));
#2234=CARTESIAN_POINT('',(-0.0358341084109131,-0.00254,-0.00985631987875053));
#2235=CARTESIAN_POINT('',(-0.0358341084109131,-2.60208521396521E-18,-0.00985631987875053));
#2236=CARTESIAN_POINT('',(-0.0348191582878302,-0.00254,-0.0105627020629728));
#2237=CARTESIAN_POINT('',(-0.0348191582878302,-1.73472347597681E-18,-0.0105627020629728));
#2238=CARTESIAN_POINT('',(-0.0337272236592977,-0.00254,-0.0110643979696777));
#2239=CARTESIAN_POINT('',(-0.0337272236592977,-2.16840434497101E-18,-0.0110643979696777));
#2240=CARTESIAN_POINT('',(-0.0326183039547746,-0.00254,-0.0113962817576476));
#2241=CARTESIAN_POINT('',(-0.0326183039547746,-3.90312782094782E-18,-0.0113962817576476));
#2242=CARTESIAN_POINT('',(-0.031547862552452,-0.00254,-0.0116103623640063));
#2243=CARTESIAN_POINT('',(-0.031547862552452,-2.16840434497101E-18,-0.0116103623640063));
#2244=CARTESIAN_POINT('',(-0.0305278988394551,-0.00254,-0.0117301661443746));
#2245=CARTESIAN_POINT('',(-0.0305278988394551,-3.03576608295941E-18,-0.0117301661443746));
#2246=CARTESIAN_POINT('',(-0.029570004756512,-0.00254,-0.011772495370485));
#2247=CARTESIAN_POINT('',(-0.029570004756512,-3.03576608295941E-18,-0.011772495370485));
#2248=CARTESIAN_POINT('',(-0.0285254533901943,-0.00254,-0.0117774727055008));
#2249=CARTESIAN_POINT('',(-0.0285254533901943,-1.30104260698261E-18,-0.0117774727055008));
#2250=CARTESIAN_POINT('',(-0.0272590831375789,-0.00254,-0.0117805234796919));
#2251=CARTESIAN_POINT('',(-0.0272590831375789,-3.90312782094782E-18,-0.0117805234796919));
#2252=CARTESIAN_POINT('',(-0.0259153641486261,-0.00254,-0.0117471409584489));
#2253=CARTESIAN_POINT('',(-0.0259153641486261,-3.03576608295941E-18,-0.0117471409584489));
#2254=CARTESIAN_POINT('',(-0.0246286382780282,-0.00254,-0.0116523406261337));
#2255=CARTESIAN_POINT('',(-0.0246286382780282,-2.16840434497101E-18,-0.0116523406261337));
#2256=CARTESIAN_POINT('',(-0.0234599766751874,-0.00254,-0.0114194595289548));
#2257=CARTESIAN_POINT('',(-0.0234599766751874,-2.60208521396521E-18,-0.0114194595289548));
#2258=CARTESIAN_POINT('',(-0.0224648936476996,-0.00254,-0.0109416217491636));
#2259=CARTESIAN_POINT('',(-0.0224648936476996,-3.46944695195361E-18,-0.0109416217491636));
#2260=CARTESIAN_POINT('',(-0.0216343549869292,-0.00254,-0.0102295747079475));
#2261=CARTESIAN_POINT('',(-0.0216343549869292,-2.60208521396521E-18,-0.0102295747079475));
#2262=CARTESIAN_POINT('',(-0.0209045003289223,-0.00254,-0.00936055618110766));
#2263=CARTESIAN_POINT('',(-0.0209045003289223,-3.03576608295941E-18,-0.00936055618110766));
#2264=CARTESIAN_POINT('',(-0.0203446366778643,-0.00254,-0.00832227227698535));
#2265=CARTESIAN_POINT('',(-0.0203446366778643,-3.03576608295941E-18,-0.00832227227698535));
#2266=CARTESIAN_POINT('',(-0.0200931043432941,-0.00254,-0.00704643275421716));
#2267=CARTESIAN_POINT('',(-0.0200931043432941,-2.16840434497101E-18,-0.00704643275421716));
#2268=CARTESIAN_POINT('',(-0.0201453802342706,-0.00254,-0.00563597894995536));
#2269=CARTESIAN_POINT('',(-0.0201453802342706,-3.46944695195361E-18,-0.00563597894995536));
#2270=CARTESIAN_POINT('',(-0.0204298938686836,-0.00254,-0.0043032591300767));
#2271=CARTESIAN_POINT('',(-0.0204298938686836,-3.90312782094782E-18,-0.0043032591300767));
#2272=CARTESIAN_POINT('',(-0.0208856263031163,-0.00254,-0.00316491830024966));
#2273=CARTESIAN_POINT('',(-0.0208856263031163,-2.16840434497101E-18,-0.00316491830024966));
#2274=CARTESIAN_POINT('',(-0.0214278292922613,-0.00254,-0.0020836662370085));
#2275=CARTESIAN_POINT('',(-0.0214278292922613,-3.90312782094782E-18,-0.0020836662370085));
#2276=CARTESIAN_POINT('',(-0.0219759897973648,-0.00254,-0.000966320180057098));
#2277=CARTESIAN_POINT('',(-0.0219759897973648,-1.73472347597681E-18,-0.000966320180057098));
#2278=CARTESIAN_POINT('',(-0.0224434606178979,-0.00254,2.81444275690106E-5));
#2279=CARTESIAN_POINT('',(-0.0224434606178979,-2.60208521396521E-18,2.81444275690106E-5));
#2280=CARTESIAN_POINT('',(-0.0227514460201948,-0.00254,0.000716756719074135));
#2281=CARTESIAN_POINT('',(-0.0227514460201948,-2.60208521396521E-18,0.000716756719074135));
#2282=CARTESIAN_POINT('',(-0.0227924230549701,-0.00254,0.00161924091256259));
#2283=CARTESIAN_POINT('',(-0.0227924230549701,-3.03576608295941E-18,0.00161924091256259));
#2284=CARTESIAN_POINT('',(-0.0225958960927963,-0.00254,0.00272949522254702));
#2285=CARTESIAN_POINT('',(-0.0225958960927963,-3.03576608295941E-18,0.00272949522254702));
#2286=CARTESIAN_POINT('',(-0.0223842182737818,-0.00254,0.00330471628266342));
#2287=CARTESIAN_POINT('',(-0.0223842182737818,-2.60208521396521E-18,0.00330471628266342));
#2288=CARTESIAN_POINT('',(-0.0221764584497262,-0.00254,0.00375739186664097));
#2289=CARTESIAN_POINT('',(-0.0221764584497262,-1.30104260698261E-18,0.00375739186664097));
#2290=CARTESIAN_POINT('',(-0.0219260085732163,-0.00254,0.0043428731331981));
#2291=CARTESIAN_POINT('',(-0.0219260085732163,-4.33680868994202E-18,0.0043428731331981));
#2292=CARTESIAN_POINT('',(-0.0215799889209238,-0.00254,0.00528693701111283));
#2293=CARTESIAN_POINT('',(-0.0215799889209238,-1.30104260698261E-18,0.00528693701111283));
#2294=CARTESIAN_POINT('',(-0.0213705220942919,-0.00254,0.00641233445468123));
#2295=CARTESIAN_POINT('',(-0.0213705220942919,-2.60208521396521E-18,0.00641233445468123));
#2296=CARTESIAN_POINT('',(-0.0214680503804456,-0.00254,0.00735709833260864));
#2297=CARTESIAN_POINT('',(-0.0214680503804456,-3.03576608295941E-18,0.00735709833260864));
#2298=CARTESIAN_POINT('',(-0.0216802981148257,-0.00254,0.00824787452534459));
#2299=CARTESIAN_POINT('',(-0.0216802981148257,-1.73472347597681E-18,0.00824787452534459));
#2300=CARTESIAN_POINT('',(-0.0220773487741712,-0.00254,0.00893153342000233));
#2301=CARTESIAN_POINT('',(-0.0220773487741712,-3.46944695195361E-18,0.00893153342000233));
#2302=CARTESIAN_POINT('',(-0.02274118804065,-0.00254,0.00918753645594606));
#2303=CARTESIAN_POINT('',(-0.02274118804065,-1.30104260698261E-18,0.00918753645594606));
#2304=CARTESIAN_POINT('',(-0.0234284019425809,-0.00254,0.00896950330443442));
#2305=CARTESIAN_POINT('',(-0.0234284019425809,-3.90312782094782E-18,0.00896950330443442));
#2306=CARTESIAN_POINT('',(-0.0235726101419004,-0.00254,0.00842584916663877));
#2307=CARTESIAN_POINT('',(-0.0235726101419004,-2.60208521396521E-18,0.00842584916663877));
#2308=CARTESIAN_POINT('',(-0.0237152877541422,-0.00254,0.00760773883843075));
#2309=CARTESIAN_POINT('',(-0.0237152877541422,-1.73472347597681E-18,0.00760773883843075));
#2310=CARTESIAN_POINT('',(-0.0239219367495704,-0.00254,0.00690558546626153));
#2311=CARTESIAN_POINT('',(-0.0239219367495704,-3.90312782094782E-18,0.00690558546626153));
#2312=CARTESIAN_POINT('',(-0.0242698545587427,-0.00254,0.00642398908655962));
#2313=CARTESIAN_POINT('',(-0.0242698545587427,-2.60208521396521E-18,0.00642398908655962));
#2314=CARTESIAN_POINT('',(-0.0249726464367262,-0.00254,0.00596467101778687));
#2315=CARTESIAN_POINT('',(-0.0249726464367262,-2.60208521396521E-18,0.00596467101778687));
#2316=CARTESIAN_POINT('',(-0.0258341247676302,-0.00254,0.00585971327649307));
#2317=CARTESIAN_POINT('',(-0.0258341247676302,-3.90312782094782E-18,0.00585971327649307));
#2318=CARTESIAN_POINT('',(-0.0264578915848035,-0.00254,0.00592902543848519));
#2319=CARTESIAN_POINT('',(-0.0264578915848035,-2.60208521396521E-18,0.00592902543848519));
#2320=CARTESIAN_POINT('',(-0.0269171928387645,-0.00254,0.00610319952357959));
#2321=CARTESIAN_POINT('',(-0.0269171928387645,-2.60208521396521E-18,0.00610319952357959));
#2322=CARTESIAN_POINT('',(-0.0271246000424481,-0.00254,0.00630136496980717));
#2323=CARTESIAN_POINT('',(-0.0271246000424481,-2.60208521396521E-18,0.00630136496980717));
#2324=CARTESIAN_POINT('',(-0.0273704027640596,-0.00254,0.0063803737451269));
#2325=CARTESIAN_POINT('',(-0.0273704027640596,-2.60208521396521E-18,0.0063803737451269));
#2326=CARTESIAN_POINT('',(-0.0345180081236287,0.,0.0123797546433392));
#2327=CARTESIAN_POINT('',(-0.0345415885931306,0.,0.0123826965432759));
#2328=CARTESIAN_POINT('',(-0.0348489337210187,0.,0.0124050006664634));
#2329=CARTESIAN_POINT('',(-0.0356129171361709,0.,0.0119768705112646));
#2330=CARTESIAN_POINT('',(-0.0363185744593901,0.,0.0104793907295244));
#2331=CARTESIAN_POINT('',(-0.0362865183555035,0.,0.00811386062249757));
#2332=CARTESIAN_POINT('',(-0.0356333263682542,0.,0.00607081161915035));
#2333=CARTESIAN_POINT('',(-0.0351123650353482,0.,0.0043888919187768));
#2334=CARTESIAN_POINT('',(-0.034582700883492,0.,0.00284657445083434));
#2335=CARTESIAN_POINT('',(-0.0350092669564632,0.,0.000953340271299511));
#2336=CARTESIAN_POINT('',(-0.0361356463378243,0.,-0.00164079781012381));
#2337=CARTESIAN_POINT('',(-0.0374032179839099,0.,-0.00469052593884998));
#2338=CARTESIAN_POINT('',(-0.0373379863429674,0.,-0.00723980410732138));
#2339=CARTESIAN_POINT('',(-0.0367144434555333,0.,-0.00916391488589113));
#2340=CARTESIAN_POINT('',(-0.0347117157894634,0.,-0.0107567895968496));
#2341=CARTESIAN_POINT('',(-0.0324380844009851,0.,-0.0114862820198003));
#2342=CARTESIAN_POINT('',(-0.0304412784496322,0.,-0.0117648462254914));
#2343=CARTESIAN_POINT('',(-0.02857893974695,0.,-0.0117789425336015));
#2344=CARTESIAN_POINT('',(-0.0256757447729684,0.,-0.0117845408391451));
#2345=CARTESIAN_POINT('',(-0.0230747548040073,0.,-0.0114592297146421));
#2346=CARTESIAN_POINT('',(-0.02133359838763,0.,-0.0100361605240952));
#2347=CARTESIAN_POINT('',(-0.0199607062598031,0.,-0.00791342870238448));
#2348=CARTESIAN_POINT('',(-0.0201870912965383,0.,-0.00454373792294041));
#2349=CARTESIAN_POINT('',(-0.021371927405203,0.,-0.00220965832818061));
#2350=CARTESIAN_POINT('',(-0.0224269424839684,0.,-3.67391192485989E-5));
#2351=CARTESIAN_POINT('',(-0.02289289419048,0.,0.0010775741791804));
#2352=CARTESIAN_POINT('',(-0.0225778283343897,0.,0.00294175538566661));
#2353=CARTESIAN_POINT('',(-0.0221127255378388,0.,0.00384056996391215));
#2354=CARTESIAN_POINT('',(-0.0212926395078924,0.,0.00597777714278012));
#2355=CARTESIAN_POINT('',(-0.0214883714411335,0.,0.0076094958768842));
#2356=CARTESIAN_POINT('',(-0.0218981599909696,0.,0.00883620440192197));
#2357=CARTESIAN_POINT('',(-0.0227276966598124,0.,0.0092118786772778));
#2358=CARTESIAN_POINT('',(-0.0234873889903763,0.,0.00893701870233731));
#2359=CARTESIAN_POINT('',(-0.0235890751782257,0.,0.00823150850920609));
#2360=CARTESIAN_POINT('',(-0.0238130015663234,0.,0.00718244087864221));
#2361=CARTESIAN_POINT('',(-0.0241390259053822,0.,0.00652148114263687));
#2362=CARTESIAN_POINT('',(-0.0250781422348492,0.,0.00584097767034921));
#2363=CARTESIAN_POINT('',(-0.0267076779009098,0.,0.00586566787560969));
#2364=CARTESIAN_POINT('',(-0.0270557431259668,0.,0.00627372948580585));
#2365=CARTESIAN_POINT('',(-0.0273554207444221,0.,0.00637555804977735));
#2366=CARTESIAN_POINT('',(-0.0273704027640596,0.,0.0063803737451269));
#2367=CARTESIAN_POINT('',(-0.0273704027261264,0.,0.00638037373941241));
#2368=CARTESIAN_POINT('',(-0.0273704027261264,-0.00254,0.00638037373941241));
#2369=CARTESIAN_POINT('',(-0.0273704027261264,-0.00254,0.00638037373941241));
#2370=CARTESIAN_POINT('',(-0.0345180081236287,-0.00254,0.0123797546433392));
#2371=CARTESIAN_POINT('',(-0.0345415885931306,-0.00254,0.0123826965432759));
#2372=CARTESIAN_POINT('',(-0.0348489337210187,-0.00254,0.0124050006664634));
#2373=CARTESIAN_POINT('',(-0.0356129171361709,-0.00254,0.0119768705112646));
#2374=CARTESIAN_POINT('',(-0.0363185744593901,-0.00254,0.0104793907295244));
#2375=CARTESIAN_POINT('',(-0.0362865183555035,-0.00254,0.00811386062249757));
#2376=CARTESIAN_POINT('',(-0.0356333263682542,-0.00254,0.00607081161915035));
#2377=CARTESIAN_POINT('',(-0.0351123650353482,-0.00254,0.0043888919187768));
#2378=CARTESIAN_POINT('',(-0.034582700883492,-0.00254,0.00284657445083434));
#2379=CARTESIAN_POINT('',(-0.0350092669564632,-0.00254,0.000953340271299511));
#2380=CARTESIAN_POINT('',(-0.0361356463378243,-0.00254,-0.00164079781012381));
#2381=CARTESIAN_POINT('',(-0.0374032179839099,-0.00254,-0.00469052593884998));
#2382=CARTESIAN_POINT('',(-0.0373379863429674,-0.00254,-0.00723980410732138));
#2383=CARTESIAN_POINT('',(-0.0367144434555333,-0.00254,-0.00916391488589113));
#2384=CARTESIAN_POINT('',(-0.0347117157894634,-0.00254,-0.0107567895968496));
#2385=CARTESIAN_POINT('',(-0.0324380844009851,-0.00254,-0.0114862820198003));
#2386=CARTESIAN_POINT('',(-0.0304412784496322,-0.00254,-0.0117648462254914));
#2387=CARTESIAN_POINT('',(-0.02857893974695,-0.00254,-0.0117789425336015));
#2388=CARTESIAN_POINT('',(-0.0256757447729684,-0.00254,-0.0117845408391451));
#2389=CARTESIAN_POINT('',(-0.0230747548040073,-0.00254,-0.0114592297146421));
#2390=CARTESIAN_POINT('',(-0.02133359838763,-0.00254,-0.0100361605240952));
#2391=CARTESIAN_POINT('',(-0.0199607062598031,-0.00254,-0.00791342870238448));
#2392=CARTESIAN_POINT('',(-0.0201870912965383,-0.00254,-0.00454373792294041));
#2393=CARTESIAN_POINT('',(-0.021371927405203,-0.00254,-0.00220965832818061));
#2394=CARTESIAN_POINT('',(-0.0224269424839684,-0.00254,-3.67391192485989E-5));
#2395=CARTESIAN_POINT('',(-0.02289289419048,-0.00254,0.0010775741791804));
#2396=CARTESIAN_POINT('',(-0.0225778283343897,-0.00254,0.00294175538566661));
#2397=CARTESIAN_POINT('',(-0.0221127255378388,-0.00254,0.00384056996391215));
#2398=CARTESIAN_POINT('',(-0.0212926395078924,-0.00254,0.00597777714278012));
#2399=CARTESIAN_POINT('',(-0.0214883714411335,-0.00254,0.0076094958768842));
#2400=CARTESIAN_POINT('',(-0.0218981599909696,-0.00254,0.00883620440192197));
#2401=CARTESIAN_POINT('',(-0.0227276966598124,-0.00254,0.0092118786772778));
#2402=CARTESIAN_POINT('',(-0.0234873889903763,-0.00254,0.00893701870233731));
#2403=CARTESIAN_POINT('',(-0.0235890751782257,-0.00254,0.00823150850920609));
#2404=CARTESIAN_POINT('',(-0.0238130015663234,-0.00254,0.00718244087864221));
#2405=CARTESIAN_POINT('',(-0.0241390259053822,-0.00254,0.00652148114263687));
#2406=CARTESIAN_POINT('',(-0.0250781422348492,-0.00254,0.00584097767034921));
#2407=CARTESIAN_POINT('',(-0.0267076779009098,-0.00254,0.00586566787560969));
#2408=CARTESIAN_POINT('',(-0.0270557431259668,-0.00254,0.00627372948580585));
#2409=CARTESIAN_POINT('',(-0.0273554207444221,-0.00254,0.00637555804977735));
#2410=CARTESIAN_POINT('',(-0.0273704027640596,-0.00254,0.0063803737451269));
#2411=CARTESIAN_POINT('',(-0.0302531786356873,-0.00254,0.00894891338279146));
#2412=CARTESIAN_POINT('',(-0.0302531786356873,0.,0.00894891338279146));
#2413=CARTESIAN_POINT('',(-0.0303134538920081,-0.00254,0.00890678490295843));
#2414=CARTESIAN_POINT('',(-0.0303134538920081,0.,0.00890678490295843));
#2415=CARTESIAN_POINT('',(-0.0304260807709259,-0.00254,0.00870625590712376));
#2416=CARTESIAN_POINT('',(-0.0304260807709259,-8.67361737988404E-19,0.00870625590712376));
#2417=CARTESIAN_POINT('',(-0.0306376402946546,-0.00254,0.00839721101650194));
#2418=CARTESIAN_POINT('',(-0.0306376402946546,4.33680868994202E-19,0.00839721101650194));
#2419=CARTESIAN_POINT('',(-0.0310263780133284,-0.00254,0.0082110783886959));
#2420=CARTESIAN_POINT('',(-0.0310263780133284,4.33680868994202E-19,0.0082110783886959));
#2421=CARTESIAN_POINT('',(-0.0317694930957297,-0.00254,0.00820279297658201));
#2422=CARTESIAN_POINT('',(-0.0317694930957297,4.33680868994202E-19,0.00820279297658201));
#2423=CARTESIAN_POINT('',(-0.0328223280705044,-0.00254,0.00864199490075367));
#2424=CARTESIAN_POINT('',(-0.0328223280705044,4.33680868994202E-19,0.00864199490075367));
#2425=CARTESIAN_POINT('',(-0.0335289930413148,-0.00254,0.00937269402651905));
#2426=CARTESIAN_POINT('',(-0.0335289930413148,-1.30104260698261E-18,0.00937269402651905));
#2427=CARTESIAN_POINT('',(-0.0337011713015679,-0.00254,0.00984185949935227));
#2428=CARTESIAN_POINT('',(-0.0337011713015679,4.33680868994202E-19,0.00984185949935227));
#2429=CARTESIAN_POINT('',(-0.0337428161678257,-0.00254,0.0102349188095652));
#2430=CARTESIAN_POINT('',(-0.0337428161678257,-8.67361737988404E-19,0.0102349188095652));
#2431=CARTESIAN_POINT('',(-0.0337528454975592,-0.00254,0.0106691650384737));
#2432=CARTESIAN_POINT('',(-0.0337528454975592,8.67361737988404E-19,0.0106691650384737));
#2433=CARTESIAN_POINT('',(-0.0337653545504047,-0.00254,0.0110008650253497));
#2434=CARTESIAN_POINT('',(-0.0337653545504047,-4.33680868994202E-19,0.0110008650253497));
#2435=CARTESIAN_POINT('',(-0.0337817774901399,-0.00254,0.0112620102507153));
#2436=CARTESIAN_POINT('',(-0.0337817774901399,4.33680868994202E-19,0.0112620102507153));
#2437=CARTESIAN_POINT('',(-0.0337788120308285,-0.00254,0.0117081492178703));
#2438=CARTESIAN_POINT('',(-0.0337788120308285,0.,0.0117081492178703));
#2439=CARTESIAN_POINT('',(-0.0338885781424169,-0.00254,0.011996240088916));
#2440=CARTESIAN_POINT('',(-0.0338885781424169,0.,0.011996240088916));
#2441=CARTESIAN_POINT('',(-0.0340615321550966,-0.00254,0.0121566236129216));
#2442=CARTESIAN_POINT('',(-0.0340615321550966,0.,0.0121566236129216));
#2443=CARTESIAN_POINT('',(-0.0302531786356873,0.,0.00894891338279146));
#2444=CARTESIAN_POINT('',(-0.0302951523385222,0.,0.00891957649728761));
#2445=CARTESIAN_POINT('',(-0.0304360657426057,0.,0.00870875337617631));
#2446=CARTESIAN_POINT('',(-0.0307591465756333,0.,0.00814244934097312));
#2447=CARTESIAN_POINT('',(-0.0322511466873136,0.,0.008217642436267));
#2448=CARTESIAN_POINT('',(-0.0335655475758726,0.,0.00930687844901127));
#2449=CARTESIAN_POINT('',(-0.0337508906083846,0.,0.0100464704491189));
#2450=CARTESIAN_POINT('',(-0.0337503664210663,0.,0.0108290995704343));
#2451=CARTESIAN_POINT('',(-0.0337850623557584,0.,0.0112226579618727));
#2452=CARTESIAN_POINT('',(-0.0337779718783149,0.,0.0115493986495922));
#2453=CARTESIAN_POINT('',(-0.0338085215924631,0.,0.011702805942621));
#2454=CARTESIAN_POINT('',(-0.0338388244497394,0.,0.0118549736284869));
#2455=CARTESIAN_POINT('',(-0.0339103638392206,0.,0.0120076802313319));
#2456=CARTESIAN_POINT('',(-0.0340464673606493,0.,0.0121426537443743));
#2457=CARTESIAN_POINT('',(-0.0340615321550966,0.,0.0121566236129216));
#2458=CARTESIAN_POINT('',(-0.0302531786718184,0.,0.00894891335735064));
#2459=CARTESIAN_POINT('',(-0.0340615321550966,0.,0.0121566236129216));
#2460=CARTESIAN_POINT('',(-0.0340615321550966,-0.00254,0.0121566236129216));
#2461=CARTESIAN_POINT('',(-0.0340615321550966,-0.00254,0.0121566236129216));
#2462=CARTESIAN_POINT('',(-0.0302531786356873,-0.00254,0.00894891338279146));
#2463=CARTESIAN_POINT('',(-0.0302951523385222,-0.00254,0.00891957649728761));
#2464=CARTESIAN_POINT('',(-0.0304360657426057,-0.00254,0.00870875337617631));
#2465=CARTESIAN_POINT('',(-0.0307591465756333,-0.00254,0.00814244934097312));
#2466=CARTESIAN_POINT('',(-0.0322511466873136,-0.00254,0.008217642436267));
#2467=CARTESIAN_POINT('',(-0.0335655475758726,-0.00254,0.00930687844901127));
#2468=CARTESIAN_POINT('',(-0.0337508906083846,-0.00254,0.0100464704491189));
#2469=CARTESIAN_POINT('',(-0.0337503664210663,-0.00254,0.0108290995704343));
#2470=CARTESIAN_POINT('',(-0.0337850623557584,-0.00254,0.0112226579618727));
#2471=CARTESIAN_POINT('',(-0.0337779718783149,-0.00254,0.0115493986495922));
#2472=CARTESIAN_POINT('',(-0.0338085215924631,-0.00254,0.011702805942621));
#2473=CARTESIAN_POINT('',(-0.0338388244497394,-0.00254,0.0118549736284869));
#2474=CARTESIAN_POINT('',(-0.0339103638392206,-0.00254,0.0120076802313319));
#2475=CARTESIAN_POINT('',(-0.0340464673606493,-0.00254,0.0121426537443743));
#2476=CARTESIAN_POINT('',(-0.0340615321550966,-0.00254,0.0121566236129216));
#2477=CARTESIAN_POINT('',(-0.0302531786715129,-0.00254,0.00894891338321455));
#2478=CARTESIAN_POINT('',(-0.0302531786718184,-0.00254,0.00894891335735064));
#2479=CARTESIAN_POINT('',(-0.0340010144659301,-0.00254,0.0122268916321996));
#2480=CARTESIAN_POINT('',(-0.0340010144659301,0.,0.0122268916321996));
#2481=CARTESIAN_POINT('',(-0.0339404967767217,0.,0.0122971596514386));
#2482=CARTESIAN_POINT('',(-0.0339404967767217,-0.00254,0.0122971596514386));
#2483=CARTESIAN_POINT('',(-0.0339404967767217,-0.00254,0.0122971596514386));
#2484=CARTESIAN_POINT('',(-0.0340010144659301,-0.00254,0.0122268916321996));
#2485=CARTESIAN_POINT('',(-0.0339885926746459,-0.00254,0.0123253664257514));
#2486=CARTESIAN_POINT('',(-0.0339885926746459,0.,0.0123253664257514));
#2487=CARTESIAN_POINT('',(-0.0340366885725702,0.,0.0123535732000641));
#2488=CARTESIAN_POINT('',(-0.0340366885725702,-0.00254,0.0123535732000641));
#2489=CARTESIAN_POINT('',(-0.0340366885725702,-0.00254,0.0123535732000641));
#2490=CARTESIAN_POINT('',(-0.0339885926746459,-0.00254,0.0123253664257514));
#2491=CARTESIAN_POINT('',(-0.0338437865552264,-0.00254,0.0124691954191583));
#2492=CARTESIAN_POINT('',(-0.0338437865552264,0.,0.0124691954191583));
#2493=CARTESIAN_POINT('',(-0.0336508845378826,0.,0.0125848176382525));
#2494=CARTESIAN_POINT('',(-0.0336508845378826,-0.00254,0.0125848176382525));
#2495=CARTESIAN_POINT('',(-0.0336508845378826,-0.00254,0.0125848176382525));
#2496=CARTESIAN_POINT('',(-0.0338437865552264,-0.00254,0.0124691954191583));
#2497=CARTESIAN_POINT('',(-0.0339833797764462,-0.00254,0.012779815934552));
#2498=CARTESIAN_POINT('',(-0.0339833797764462,0.,0.012779815934552));
#2499=CARTESIAN_POINT('',(-0.0339833797764462,-0.00254,0.012779815934552));
#2500=CARTESIAN_POINT('',(-0.0286819621218565,-0.00254,0.0140036631421904));
#2501=CARTESIAN_POINT('',(-0.0257462550354719,-0.00254,0.0306593905483289));
#2502=CARTESIAN_POINT('',(-0.0264614675247884,-0.00254,0.0324322918139));
#2503=CARTESIAN_POINT('',(-0.0276578498247468,-0.00254,0.0306367374259146));
#2504=CARTESIAN_POINT('',(-0.0265564935308117,-0.00254,0.0326678466019627));
#2505=CARTESIAN_POINT('',(-0.0263063965308987,-0.00254,0.0327122030066245));
#2506=CARTESIAN_POINT('',(-0.0266416639388924,-0.00254,0.034602558492989));
#2507=CARTESIAN_POINT('',(-0.0270148491057122,-0.00254,0.036706707630984));
#2508=CARTESIAN_POINT('',(-0.0270148491057122,-0.00254,0.036706707630984));
#2509=CARTESIAN_POINT('',(-0.0270378295082101,-0.00254,0.0367202465735718));
#2510=CARTESIAN_POINT('',(-0.0270115451728563,-0.00254,0.0368239486869484));
#2511=CARTESIAN_POINT('',(-0.0269019640577165,-0.00254,0.0369524362835649));
#2512=CARTESIAN_POINT('',(-0.0268559071344226,-0.00254,0.0369765219422884));
#2513=CARTESIAN_POINT('',(-0.0268559071344226,-0.00254,0.0369765219422884));
#2514=CARTESIAN_POINT('',(-0.0268216560378598,-0.00254,0.0369183468995829));
#2515=CARTESIAN_POINT('',(-0.0268241764294943,-0.00253999970000133,0.036985599903152));
#2516=CARTESIAN_POINT('',(-0.0272310318006623,-0.00254,0.0383592031881385));
#2517=CARTESIAN_POINT('',(-0.0285352652674861,-0.00254,0.0389520783991031));
#2518=CARTESIAN_POINT('',(-0.0285558707180095,-0.00254,0.0388831449127707));
#2519=CARTESIAN_POINT('',(-0.028576476168533,-0.00254,0.0388142114264383));
#2520=CARTESIAN_POINT('',(-0.0286188242648747,-0.00254,0.0388268700289603));
#2521=CARTESIAN_POINT('',(-0.0286611723612164,-0.00254,0.0388395286314821));
#2522=CARTESIAN_POINT('',(-0.0286611723612164,-0.00254,0.0390341227481254));
#2523=CARTESIAN_POINT('',(-0.0286611723612164,-0.00254,0.0392287168647686));
#2524=CARTESIAN_POINT('',(-0.02888960724419,-0.00254,0.0392970001321524));
#2525=CARTESIAN_POINT('',(-0.0291180421271636,-0.00254,0.0393652833995364));
#2526=CARTESIAN_POINT('',(-0.0292696841075523,-0.00254,0.0391438137791879));
#2527=CARTESIAN_POINT('',(-0.029421326087941,-0.00254,0.0389223441588396));
#2528=CARTESIAN_POINT('',(-0.0294071962956052,-0.00254,0.038653105201467));
#2529=CARTESIAN_POINT('',(-0.0293930665032695,-0.00254,0.0383838662440944));
#2530=CARTESIAN_POINT('',(-0.0291887304952953,-0.00254,0.0383227865609609));
#2531=CARTESIAN_POINT('',(-0.0289843944873209,-0.00254,0.0382617068778274));
#2532=CARTESIAN_POINT('',(-0.0288628094114625,-0.00254,0.0384322658623876));
#2533=CARTESIAN_POINT('',(-0.0287412243356041,-0.00254,0.0386028248469478));
#2534=CARTESIAN_POINT('',(-0.0286946090301558,-0.00254,0.0385888906993926));
#2535=CARTESIAN_POINT('',(-0.0286479937247075,-0.00254,0.0385749565518374));
#2536=CARTESIAN_POINT('',(-0.0287897807905722,-0.00254,0.0381006220180803));
#2537=CARTESIAN_POINT('',(-0.0289315678564369,-0.00254,0.0376262874843232));
#2538=CARTESIAN_POINT('',(-0.0290055260388076,-0.00254,0.0376483949062558));
#2539=CARTESIAN_POINT('',(-0.0290794842211781,-0.00254,0.0376705023281885));
#2540=CARTESIAN_POINT('',(-0.0290794842211781,-0.00254,0.0378346591198057));
#2541=CARTESIAN_POINT('',(-0.0290794842211781,-0.00254,0.0379988159114228));
#2542=CARTESIAN_POINT('',(-0.029294768353356,-0.00254,0.0380461816282563));
#2543=CARTESIAN_POINT('',(-0.029510052485534,-0.00254,0.0380935473450897));
#2544=CARTESIAN_POINT('',(-0.0296631992121824,-0.00254,0.0378755092894528));
#2545=CARTESIAN_POINT('',(-0.0298163459388309,-0.00254,0.037657471233816));
#2546=CARTESIAN_POINT('',(-0.0297622207822574,-0.00254,0.037405734994334));
#2547=CARTESIAN_POINT('',(-0.0297080956256839,-0.00254,0.0371539987548521));
#2548=CARTESIAN_POINT('',(-0.0295287422999522,-0.00254,0.0371003868417427));
#2549=CARTESIAN_POINT('',(-0.0293493889742204,-0.00254,0.0370467749286333));
#2550=CARTESIAN_POINT('',(-0.0292269918781874,-0.00254,0.0372290731412508));
#2551=CARTESIAN_POINT('',(-0.0291045947821544,-0.00254,0.0374113713538683));
#2552=CARTESIAN_POINT('',(-0.0290546638755317,-0.00254,0.0373964461138907));
#2553=CARTESIAN_POINT('',(-0.029004732968909,-0.00254,0.037381520873913));
#2554=CARTESIAN_POINT('',(-0.029153372906647,-0.00254,0.0368842607385496));
#2555=CARTESIAN_POINT('',(-0.029302012844385,-0.00254,0.0363870006031861));
#2556=CARTESIAN_POINT('',(-0.0293683278194442,-0.00254,0.0364068233339118));
#2557=CARTESIAN_POINT('',(-0.0294346427945033,-0.00254,0.0364266460646374));
#2558=CARTESIAN_POINT('',(-0.0294346427945033,-0.00254,0.03658528726347));
#2559=CARTESIAN_POINT('',(-0.0294346427945033,-0.00254,0.0367439284623027));
#2560=CARTESIAN_POINT('',(-0.0296507422190555,-0.00254,0.0368085244407983));
#2561=CARTESIAN_POINT('',(-0.0298668416436076,-0.00254,0.0368731204192939));
#2562=CARTESIAN_POINT('',(-0.0300243999825438,-0.00254,0.0366506953585916));
#2563=CARTESIAN_POINT('',(-0.03018195832148,-0.00254,0.0364282702978893));
#2564=CARTESIAN_POINT('',(-0.0301358691569817,-0.00254,0.0361848842321954));
#2565=CARTESIAN_POINT('',(-0.0300897799924834,-0.00254,0.0359414981665015));
#2566=CARTESIAN_POINT('',(-0.0299026468224123,-0.00254,0.0358698311398478));
#2567=CARTESIAN_POINT('',(-0.0297155136523412,-0.00254,0.0357981641131941));
#2568=CARTESIAN_POINT('',(-0.0295872058154322,-0.00254,0.0359717364783892));
#2569=CARTESIAN_POINT('',(-0.0294588979785232,-0.00254,0.0361453088435842));
#2570=CARTESIAN_POINT('',(-0.029424237232807,-0.00254,0.0361196869924128));
#2571=CARTESIAN_POINT('',(-0.0293895764870907,-0.00254,0.0360940651412414));
#2572=CARTESIAN_POINT('',(-0.0295266414530835,-0.00254,0.0356355279231805));
#2573=CARTESIAN_POINT('',(-0.0296637064190762,-0.00254,0.0351769907051198));
#2574=CARTESIAN_POINT('',(-0.0297412298428424,-0.00254,0.0352001638413966));
#2575=CARTESIAN_POINT('',(-0.0298187532666085,-0.00254,0.0352233369776735));
#2576=CARTESIAN_POINT('',(-0.0298187532666085,-0.00254,0.0353980299220584));
#2577=CARTESIAN_POINT('',(-0.0298187532666085,-0.00254,0.0355727228664433));
#2578=CARTESIAN_POINT('',(-0.030025359725014,-0.00254,0.0356334066086662));
#2579=CARTESIAN_POINT('',(-0.0302319661834195,-0.00254,0.0356940903508891));
#2580=CARTESIAN_POINT('',(-0.0304093968133698,-0.00254,0.0354716067969173));
#2581=CARTESIAN_POINT('',(-0.0305868274433202,-0.00254,0.0352491232429455));
#2582=CARTESIAN_POINT('',(-0.0305455783908571,-0.00254,0.0349739606376588));
#2583=CARTESIAN_POINT('',(-0.030504329338394,-0.00254,0.0346987980323722));
#2584=CARTESIAN_POINT('',(-0.0303077621239244,-0.00254,0.0346381364613493));
#2585=CARTESIAN_POINT('',(-0.030111194909455,-0.00254,0.0345774748903265));
#2586=CARTESIAN_POINT('',(-0.0299921516574483,-0.00254,0.034751897337911));
#2587=CARTESIAN_POINT('',(-0.0298731084054416,-0.00254,0.0349263197854955));
#2588=CARTESIAN_POINT('',(-0.0298103816095971,-0.00254,0.0349112347407797));
#2589=CARTESIAN_POINT('',(-0.0297476548137526,-0.00254,0.0348961496960639));
#2590=CARTESIAN_POINT('',(-0.0298906111197145,-0.00254,0.0344179035857961));
#2591=CARTESIAN_POINT('',(-0.0300335674256764,-0.00254,0.0339396574755284));
#2592=CARTESIAN_POINT('',(-0.0301082603354754,-0.00254,0.0339619845206149));
#2593=CARTESIAN_POINT('',(-0.0301829532452746,-0.00254,0.0339843115657015));
#2594=CARTESIAN_POINT('',(-0.0301829532452746,-0.00254,0.0341644317847968));
#2595=CARTESIAN_POINT('',(-0.0301829532452746,-0.00254,0.0343445520038923));
#2596=CARTESIAN_POINT('',(-0.0304195606525561,-0.00254,0.0343810897447075));
#2597=CARTESIAN_POINT('',(-0.0306561680598376,-0.00254,0.0344176274855228));
#2598=CARTESIAN_POINT('',(-0.0307880814555689,-0.00254,0.0342231408079366));
#2599=CARTESIAN_POINT('',(-0.0309199948513003,-0.00254,0.0340286541303503));
#2600=CARTESIAN_POINT('',(-0.0308946902611858,-0.00254,0.0337706803391412));
#2601=CARTESIAN_POINT('',(-0.0308693856710712,-0.00254,0.033512706547932));
#2602=CARTESIAN_POINT('',(-0.0306589935702797,-0.00254,0.0334498165904666));
#2603=CARTESIAN_POINT('',(-0.0304486014694882,-0.00254,0.0333869266330012));
#2604=CARTESIAN_POINT('',(-0.0303489280700478,-0.00254,0.0335622905737595));
#2605=CARTESIAN_POINT('',(-0.0302492546706074,-0.00254,0.0337376545145176));
#2606=CARTESIAN_POINT('',(-0.030177971482556,-0.00254,0.0337163466961743));
#2607=CARTESIAN_POINT('',(-0.0301066882945044,-0.00254,0.0336950388778309));
#2608=CARTESIAN_POINT('',(-0.030259262644123,-0.00254,0.033184616558642));
#2609=CARTESIAN_POINT('',(-0.0304118369937416,-0.00254,0.0326741942394533));
#2610=CARTESIAN_POINT('',(-0.0305017930040868,-0.00254,0.03270108369796));
#2611=CARTESIAN_POINT('',(-0.0305917490144321,-0.00254,0.0327279731564666));
#2612=CARTESIAN_POINT('',(-0.0305917490144321,-0.00254,0.0329098166047123));
#2613=CARTESIAN_POINT('',(-0.0305917490144321,-0.00254,0.033091660052958));
#2614=CARTESIAN_POINT('',(-0.0308076854725738,-0.00254,0.0331538839496007));
#2615=CARTESIAN_POINT('',(-0.0310236219307156,-0.00254,0.0332161078462434));
#2616=CARTESIAN_POINT('',(-0.0311649821948772,-0.00254,0.0330071350275404));
#2617=CARTESIAN_POINT('',(-0.0313063424590387,-0.00254,0.0327981622088373));
#2618=CARTESIAN_POINT('',(-0.0312779964291476,-0.00254,0.0325527970037237));
#2619=CARTESIAN_POINT('',(-0.0312496503992565,-0.00254,0.03230743179861));
#2620=CARTESIAN_POINT('',(-0.0310732369615973,-0.00254,0.0322247088797193));
#2621=CARTESIAN_POINT('',(-0.0308968235239383,-0.00254,0.0321419859608287));
#2622=CARTESIAN_POINT('',(-0.0307744867149226,-0.00254,0.0323046841848281));
#2623=CARTESIAN_POINT('',(-0.030652149905907,-0.00254,0.0324673824088276));
#2624=CARTESIAN_POINT('',(-0.0305702235958221,-0.00254,0.0324428931711749));
#2625=CARTESIAN_POINT('',(-0.0304882972857371,-0.00254,0.0324184039335221));
#2626=CARTESIAN_POINT('',(-0.0305851056494249,-0.00254,0.032094541176552));
#2627=CARTESIAN_POINT('',(-0.0306819140131128,-0.00254,0.0317706784195818));
#2628=CARTESIAN_POINT('',(-0.0306819140131128,-0.00254,0.0317706784195818));
#2629=CARTESIAN_POINT('',(-0.0307312551171679,-0.00254,0.031737314845309));
#2630=CARTESIAN_POINT('',(-0.0307035101005868,-0.00254,0.0311562626756423));
#2631=CARTESIAN_POINT('',(-0.0305682863837511,-0.00254,0.0309767479659869));
#2632=CARTESIAN_POINT('',(-0.0301191770999614,-0.00254,0.0306230127349884));
#2633=CARTESIAN_POINT('',(-0.0299970454751471,-0.00254,0.0306367374259146));
#2634=CARTESIAN_POINT('',(-0.0299970454751471,-0.00254,0.0306367374259146));
#2635=CARTESIAN_POINT('',(-0.0301251120734828,-0.00254,0.0197928253916326));
#2636=CARTESIAN_POINT('',(-0.0275141262754366,-0.00254,0.0185085555826635));
#2637=CARTESIAN_POINT('',(-0.0280070488253304,-0.00254,0.0383727999347285));
#2638=CARTESIAN_POINT('',(-0.0280070488253304,-0.00254,0.0380317244721065));
#2639=CARTESIAN_POINT('',(-0.028367197060159,-0.00254,0.0371697414550987));
#2640=CARTESIAN_POINT('',(-0.028367197060159,-0.00254,0.0368286659924767));
#2641=CARTESIAN_POINT('',(-0.0287556399578382,-0.00254,0.0359496084516615));
#2642=CARTESIAN_POINT('',(-0.0287556399578382,-0.00254,0.0356085329890395));
#2643=CARTESIAN_POINT('',(-0.0291450252294684,-0.00254,0.0346480292524776));
#2644=CARTESIAN_POINT('',(-0.0291450252294684,-0.00254,0.0343069537898556));
#2645=CARTESIAN_POINT('',(-0.0295613911207025,-0.00254,0.0334522706320267));
#2646=CARTESIAN_POINT('',(-0.0295613911207025,-0.00254,0.0331111951694047));
#2647=CARTESIAN_POINT('',(-0.0298970524128636,-0.00254,0.0322395600245259));
#2648=CARTESIAN_POINT('',(-0.0298970524128636,-0.00254,0.0318984845619039));
#2649=CARTESIAN_POINT('',(-0.0286819621218565,0.,0.0140036631421904));
#2650=CARTESIAN_POINT('',(-0.0266416639388924,0.,0.034602558492989));
#2651=CARTESIAN_POINT('',(-0.0270148491057122,0.,0.036706707630984));
#2652=CARTESIAN_POINT('',(-0.0263063965308987,0.,0.0327122030066245));
#2653=CARTESIAN_POINT('',(-0.0265564935308117,0.,0.0326678466019627));
#2654=CARTESIAN_POINT('',(-0.0264614675247884,0.,0.0324322918139));
#2655=CARTESIAN_POINT('',(-0.0257462550354719,0.,0.0306593905483289));
#2656=CARTESIAN_POINT('',(-0.0276578498247468,0.,0.0306367374259146));
#2657=CARTESIAN_POINT('',(-0.0275141262754366,0.,0.0185085555826635));
#2658=CARTESIAN_POINT('',(-0.0301251120734828,0.,0.0197928253916326));
#2659=CARTESIAN_POINT('',(-0.0299970454751471,0.,0.0306367374259146));
#2660=CARTESIAN_POINT('',(-0.0306819140131128,0.,0.0317706784195818));
#2661=CARTESIAN_POINT('',(-0.0307312551171679,0.,0.031737314845309));
#2662=CARTESIAN_POINT('',(-0.0307035101005868,0.,0.0311562626756423));
#2663=CARTESIAN_POINT('',(-0.0305682863837511,0.,0.0309767479659869));
#2664=CARTESIAN_POINT('',(-0.0301191770999614,0.,0.0306230127349884));
#2665=CARTESIAN_POINT('',(-0.0299970454751471,0.,0.0306367374259146));
#2666=CARTESIAN_POINT('',(-0.0306819140131128,0.,0.0317706784195818));
#2667=CARTESIAN_POINT('',(-0.0305851056494249,0.,0.032094541176552));
#2668=CARTESIAN_POINT('',(-0.0304882972857371,0.,0.0324184039335221));
#2669=CARTESIAN_POINT('',(-0.0305702235958221,0.,0.0324428931711749));
#2670=CARTESIAN_POINT('',(-0.030652149905907,0.,0.0324673824088276));
#2671=CARTESIAN_POINT('',(-0.0307744867149226,0.,0.0323046841848281));
#2672=CARTESIAN_POINT('',(-0.0308968235239383,0.,0.0321419859608287));
#2673=CARTESIAN_POINT('',(-0.0310732369615973,0.,0.0322247088797193));
#2674=CARTESIAN_POINT('',(-0.0312496503992565,0.,0.03230743179861));
#2675=CARTESIAN_POINT('',(-0.0312779964291476,0.,0.0325527970037237));
#2676=CARTESIAN_POINT('',(-0.0313063424590387,0.,0.0327981622088373));
#2677=CARTESIAN_POINT('',(-0.0311649821948772,0.,0.0330071350275404));
#2678=CARTESIAN_POINT('',(-0.0310236219307156,0.,0.0332161078462434));
#2679=CARTESIAN_POINT('',(-0.0308076854725738,0.,0.0331538839496007));
#2680=CARTESIAN_POINT('',(-0.0305917490144321,0.,0.033091660052958));
#2681=CARTESIAN_POINT('',(-0.0305917490144321,0.,0.0329098166047123));
#2682=CARTESIAN_POINT('',(-0.0305917490144321,0.,0.0327279731564666));
#2683=CARTESIAN_POINT('',(-0.0305017930040868,0.,0.03270108369796));
#2684=CARTESIAN_POINT('',(-0.0304118369937416,0.,0.0326741942394533));
#2685=CARTESIAN_POINT('',(-0.030259262644123,0.,0.033184616558642));
#2686=CARTESIAN_POINT('',(-0.0301066882945044,0.,0.0336950388778309));
#2687=CARTESIAN_POINT('',(-0.030177971482556,0.,0.0337163466961743));
#2688=CARTESIAN_POINT('',(-0.0302492546706074,0.,0.0337376545145176));
#2689=CARTESIAN_POINT('',(-0.0303489280700478,0.,0.0335622905737595));
#2690=CARTESIAN_POINT('',(-0.0304486014694882,0.,0.0333869266330012));
#2691=CARTESIAN_POINT('',(-0.0306589935702797,0.,0.0334498165904666));
#2692=CARTESIAN_POINT('',(-0.0308693856710712,0.,0.033512706547932));
#2693=CARTESIAN_POINT('',(-0.0308946902611858,0.,0.0337706803391412));
#2694=CARTESIAN_POINT('',(-0.0309199948513003,0.,0.0340286541303503));
#2695=CARTESIAN_POINT('',(-0.0307880814555689,0.,0.0342231408079366));
#2696=CARTESIAN_POINT('',(-0.0306561680598376,0.,0.0344176274855228));
#2697=CARTESIAN_POINT('',(-0.0304195606525561,0.,0.0343810897447075));
#2698=CARTESIAN_POINT('',(-0.0301829532452746,0.,0.0343445520038923));
#2699=CARTESIAN_POINT('',(-0.0301829532452746,0.,0.0341644317847968));
#2700=CARTESIAN_POINT('',(-0.0301829532452746,0.,0.0339843115657015));
#2701=CARTESIAN_POINT('',(-0.0301082603354754,0.,0.0339619845206149));
#2702=CARTESIAN_POINT('',(-0.0300335674256764,0.,0.0339396574755284));
#2703=CARTESIAN_POINT('',(-0.0298906111197145,0.,0.0344179035857961));
#2704=CARTESIAN_POINT('',(-0.0297476548137526,0.,0.0348961496960639));
#2705=CARTESIAN_POINT('',(-0.0298103816095971,0.,0.0349112347407797));
#2706=CARTESIAN_POINT('',(-0.0298731084054416,0.,0.0349263197854955));
#2707=CARTESIAN_POINT('',(-0.0299921516574483,0.,0.034751897337911));
#2708=CARTESIAN_POINT('',(-0.030111194909455,0.,0.0345774748903265));
#2709=CARTESIAN_POINT('',(-0.0303077621239244,0.,0.0346381364613493));
#2710=CARTESIAN_POINT('',(-0.030504329338394,0.,0.0346987980323722));
#2711=CARTESIAN_POINT('',(-0.0305455783908571,0.,0.0349739606376588));
#2712=CARTESIAN_POINT('',(-0.0305868274433202,0.,0.0352491232429455));
#2713=CARTESIAN_POINT('',(-0.0304093968133698,0.,0.0354716067969173));
#2714=CARTESIAN_POINT('',(-0.0302319661834195,0.,0.0356940903508891));
#2715=CARTESIAN_POINT('',(-0.030025359725014,0.,0.0356334066086662));
#2716=CARTESIAN_POINT('',(-0.0298187532666085,0.,0.0355727228664433));
#2717=CARTESIAN_POINT('',(-0.0298187532666085,0.,0.0353980299220584));
#2718=CARTESIAN_POINT('',(-0.0298187532666085,0.,0.0352233369776735));
#2719=CARTESIAN_POINT('',(-0.0297412298428424,0.,0.0352001638413966));
#2720=CARTESIAN_POINT('',(-0.0296637064190762,0.,0.0351769907051198));
#2721=CARTESIAN_POINT('',(-0.0295266414530835,0.,0.0356355279231805));
#2722=CARTESIAN_POINT('',(-0.0293895764870907,0.,0.0360940651412414));
#2723=CARTESIAN_POINT('',(-0.029424237232807,0.,0.0361196869924128));
#2724=CARTESIAN_POINT('',(-0.0294588979785232,0.,0.0361453088435842));
#2725=CARTESIAN_POINT('',(-0.0295872058154322,0.,0.0359717364783892));
#2726=CARTESIAN_POINT('',(-0.0297155136523412,0.,0.0357981641131941));
#2727=CARTESIAN_POINT('',(-0.0299026468224123,0.,0.0358698311398478));
#2728=CARTESIAN_POINT('',(-0.0300897799924834,0.,0.0359414981665015));
#2729=CARTESIAN_POINT('',(-0.0301358691569817,0.,0.0361848842321954));
#2730=CARTESIAN_POINT('',(-0.03018195832148,0.,0.0364282702978893));
#2731=CARTESIAN_POINT('',(-0.0300243999825438,0.,0.0366506953585916));
#2732=CARTESIAN_POINT('',(-0.0298668416436076,0.,0.0368731204192939));
#2733=CARTESIAN_POINT('',(-0.0296507422190555,0.,0.0368085244407983));
#2734=CARTESIAN_POINT('',(-0.0294346427945033,0.,0.0367439284623027));
#2735=CARTESIAN_POINT('',(-0.0294346427945033,0.,0.03658528726347));
#2736=CARTESIAN_POINT('',(-0.0294346427945033,0.,0.0364266460646374));
#2737=CARTESIAN_POINT('',(-0.0293683278194442,0.,0.0364068233339118));
#2738=CARTESIAN_POINT('',(-0.029302012844385,0.,0.0363870006031861));
#2739=CARTESIAN_POINT('',(-0.029153372906647,0.,0.0368842607385496));
#2740=CARTESIAN_POINT('',(-0.029004732968909,0.,0.037381520873913));
#2741=CARTESIAN_POINT('',(-0.0290546638755317,0.,0.0373964461138907));
#2742=CARTESIAN_POINT('',(-0.0291045947821544,0.,0.0374113713538683));
#2743=CARTESIAN_POINT('',(-0.0292269918781874,0.,0.0372290731412508));
#2744=CARTESIAN_POINT('',(-0.0293493889742204,0.,0.0370467749286333));
#2745=CARTESIAN_POINT('',(-0.0295287422999522,0.,0.0371003868417427));
#2746=CARTESIAN_POINT('',(-0.0297080956256839,0.,0.0371539987548521));
#2747=CARTESIAN_POINT('',(-0.0297622207822574,0.,0.037405734994334));
#2748=CARTESIAN_POINT('',(-0.0298163459388309,0.,0.037657471233816));
#2749=CARTESIAN_POINT('',(-0.0296631992121824,0.,0.0378755092894528));
#2750=CARTESIAN_POINT('',(-0.029510052485534,0.,0.0380935473450897));
#2751=CARTESIAN_POINT('',(-0.029294768353356,0.,0.0380461816282563));
#2752=CARTESIAN_POINT('',(-0.0290794842211781,0.,0.0379988159114228));
#2753=CARTESIAN_POINT('',(-0.0290794842211781,0.,0.0378346591198057));
#2754=CARTESIAN_POINT('',(-0.0290794842211781,0.,0.0376705023281885));
#2755=CARTESIAN_POINT('',(-0.0290055260388076,0.,0.0376483949062558));
#2756=CARTESIAN_POINT('',(-0.0289315678564369,0.,0.0376262874843232));
#2757=CARTESIAN_POINT('',(-0.0287897807905722,0.,0.0381006220180803));
#2758=CARTESIAN_POINT('',(-0.0286479937247075,0.,0.0385749565518374));
#2759=CARTESIAN_POINT('',(-0.0286946090301558,0.,0.0385888906993926));
#2760=CARTESIAN_POINT('',(-0.0287412243356041,0.,0.0386028248469478));
#2761=CARTESIAN_POINT('',(-0.0288628094114625,0.,0.0384322658623876));
#2762=CARTESIAN_POINT('',(-0.0289843944873209,0.,0.0382617068778274));
#2763=CARTESIAN_POINT('',(-0.0291887304952953,0.,0.0383227865609609));
#2764=CARTESIAN_POINT('',(-0.0293930665032695,0.,0.0383838662440944));
#2765=CARTESIAN_POINT('',(-0.0294071962956052,0.,0.038653105201467));
#2766=CARTESIAN_POINT('',(-0.029421326087941,0.,0.0389223441588396));
#2767=CARTESIAN_POINT('',(-0.0292696841075523,0.,0.0391438137791879));
#2768=CARTESIAN_POINT('',(-0.0291180421271636,0.,0.0393652833995364));
#2769=CARTESIAN_POINT('',(-0.02888960724419,0.,0.0392970001321524));
#2770=CARTESIAN_POINT('',(-0.0286611723612164,0.,0.0392287168647686));
#2771=CARTESIAN_POINT('',(-0.0286611723612164,0.,0.0390341227481254));
#2772=CARTESIAN_POINT('',(-0.0286611723612164,0.,0.0388395286314821));
#2773=CARTESIAN_POINT('',(-0.0286188242648747,0.,0.0388268700289603));
#2774=CARTESIAN_POINT('',(-0.028576476168533,0.,0.0388142114264383));
#2775=CARTESIAN_POINT('',(-0.0285558707180095,0.,0.0388831449127707));
#2776=CARTESIAN_POINT('',(-0.0285352652674861,0.,0.0389520783991031));
#2777=CARTESIAN_POINT('',(-0.0272310318006623,0.,0.0383592031881385));
#2778=CARTESIAN_POINT('',(-0.0268241764294943,0.,0.036985599903152));
#2779=CARTESIAN_POINT('',(-0.0268216560378598,0.,0.0369183468995829));
#2780=CARTESIAN_POINT('',(-0.0268559071344226,0.,0.0369765219422884));
#2781=CARTESIAN_POINT('',(-0.0270148491057122,0.,0.036706707630984));
#2782=CARTESIAN_POINT('',(-0.0270378295082101,0.,0.0367202465735718));
#2783=CARTESIAN_POINT('',(-0.0270115451728563,0.,0.0368239486869484));
#2784=CARTESIAN_POINT('',(-0.0269019640577165,0.,0.0369524362835649));
#2785=CARTESIAN_POINT('',(-0.0268559071344226,0.,0.0369765219422884));
#2786=CARTESIAN_POINT('',(-0.0298970524128636,0.,0.0322395600245259));
#2787=CARTESIAN_POINT('',(-0.0298970524128636,0.,0.0318984845619039));
#2788=CARTESIAN_POINT('',(-0.0295613911207025,0.,0.0334522706320267));
#2789=CARTESIAN_POINT('',(-0.0295613911207025,0.,0.0331111951694047));
#2790=CARTESIAN_POINT('',(-0.0291450252294684,0.,0.0346480292524776));
#2791=CARTESIAN_POINT('',(-0.0291450252294684,0.,0.0343069537898556));
#2792=CARTESIAN_POINT('',(-0.0287556399578382,0.,0.0359496084516615));
#2793=CARTESIAN_POINT('',(-0.0287556399578382,0.,0.0356085329890395));
#2794=CARTESIAN_POINT('',(-0.028367197060159,0.,0.0371697414550987));
#2795=CARTESIAN_POINT('',(-0.028367197060159,0.,0.0368286659924767));
#2796=CARTESIAN_POINT('',(-0.0280070488253304,0.,0.0383727999347285));
#2797=CARTESIAN_POINT('',(-0.0280070488253304,0.,0.0380317244721065));
#2798=CARTESIAN_POINT('',(-0.0301251120734828,-0.00254,0.0197928253916326));
#2799=CARTESIAN_POINT('',(-0.0299970454751471,-0.00254,0.0306367374259146));
#2800=CARTESIAN_POINT('',(-0.0275141262754366,-0.00254,0.0185085555826635));
#2801=CARTESIAN_POINT('',(-0.0276578498247468,-0.00254,0.0306367374259146));
#2802=CARTESIAN_POINT('',(-0.0257462550354719,-0.00254,0.0306593905483289));
#2803=CARTESIAN_POINT('',(-0.0264614675247884,-0.00254,0.0324322918139));
#2804=CARTESIAN_POINT('',(-0.0266416639388924,-0.00254,0.034602558492989));
#2805=CARTESIAN_POINT('',(-0.0263063965308987,-0.00254,0.0327122030066245));
#2806=CARTESIAN_POINT('',(-0.0270148491057122,-0.00254,0.036706707630984));
#2807=CARTESIAN_POINT('',(-0.0270148491057123,-0.00254,0.036706707630984));
#2808=CARTESIAN_POINT('',(-0.0270148491057123,-4.33680868994202E-19,0.036706707630984));
#2809=CARTESIAN_POINT('',(-0.0270637917022106,-0.00254,0.0367355422436131));
#2810=CARTESIAN_POINT('',(-0.0270637917022106,-4.33680868994202E-19,0.0367355422436131));
#2811=CARTESIAN_POINT('',(-0.0269427312839027,-0.00254,0.0369311168938444));
#2812=CARTESIAN_POINT('',(-0.0269427312839027,-4.33680868994202E-19,0.0369311168938444));
#2813=CARTESIAN_POINT('',(-0.0268559071344226,-0.00254,0.0369765219422884));
#2814=CARTESIAN_POINT('',(-0.0268559071344226,-4.33680868994202E-19,0.0369765219422884));
#2815=CARTESIAN_POINT('',(-0.0268559071344226,-0.00254,0.0369765219422884));
#2816=CARTESIAN_POINT('',(-0.0268216560378598,-0.00254,0.0369183468995829));
#2817=CARTESIAN_POINT('',(-0.0268241736141744,-0.00254,0.0369855247804143));
#2818=CARTESIAN_POINT('',(-0.0272310318006623,-0.00254,0.0383592031881385));
#2819=CARTESIAN_POINT('',(-0.0285352652674861,-0.00254,0.0389520783991031));
#2820=CARTESIAN_POINT('',(-0.0285558707180095,-0.00254,0.0388831449127707));
#2821=CARTESIAN_POINT('',(-0.028576476168533,-0.00254,0.0388142114264383));
#2822=CARTESIAN_POINT('',(-0.0286188242648747,-0.00254,0.0388268700289603));
#2823=CARTESIAN_POINT('',(-0.0286611723612164,-0.00254,0.0388395286314821));
#2824=CARTESIAN_POINT('',(-0.0286611723612164,-0.00254,0.0390341227481254));
#2825=CARTESIAN_POINT('',(-0.0286611723612164,-0.00254,0.0392287168647686));
#2826=CARTESIAN_POINT('',(-0.02888960724419,-0.00254,0.0392970001321524));
#2827=CARTESIAN_POINT('',(-0.0291180421271636,-0.00254,0.0393652833995364));
#2828=CARTESIAN_POINT('',(-0.0292696841075523,-0.00254,0.0391438137791879));
#2829=CARTESIAN_POINT('',(-0.029421326087941,-0.00254,0.0389223441588396));
#2830=CARTESIAN_POINT('',(-0.0294071962956052,-0.00254,0.038653105201467));
#2831=CARTESIAN_POINT('',(-0.0293930665032695,-0.00254,0.0383838662440944));
#2832=CARTESIAN_POINT('',(-0.0291887304952953,-0.00254,0.0383227865609609));
#2833=CARTESIAN_POINT('',(-0.0289843944873209,-0.00254,0.0382617068778274));
#2834=CARTESIAN_POINT('',(-0.0288628094114625,-0.00254,0.0384322658623876));
#2835=CARTESIAN_POINT('',(-0.0287412243356041,-0.00254,0.0386028248469478));
#2836=CARTESIAN_POINT('',(-0.0286946090301558,-0.00254,0.0385888906993926));
#2837=CARTESIAN_POINT('',(-0.0286479937247075,-0.00254,0.0385749565518374));
#2838=CARTESIAN_POINT('',(-0.0287897807905722,-0.00254,0.0381006220180803));
#2839=CARTESIAN_POINT('',(-0.0289315678564369,-0.00254,0.0376262874843232));
#2840=CARTESIAN_POINT('',(-0.0290055260388076,-0.00254,0.0376483949062558));
#2841=CARTESIAN_POINT('',(-0.0290794842211781,-0.00254,0.0376705023281885));
#2842=CARTESIAN_POINT('',(-0.0290794842211781,-0.00254,0.0378346591198057));
#2843=CARTESIAN_POINT('',(-0.0290794842211781,-0.00254,0.0379988159114228));
#2844=CARTESIAN_POINT('',(-0.029294768353356,-0.00254,0.0380461816282563));
#2845=CARTESIAN_POINT('',(-0.029510052485534,-0.00254,0.0380935473450897));
#2846=CARTESIAN_POINT('',(-0.0296631992121824,-0.00254,0.0378755092894528));
#2847=CARTESIAN_POINT('',(-0.0298163459388309,-0.00254,0.037657471233816));
#2848=CARTESIAN_POINT('',(-0.0297622207822574,-0.00254,0.037405734994334));
#2849=CARTESIAN_POINT('',(-0.0297080956256839,-0.00254,0.0371539987548521));
#2850=CARTESIAN_POINT('',(-0.0295287422999522,-0.00254,0.0371003868417427));
#2851=CARTESIAN_POINT('',(-0.0293493889742204,-0.00254,0.0370467749286333));
#2852=CARTESIAN_POINT('',(-0.0292269918781874,-0.00254,0.0372290731412508));
#2853=CARTESIAN_POINT('',(-0.0291045947821544,-0.00254,0.0374113713538683));
#2854=CARTESIAN_POINT('',(-0.0290546638755317,-0.00254,0.0373964461138907));
#2855=CARTESIAN_POINT('',(-0.029004732968909,-0.00254,0.037381520873913));
#2856=CARTESIAN_POINT('',(-0.029153372906647,-0.00254,0.0368842607385496));
#2857=CARTESIAN_POINT('',(-0.029302012844385,-0.00254,0.0363870006031861));
#2858=CARTESIAN_POINT('',(-0.0293683278194442,-0.00254,0.0364068233339118));
#2859=CARTESIAN_POINT('',(-0.0294346427945033,-0.00254,0.0364266460646374));
#2860=CARTESIAN_POINT('',(-0.0294346427945033,-0.00254,0.03658528726347));
#2861=CARTESIAN_POINT('',(-0.0294346427945033,-0.00254,0.0367439284623027));
#2862=CARTESIAN_POINT('',(-0.0296507422190555,-0.00254,0.0368085244407983));
#2863=CARTESIAN_POINT('',(-0.0298668416436076,-0.00254,0.0368731204192939));
#2864=CARTESIAN_POINT('',(-0.0300243999825438,-0.00254,0.0366506953585916));
#2865=CARTESIAN_POINT('',(-0.03018195832148,-0.00254,0.0364282702978893));
#2866=CARTESIAN_POINT('',(-0.0301358691569817,-0.00254,0.0361848842321954));
#2867=CARTESIAN_POINT('',(-0.0300897799924834,-0.00254,0.0359414981665015));
#2868=CARTESIAN_POINT('',(-0.0299026468224123,-0.00254,0.0358698311398478));
#2869=CARTESIAN_POINT('',(-0.0297155136523412,-0.00254,0.0357981641131941));
#2870=CARTESIAN_POINT('',(-0.0295872058154322,-0.00254,0.0359717364783892));
#2871=CARTESIAN_POINT('',(-0.0294588979785232,-0.00254,0.0361453088435842));
#2872=CARTESIAN_POINT('',(-0.029424237232807,-0.00254,0.0361196869924128));
#2873=CARTESIAN_POINT('',(-0.0293895764870907,-0.00254,0.0360940651412414));
#2874=CARTESIAN_POINT('',(-0.0295266414530835,-0.00254,0.0356355279231805));
#2875=CARTESIAN_POINT('',(-0.0296637064190762,-0.00254,0.0351769907051198));
#2876=CARTESIAN_POINT('',(-0.0297412298428424,-0.00254,0.0352001638413966));
#2877=CARTESIAN_POINT('',(-0.0298187532666085,-0.00254,0.0352233369776735));
#2878=CARTESIAN_POINT('',(-0.0298187532666085,-0.00254,0.0353980299220584));
#2879=CARTESIAN_POINT('',(-0.0298187532666085,-0.00254,0.0355727228664433));
#2880=CARTESIAN_POINT('',(-0.030025359725014,-0.00254,0.0356334066086662));
#2881=CARTESIAN_POINT('',(-0.0302319661834195,-0.00254,0.0356940903508891));
#2882=CARTESIAN_POINT('',(-0.0304093968133698,-0.00254,0.0354716067969173));
#2883=CARTESIAN_POINT('',(-0.0305868274433202,-0.00254,0.0352491232429455));
#2884=CARTESIAN_POINT('',(-0.0305455783908571,-0.00254,0.0349739606376588));
#2885=CARTESIAN_POINT('',(-0.030504329338394,-0.00254,0.0346987980323722));
#2886=CARTESIAN_POINT('',(-0.0303077621239244,-0.00254,0.0346381364613493));
#2887=CARTESIAN_POINT('',(-0.030111194909455,-0.00254,0.0345774748903265));
#2888=CARTESIAN_POINT('',(-0.0299921516574483,-0.00254,0.034751897337911));
#2889=CARTESIAN_POINT('',(-0.0298731084054416,-0.00254,0.0349263197854955));
#2890=CARTESIAN_POINT('',(-0.0298103816095971,-0.00254,0.0349112347407797));
#2891=CARTESIAN_POINT('',(-0.0297476548137526,-0.00254,0.0348961496960639));
#2892=CARTESIAN_POINT('',(-0.0298906111197145,-0.00254,0.0344179035857961));
#2893=CARTESIAN_POINT('',(-0.0300335674256764,-0.00254,0.0339396574755284));
#2894=CARTESIAN_POINT('',(-0.0301082603354754,-0.00254,0.0339619845206149));
#2895=CARTESIAN_POINT('',(-0.0301829532452746,-0.00254,0.0339843115657015));
#2896=CARTESIAN_POINT('',(-0.0301829532452746,-0.00254,0.0341644317847968));
#2897=CARTESIAN_POINT('',(-0.0301829532452746,-0.00254,0.0343445520038923));
#2898=CARTESIAN_POINT('',(-0.0304195606525561,-0.00254,0.0343810897447075));
#2899=CARTESIAN_POINT('',(-0.0306561680598376,-0.00254,0.0344176274855228));
#2900=CARTESIAN_POINT('',(-0.0307880814555689,-0.00254,0.0342231408079366));
#2901=CARTESIAN_POINT('',(-0.0309199948513003,-0.00254,0.0340286541303503));
#2902=CARTESIAN_POINT('',(-0.0308946902611858,-0.00254,0.0337706803391412));
#2903=CARTESIAN_POINT('',(-0.0308693856710712,-0.00254,0.033512706547932));
#2904=CARTESIAN_POINT('',(-0.0306589935702797,-0.00254,0.0334498165904666));
#2905=CARTESIAN_POINT('',(-0.0304486014694882,-0.00254,0.0333869266330012));
#2906=CARTESIAN_POINT('',(-0.0303489280700478,-0.00254,0.0335622905737595));
#2907=CARTESIAN_POINT('',(-0.0302492546706074,-0.00254,0.0337376545145176));
#2908=CARTESIAN_POINT('',(-0.030177971482556,-0.00254,0.0337163466961743));
#2909=CARTESIAN_POINT('',(-0.0301066882945044,-0.00254,0.0336950388778309));
#2910=CARTESIAN_POINT('',(-0.030259262644123,-0.00254,0.033184616558642));
#2911=CARTESIAN_POINT('',(-0.0304118369937416,-0.00254,0.0326741942394533));
#2912=CARTESIAN_POINT('',(-0.0305017930040868,-0.00254,0.03270108369796));
#2913=CARTESIAN_POINT('',(-0.0305917490144321,-0.00254,0.0327279731564666));
#2914=CARTESIAN_POINT('',(-0.0305917490144321,-0.00254,0.0329098166047123));
#2915=CARTESIAN_POINT('',(-0.0305917490144321,-0.00254,0.033091660052958));
#2916=CARTESIAN_POINT('',(-0.0308076854725738,-0.00254,0.0331538839496007));
#2917=CARTESIAN_POINT('',(-0.0310236219307156,-0.00254,0.0332161078462434));
#2918=CARTESIAN_POINT('',(-0.0311649821948772,-0.00254,0.0330071350275404));
#2919=CARTESIAN_POINT('',(-0.0313063424590387,-0.00254,0.0327981622088373));
#2920=CARTESIAN_POINT('',(-0.0312779964291476,-0.00254,0.0325527970037237));
#2921=CARTESIAN_POINT('',(-0.0312496503992565,-0.00254,0.03230743179861));
#2922=CARTESIAN_POINT('',(-0.0310732369615973,-0.00254,0.0322247088797193));
#2923=CARTESIAN_POINT('',(-0.0308968235239383,-0.00254,0.0321419859608287));
#2924=CARTESIAN_POINT('',(-0.0307744867149226,-0.00254,0.0323046841848281));
#2925=CARTESIAN_POINT('',(-0.030652149905907,-0.00254,0.0324673824088276));
#2926=CARTESIAN_POINT('',(-0.0305702235958221,-0.00254,0.0324428931711749));
#2927=CARTESIAN_POINT('',(-0.0304882972857371,-0.00254,0.0324184039335221));
#2928=CARTESIAN_POINT('',(-0.0305851056494249,-0.00254,0.032094541176552));
#2929=CARTESIAN_POINT('',(-0.0306819140131128,-0.00254,0.0317706784195818));
#2930=CARTESIAN_POINT('',(-0.028367197060159,-0.00254,0.0371697414550987));
#2931=CARTESIAN_POINT('',(-0.0287556399578382,-0.00254,0.0359496084516615));
#2932=CARTESIAN_POINT('',(-0.0291450252294684,-0.00254,0.0346480292524776));
#2933=CARTESIAN_POINT('',(-0.0295613911207025,-0.00254,0.0334522706320267));
#2934=CARTESIAN_POINT('',(-0.0298970524128636,-0.00254,0.0322395600245259));
#2935=CARTESIAN_POINT('',(-0.0306819140131128,-0.00254,0.0317706784195818));
#2936=CARTESIAN_POINT('',(-0.0306819140131128,-4.33680868994202E-19,0.0317706784195818));
#2937=CARTESIAN_POINT('',(-0.0307169026992828,-0.00254,0.031747019694223));
#2938=CARTESIAN_POINT('',(-0.0307169026992828,-4.33680868994202E-19,0.031747019694223));
#2939=CARTESIAN_POINT('',(-0.0307199031597402,-0.00254,0.0314875223055813));
#2940=CARTESIAN_POINT('',(-0.0307199031597402,-8.67361737988404E-19,0.0314875223055813));
#2941=CARTESIAN_POINT('',(-0.0306779431013371,-0.00254,0.0311801873729775));
#2942=CARTESIAN_POINT('',(-0.0306779431013371,4.33680868994202E-19,0.0311801873729775));
#2943=CARTESIAN_POINT('',(-0.0306301756194331,-0.00254,0.0310612793877646));
#2944=CARTESIAN_POINT('',(-0.0306301756194331,4.33680868994202E-19,0.0310612793877646));
#2945=CARTESIAN_POINT('',(-0.0305317122131256,-0.00254,0.0309619197934445));
#2946=CARTESIAN_POINT('',(-0.0305317122131256,-1.30104260698261E-18,0.0309619197934445));
#2947=CARTESIAN_POINT('',(-0.0302928286798965,-0.00254,0.0307598371038276));
#2948=CARTESIAN_POINT('',(-0.0302928286798965,4.33680868994202E-19,0.0307598371038276));
#2949=CARTESIAN_POINT('',(-0.0300785442187208,-0.00254,0.0306275789047853));
#2950=CARTESIAN_POINT('',(-0.0300785442187208,-4.33680868994202E-19,0.0306275789047853));
#2951=CARTESIAN_POINT('',(-0.0299970454751471,-0.00254,0.0306367374259146));
#2952=CARTESIAN_POINT('',(-0.0299970454751471,-4.33680868994202E-19,0.0306367374259146));
#2953=CARTESIAN_POINT('',(-0.0280070488253304,-0.00254,0.0383727999347285));
#2954=CARTESIAN_POINT('',(-0.0265564935308117,-0.00254,0.0326678466019627));
#2955=MECHANICAL_DESIGN_GEOMETRIC_PRESENTATION_REPRESENTATION('',(#1658),
#2956);
#2956=(
GEOMETRIC_REPRESENTATION_CONTEXT(3)
GLOBAL_UNCERTAINTY_ASSIGNED_CONTEXT((#2957))
GLOBAL_UNIT_ASSIGNED_CONTEXT((#2960,#2959,#2958))
REPRESENTATION_CONTEXT('Part 1','TOP_LEVEL_ASSEMBLY_PART')
);
#2957=UNCERTAINTY_MEASURE_WITH_UNIT(LENGTH_MEASURE(2.E-5),#2960,
'DISTANCE_ACCURACY_VALUE','Maximum Tolerance applied to model');
#2958=(
NAMED_UNIT(*)
SI_UNIT($,.STERADIAN.)
SOLID_ANGLE_UNIT()
);
#2959=(
NAMED_UNIT(*)
PLANE_ANGLE_UNIT()
SI_UNIT($,.RADIAN.)
);
#2960=(
LENGTH_UNIT()
NAMED_UNIT(*)
SI_UNIT($,.METRE.)
);
#2961=PRODUCT_DEFINITION_SHAPE('','',#2962);
#2962=PRODUCT_DEFINITION('','',#2964,#2963);
#2963=PRODUCT_DEFINITION_CONTEXT('',#2970,'design');
#2964=PRODUCT_DEFINITION_FORMATION_WITH_SPECIFIED_SOURCE('','',#2966,
 .NOT_KNOWN.);
#2965=PRODUCT_RELATED_PRODUCT_CATEGORY('','',(#2966));
#2966=PRODUCT('Part 1','Part 1','Part 1',(#2968));
#2967=PRODUCT_CATEGORY('','');
#2968=PRODUCT_CONTEXT('',#2970,'mechanical');
#2969=APPLICATION_PROTOCOL_DEFINITION('international standard',
'ap242_managed_model_based_3d_engineering',2020,#2970);
#2970=APPLICATION_CONTEXT('managed model based 3d engineering');
ENDSEC;
END-ISO-10303-21;
