ISO-10303-21;
HEADER;
/* Generated by software containing ST-Developer
 * from STEP Tools, Inc. (www.steptools.com) 
 */
/* OPTION: using custom renumber hook */

FILE_DESCRIPTION(
/* description */ ('STEP AP242 Edition 2',
'CAx-IF Rec.Pracs.---Representation and Presentation of Product Manufa
cturing Information (PMI)---4.0---2014-10-13',
'CAx-IF Rec.Pracs.---3D Tessellated Geometry---0.4---2014-09-14','2;1',
'CAx-IF Rec.Pracs.---User Defined Attributes---1.5---2016-08-15'),
/* implementation_level */ '2;1');

FILE_NAME(
/* name */ 'guitar',
/* time_stamp */ '2026-09-08T02:25:47Z',
/* author */ (''),
/* organization */ (''),
/* preprocessor_version */ 'ST-DEVELOPER v20',
/* originating_system */ 'ONSHAPE BY PTC INC, 1.220',
/* authorisation */ '  ');

FILE_SCHEMA (('AP242_MANAGED_MODEL_BASED_3D_ENGINEERING_MIM_LF { 1 0 10303 442 3 1 4 }'));
ENDSEC;

DATA;
#10=SHAPE_REPRESENTATION_RELATIONSHIP('','',#1724,#11);
#11=ADVANCED_BREP_SHAPE_REPRESENTATION('',(#1722),#3108);
#12=CYLINDRICAL_SURFACE('',#1748,0.00191172900860402);
#13=CYLINDRICAL_SURFACE('',#1751,6.73753899085039E-5);
#14=CYLINDRICAL_SURFACE('',#1753,0.00143266393538741);
#15=CYLINDRICAL_SURFACE('',#1810,0.000341075462622017);
#16=CYLINDRICAL_SURFACE('',#1812,0.000341075462622017);
#17=CYLINDRICAL_SURFACE('',#1814,0.000341075462622017);
#18=CYLINDRICAL_SURFACE('',#1816,0.000341075462622017);
#19=CYLINDRICAL_SURFACE('',#1818,0.000341075462622017);
#20=CYLINDRICAL_SURFACE('',#1820,0.000341075462622017);
#21=CYLINDRICAL_SURFACE('',#1824,0.000254);
#22=CIRCLE('',#1736,0.000341075462622017);
#23=CIRCLE('',#1737,0.000341075462622017);
#24=CIRCLE('',#1738,0.000341075462622017);
#25=CIRCLE('',#1739,0.000341075462622017);
#26=CIRCLE('',#1740,0.000341075462622017);
#27=CIRCLE('',#1741,0.000341075462622017);
#28=CIRCLE('',#1742,0.000254);
#29=CIRCLE('',#1743,0.00191172900860402);
#30=CIRCLE('',#1744,0.00143266393538741);
#31=CIRCLE('',#1745,6.73753899085039E-5);
#32=CIRCLE('',#1749,0.00191172900860402);
#33=CIRCLE('',#1752,6.73753899085039E-5);
#34=CIRCLE('',#1754,0.00143266393538741);
#35=CIRCLE('',#1811,0.000341075462622017);
#36=CIRCLE('',#1813,0.000341075462622017);
#37=CIRCLE('',#1815,0.000341075462622017);
#38=CIRCLE('',#1817,0.000341075462622017);
#39=CIRCLE('',#1819,0.000341075462622017);
#40=CIRCLE('',#1821,0.000341075462622017);
#41=CIRCLE('',#1823,0.000254);
#42=B_SPLINE_CURVE_WITH_KNOTS('',3,(#2392,#2393,#2394,#2395,#2396,#2397,
#2398,#2399,#2400,#2401,#2402,#2403,#2404,#2405,#2406,#2407,#2408,#2409,
#2410,#2411,#2412,#2413,#2414,#2415,#2416,#2417,#2418,#2419,#2420,#2421,
#2422,#2423,#2424,#2425,#2426,#2427,#2428,#2429,#2430,#2431,#2432),
 .UNSPECIFIED.,.F.,.F.,(4,1,1,1,1,1,1,1,1,1,1,1,1,1,1,1,1,1,1,1,1,1,1,1,
1,1,1,1,1,1,1,1,1,1,1,1,1,1,4),(0.0233421373368287,0.0247443974871496,0.0413756140705911,
0.0625936969255392,0.0883176651492366,0.113045265496047,0.135265188622539,
0.156179182902457,0.17895068883665,0.207426145842987,0.23806562876734,0.264445970793767,
0.287706711890479,0.313961030127596,0.340014735118097,0.363502250031785,
0.386378779247067,0.415050011864599,0.442066013494699,0.46651727420965,
0.49263811835906,0.522715508157114,0.550417066212902,0.576009994718429,
0.594529909291284,0.616629926425061,0.634170510950248,0.659018418484868,
0.680864617904263,0.699270426553502,0.714310356497999,0.728058198210537,
0.741726754160636,0.759093706046097,0.773335440990314,0.790999081679329,
0.811546878055172,0.826441583135976,0.82720715652856),.UNSPECIFIED.);
#43=B_SPLINE_CURVE_WITH_KNOTS('',3,(#2436,#2437,#2438,#2439,#2440,#2441,
#2442,#2443,#2444,#2445,#2446,#2447,#2448,#2449,#2450,#2451,#2452,#2453,
#2454,#2455,#2456,#2457,#2458,#2459,#2460,#2461,#2462,#2463,#2464,#2465,
#2466,#2467,#2468,#2469,#2470,#2471,#2472,#2473,#2474,#2475,#2476),
 .UNSPECIFIED.,.F.,.F.,(4,1,1,1,1,1,1,1,1,1,1,1,1,1,1,1,1,1,1,1,1,1,1,1,
1,1,1,1,1,1,1,1,1,1,1,1,1,1,4),(0.0233421373368287,0.0247443974871496,0.0413756140705911,
0.0625936969255392,0.0883176651492366,0.113045265496047,0.135265188622539,
0.156179182902457,0.17895068883665,0.207426145842987,0.23806562876734,0.264445970793767,
0.287706711890479,0.313961030127596,0.340014735118097,0.363502250031785,
0.386378779247067,0.415050011864599,0.442066013494699,0.46651727420965,
0.49263811835906,0.522715508157114,0.550417066212902,0.576009994718429,
0.594529909291284,0.616629926425061,0.634170510950248,0.659018418484868,
0.680864617904263,0.699270426553502,0.714310356497999,0.728058198210537,
0.741726754160636,0.759093706046097,0.773335440990314,0.790999081679329,
0.811546878055172,0.826441583135976,0.82720715652856),.UNSPECIFIED.);
#44=B_SPLINE_CURVE_WITH_KNOTS('',3,(#2497,#2498,#2499,#2500,#2501,#2502,
#2503),.UNSPECIFIED.,.F.,.F.,(4,1,1,1,4),(0.82720715652856,0.846826062193986,
0.865887497880812,0.885709310693104,0.888935461222531),.UNSPECIFIED.);
#45=B_SPLINE_CURVE_WITH_KNOTS('',3,(#2507,#2508,#2509,#2510,#2511,#2512,
#2513),.UNSPECIFIED.,.F.,.F.,(4,1,1,1,4),(0.82720715652856,0.846826062193986,
0.865887497880812,0.885709310693104,0.888935461222531),.UNSPECIFIED.);
#46=B_SPLINE_CURVE_WITH_KNOTS('',3,(#2546,#2547,#2548,#2549,#2550,#2551,
#2552,#2553,#2554,#2555,#2556,#2557,#2558,#2559,#2560),.UNSPECIFIED.,.F.,
 .F.,(4,1,1,1,1,1,1,1,3,1,4),(0.888935461222531,0.894324199379713,0.907777621504545,
0.927271902548377,0.948832447892887,0.963309277296196,0.97781325304198,
0.988505987116378,1.,1.01140113554761,1.01274920239177),.UNSPECIFIED.);
#47=B_SPLINE_CURVE_WITH_KNOTS('',3,(#2564,#2565,#2566,#2567,#2568,#2569,
#2570,#2571,#2572,#2573,#2574,#2575,#2576,#2577,#2578),.UNSPECIFIED.,.F.,
 .F.,(4,1,1,1,1,1,1,1,3,1,4),(0.888935461222531,0.894324199379713,0.907777621504545,
0.927271902548377,0.948832447892887,0.963309277296196,0.97781325304198,
0.988505987116378,1.,1.01140113554761,1.01274920239177),.UNSPECIFIED.);
#48=B_SPLINE_CURVE_WITH_KNOTS('',3,(#2605,#2606,#2607,#2608,#2609,#2610,
#2611,#2612,#2613,#2614),.UNSPECIFIED.,.F.,.F.,(4,1,1,1,1,1,1,4),(0.,0.0263333039057814,
0.0830440384414961,0.204837272075161,0.357893353856173,0.469610837188243,
0.533918345323449,0.568350490945507),.UNSPECIFIED.);
#49=B_SPLINE_CURVE_WITH_KNOTS('',3,(#2639,#2640,#2641,#2642,#2643,#2644),
 .UNSPECIFIED.,.F.,.F.,(4,1,1,4),(0.,0.166717259849054,0.295724684764825,
0.472889125258953),.UNSPECIFIED.);
#50=B_SPLINE_CURVE_WITH_KNOTS('',3,(#2760,#2761,#2762,#2763,#2764),
 .UNSPECIFIED.,.F.,.F.,(4,1,4),(0.,0.177392991484238,0.377803374185987),
 .UNSPECIFIED.);
#51=B_SPLINE_CURVE_WITH_KNOTS('',3,(#2795,#2796,#2797,#2798,#2799,#2800,
#2801,#2802,#2803,#2804),.UNSPECIFIED.,.F.,.F.,(4,1,1,1,1,1,1,4),(0.,0.0263333039057814,
0.0830440384414961,0.204837272075161,0.357893353856173,0.469610837188243,
0.533918345323449,0.568350490945507),.UNSPECIFIED.);
#52=B_SPLINE_CURVE_WITH_KNOTS('',3,(#2829,#2830,#2831,#2832,#2833),
 .UNSPECIFIED.,.F.,.F.,(4,1,4),(0.,0.177392991484238,0.377803374185987),
 .UNSPECIFIED.);
#53=B_SPLINE_CURVE_WITH_KNOTS('',3,(#3095,#3096,#3097,#3098,#3099,#3100),
 .UNSPECIFIED.,.F.,.F.,(4,1,1,4),(0.,0.166717259849054,0.295724684764825,
0.472889125258953),.UNSPECIFIED.);
#54=B_SPLINE_SURFACE_WITH_KNOTS('',3,1,((#2254,#2255),(#2256,#2257),(#2258,
#2259),(#2260,#2261),(#2262,#2263),(#2264,#2265),(#2266,#2267),(#2268,#2269),
(#2270,#2271),(#2272,#2273),(#2274,#2275),(#2276,#2277),(#2278,#2279),(#2280,
#2281),(#2282,#2283),(#2284,#2285),(#2286,#2287),(#2288,#2289),(#2290,#2291),
(#2292,#2293),(#2294,#2295),(#2296,#2297),(#2298,#2299),(#2300,#2301),(#2302,
#2303),(#2304,#2305),(#2306,#2307),(#2308,#2309),(#2310,#2311),(#2312,#2313),
(#2314,#2315),(#2316,#2317),(#2318,#2319),(#2320,#2321),(#2322,#2323),(#2324,
#2325),(#2326,#2327),(#2328,#2329),(#2330,#2331),(#2332,#2333),(#2334,#2335),
(#2336,#2337),(#2338,#2339),(#2340,#2341),(#2342,#2343),(#2344,#2345),(#2346,
#2347),(#2348,#2349),(#2350,#2351),(#2352,#2353),(#2354,#2355),(#2356,#2357),
(#2358,#2359),(#2360,#2361),(#2362,#2363),(#2364,#2365),(#2366,#2367),(#2368,
#2369),(#2370,#2371),(#2372,#2373),(#2374,#2375),(#2376,#2377),(#2378,#2379),
(#2380,#2381),(#2382,#2383),(#2384,#2385),(#2386,#2387),(#2388,#2389),(#2390,
#2391)),.SURF_OF_LINEAR_EXTRUSION.,.F.,.F.,.F.,(4,1,1,1,1,1,1,1,1,1,1,1,
1,1,1,1,1,1,1,1,1,1,1,1,1,1,1,1,1,1,1,1,1,1,1,1,1,1,1,1,1,1,1,1,1,1,1,1,
1,1,1,1,1,1,1,1,1,1,1,1,1,1,1,1,1,1,4),(2,2),(0.0233421373368287,0.0359025282616995,
0.0484629191865703,0.0610233101114411,0.0735837010363119,0.0861440919611827,
0.0987044828860535,0.111264873810924,0.123825264735795,0.136385655660666,
0.148946046585537,0.161506437510408,0.174066828435278,0.186627219360149,
0.19918761028502,0.211748001209891,0.224308392134762,0.236868783059632,
0.249429173984503,0.261989564909374,0.274549955834245,0.287110346759116,
0.299670737683986,0.312231128608857,0.324791519533728,0.337351910458599,
0.34991230138347,0.36247269230834,0.375033083233211,0.387593474158082,0.400153865082953,
0.412714256007824,0.425274646932694,0.437835037857565,0.450395428782436,
0.462955819707307,0.475516210632178,0.488076601557048,0.500636992481919,
0.51319738340679,0.525757774331661,0.538318165256532,0.550878556181402,
0.563438947106273,0.575999338031144,0.588559728956015,0.601120119880886,
0.613680510805756,0.626240901730627,0.632521097193063,0.638801292655498,
0.651361683580369,0.66392207450524,0.67648246543011,0.689042856354981,0.701603247279852,
0.714163638204723,0.726724029129594,0.739284420054464,0.751844810979335,
0.764405201904206,0.776965592829077,0.789525983753948,0.802086374678818,
0.808366570141254,0.814646765603689,0.82720715652856),(0.,1.),
 .UNSPECIFIED.);
#55=B_SPLINE_SURFACE_WITH_KNOTS('',3,1,((#2477,#2478),(#2479,#2480),(#2481,
#2482),(#2483,#2484),(#2485,#2486),(#2487,#2488),(#2489,#2490),(#2491,#2492),
(#2493,#2494),(#2495,#2496)),.SURF_OF_LINEAR_EXTRUSION.,.F.,.F.,.F.,(4,
1,1,1,1,1,1,4),(2,2),(0.82720715652856,0.842639232702053,0.850355270788799,
0.858071308875546,0.865787346962292,0.873503385049038,0.881219423135785,
0.888935461222531),(0.,1.),.UNSPECIFIED.);
#56=B_SPLINE_SURFACE_WITH_KNOTS('',3,1,((#2514,#2515),(#2516,#2517),(#2518,
#2519),(#2520,#2521),(#2522,#2523),(#2524,#2525),(#2526,#2527),(#2528,#2529),
(#2530,#2531),(#2532,#2533),(#2534,#2535),(#2536,#2537),(#2538,#2539),(#2540,
#2541),(#2542,#2543),(#2544,#2545)),.SURF_OF_LINEAR_EXTRUSION.,.F.,.F.,
 .F.,(4,1,1,1,1,1,1,1,1,1,1,1,1,4),(2,2),(0.888935461222531,0.896673820045608,
0.904412178868686,0.912150537691763,0.919888896514841,0.935365614160996,
0.95084233180715,0.958580690630228,0.966319049453305,0.974057408276383,
0.98179576709946,0.989534125922538,0.997272484745615,1.01274920239177),
(0.,1.),.UNSPECIFIED.);
#57=B_SPLINE_SURFACE_WITH_KNOTS('',3,1,((#2771,#2772),(#2773,#2774),(#2775,
#2776),(#2777,#2778),(#2779,#2780),(#2781,#2782),(#2783,#2784),(#2785,#2786),
(#2787,#2788),(#2789,#2790),(#2791,#2792)),.SURF_OF_LINEAR_EXTRUSION.,.F.,
 .F.,.F.,(4,1,1,1,1,1,1,1,4),(2,2),(0.,0.0710438113681884,0.142087622736377,
0.213131434104565,0.284175245472754,0.355219056840942,0.42626286820913,
0.497306679577319,0.568350490945507),(0.,1.),.UNSPECIFIED.);
#58=B_SPLINE_SURFACE_WITH_KNOTS('',3,1,((#2819,#2820),(#2821,#2822),(#2823,
#2824),(#2825,#2826)),.SURF_OF_LINEAR_EXTRUSION.,.F.,.F.,.F.,(4,4),(2,2),
(0.,0.377803374185987),(0.,1.),.PIECEWISE_BEZIER_KNOTS.);
#59=B_SPLINE_SURFACE_WITH_KNOTS('',3,1,((#3077,#3078),(#3079,#3080),(#3081,
#3082),(#3083,#3084),(#3085,#3086),(#3087,#3088),(#3089,#3090),(#3091,#3092),
(#3093,#3094)),.SURF_OF_LINEAR_EXTRUSION.,.F.,.F.,.F.,(4,1,1,1,1,1,4),(2,
2),(0.,0.118222281314738,0.177333421972107,0.236444562629477,0.295555703286846,
0.354666843944215,0.472889125258953),(0.,1.),.UNSPECIFIED.);
#60=ORIENTED_EDGE('',*,*,#538,.F.);
#61=ORIENTED_EDGE('',*,*,#539,.F.);
#62=ORIENTED_EDGE('',*,*,#540,.T.);
#63=ORIENTED_EDGE('',*,*,#541,.T.);
#64=ORIENTED_EDGE('',*,*,#542,.F.);
#65=ORIENTED_EDGE('',*,*,#543,.F.);
#66=ORIENTED_EDGE('',*,*,#544,.T.);
#67=ORIENTED_EDGE('',*,*,#539,.T.);
#68=ORIENTED_EDGE('',*,*,#545,.T.);
#69=ORIENTED_EDGE('',*,*,#546,.F.);
#70=ORIENTED_EDGE('',*,*,#547,.F.);
#71=ORIENTED_EDGE('',*,*,#543,.T.);
#72=ORIENTED_EDGE('',*,*,#548,.T.);
#73=ORIENTED_EDGE('',*,*,#549,.F.);
#74=ORIENTED_EDGE('',*,*,#550,.F.);
#75=ORIENTED_EDGE('',*,*,#546,.T.);
#76=ORIENTED_EDGE('',*,*,#551,.T.);
#77=ORIENTED_EDGE('',*,*,#552,.F.);
#78=ORIENTED_EDGE('',*,*,#553,.F.);
#79=ORIENTED_EDGE('',*,*,#549,.T.);
#80=ORIENTED_EDGE('',*,*,#554,.T.);
#81=ORIENTED_EDGE('',*,*,#555,.F.);
#82=ORIENTED_EDGE('',*,*,#556,.F.);
#83=ORIENTED_EDGE('',*,*,#552,.T.);
#84=ORIENTED_EDGE('',*,*,#557,.F.);
#85=ORIENTED_EDGE('',*,*,#558,.F.);
#86=ORIENTED_EDGE('',*,*,#559,.T.);
#87=ORIENTED_EDGE('',*,*,#555,.T.);
#88=ORIENTED_EDGE('',*,*,#560,.F.);
#89=ORIENTED_EDGE('',*,*,#561,.F.);
#90=ORIENTED_EDGE('',*,*,#562,.T.);
#91=ORIENTED_EDGE('',*,*,#558,.T.);
#92=ORIENTED_EDGE('',*,*,#563,.F.);
#93=ORIENTED_EDGE('',*,*,#564,.F.);
#94=ORIENTED_EDGE('',*,*,#565,.T.);
#95=ORIENTED_EDGE('',*,*,#561,.T.);
#96=ORIENTED_EDGE('',*,*,#566,.F.);
#97=ORIENTED_EDGE('',*,*,#541,.F.);
#98=ORIENTED_EDGE('',*,*,#567,.T.);
#99=ORIENTED_EDGE('',*,*,#564,.T.);
#100=ORIENTED_EDGE('',*,*,#568,.F.);
#101=ORIENTED_EDGE('',*,*,#556,.T.);
#102=ORIENTED_EDGE('',*,*,#559,.F.);
#103=ORIENTED_EDGE('',*,*,#562,.F.);
#104=ORIENTED_EDGE('',*,*,#565,.F.);
#105=ORIENTED_EDGE('',*,*,#567,.F.);
#106=ORIENTED_EDGE('',*,*,#540,.F.);
#107=ORIENTED_EDGE('',*,*,#544,.F.);
#108=ORIENTED_EDGE('',*,*,#547,.T.);
#109=ORIENTED_EDGE('',*,*,#550,.T.);
#110=ORIENTED_EDGE('',*,*,#569,.F.);
#111=ORIENTED_EDGE('',*,*,#570,.F.);
#112=ORIENTED_EDGE('',*,*,#538,.T.);
#113=ORIENTED_EDGE('',*,*,#566,.T.);
#114=ORIENTED_EDGE('',*,*,#563,.T.);
#115=ORIENTED_EDGE('',*,*,#560,.T.);
#116=ORIENTED_EDGE('',*,*,#557,.T.);
#117=ORIENTED_EDGE('',*,*,#554,.F.);
#118=ORIENTED_EDGE('',*,*,#551,.F.);
#119=ORIENTED_EDGE('',*,*,#548,.F.);
#120=ORIENTED_EDGE('',*,*,#545,.F.);
#121=ORIENTED_EDGE('',*,*,#542,.T.);
#122=ORIENTED_EDGE('',*,*,#571,.T.);
#123=ORIENTED_EDGE('',*,*,#572,.T.);
#124=ORIENTED_EDGE('',*,*,#573,.T.);
#125=ORIENTED_EDGE('',*,*,#574,.T.);
#126=ORIENTED_EDGE('',*,*,#575,.T.);
#127=ORIENTED_EDGE('',*,*,#576,.T.);
#128=ORIENTED_EDGE('',*,*,#577,.T.);
#129=ORIENTED_EDGE('',*,*,#578,.T.);
#130=ORIENTED_EDGE('',*,*,#579,.T.);
#131=ORIENTED_EDGE('',*,*,#580,.F.);
#132=ORIENTED_EDGE('',*,*,#553,.T.);
#133=ORIENTED_EDGE('',*,*,#581,.F.);
#134=ORIENTED_EDGE('',*,*,#582,.F.);
#135=ORIENTED_EDGE('',*,*,#583,.F.);
#136=ORIENTED_EDGE('',*,*,#584,.F.);
#137=ORIENTED_EDGE('',*,*,#585,.F.);
#138=ORIENTED_EDGE('',*,*,#586,.T.);
#139=ORIENTED_EDGE('',*,*,#587,.T.);
#140=ORIENTED_EDGE('',*,*,#588,.T.);
#141=ORIENTED_EDGE('',*,*,#589,.T.);
#142=ORIENTED_EDGE('',*,*,#590,.T.);
#143=ORIENTED_EDGE('',*,*,#591,.T.);
#144=ORIENTED_EDGE('',*,*,#592,.F.);
#145=ORIENTED_EDGE('',*,*,#593,.T.);
#146=ORIENTED_EDGE('',*,*,#594,.T.);
#147=ORIENTED_EDGE('',*,*,#595,.T.);
#148=ORIENTED_EDGE('',*,*,#596,.T.);
#149=ORIENTED_EDGE('',*,*,#597,.T.);
#150=ORIENTED_EDGE('',*,*,#598,.T.);
#151=ORIENTED_EDGE('',*,*,#599,.T.);
#152=ORIENTED_EDGE('',*,*,#600,.T.);
#153=ORIENTED_EDGE('',*,*,#601,.F.);
#154=ORIENTED_EDGE('',*,*,#602,.T.);
#155=ORIENTED_EDGE('',*,*,#603,.T.);
#156=ORIENTED_EDGE('',*,*,#604,.T.);
#157=ORIENTED_EDGE('',*,*,#605,.T.);
#158=ORIENTED_EDGE('',*,*,#606,.T.);
#159=ORIENTED_EDGE('',*,*,#607,.T.);
#160=ORIENTED_EDGE('',*,*,#608,.T.);
#161=ORIENTED_EDGE('',*,*,#609,.T.);
#162=ORIENTED_EDGE('',*,*,#610,.F.);
#163=ORIENTED_EDGE('',*,*,#611,.T.);
#164=ORIENTED_EDGE('',*,*,#612,.T.);
#165=ORIENTED_EDGE('',*,*,#613,.T.);
#166=ORIENTED_EDGE('',*,*,#614,.T.);
#167=ORIENTED_EDGE('',*,*,#615,.T.);
#168=ORIENTED_EDGE('',*,*,#616,.T.);
#169=ORIENTED_EDGE('',*,*,#617,.T.);
#170=ORIENTED_EDGE('',*,*,#618,.T.);
#171=ORIENTED_EDGE('',*,*,#619,.F.);
#172=ORIENTED_EDGE('',*,*,#620,.T.);
#173=ORIENTED_EDGE('',*,*,#621,.T.);
#174=ORIENTED_EDGE('',*,*,#622,.T.);
#175=ORIENTED_EDGE('',*,*,#623,.T.);
#176=ORIENTED_EDGE('',*,*,#624,.T.);
#177=ORIENTED_EDGE('',*,*,#625,.T.);
#178=ORIENTED_EDGE('',*,*,#626,.T.);
#179=ORIENTED_EDGE('',*,*,#627,.T.);
#180=ORIENTED_EDGE('',*,*,#628,.F.);
#181=ORIENTED_EDGE('',*,*,#629,.F.);
#182=ORIENTED_EDGE('',*,*,#630,.F.);
#183=ORIENTED_EDGE('',*,*,#631,.F.);
#184=ORIENTED_EDGE('',*,*,#632,.F.);
#185=ORIENTED_EDGE('',*,*,#633,.F.);
#186=ORIENTED_EDGE('',*,*,#634,.F.);
#187=ORIENTED_EDGE('',*,*,#635,.F.);
#188=ORIENTED_EDGE('',*,*,#636,.F.);
#189=ORIENTED_EDGE('',*,*,#637,.F.);
#190=ORIENTED_EDGE('',*,*,#638,.F.);
#191=ORIENTED_EDGE('',*,*,#639,.F.);
#192=ORIENTED_EDGE('',*,*,#640,.F.);
#193=ORIENTED_EDGE('',*,*,#581,.T.);
#194=ORIENTED_EDGE('',*,*,#568,.T.);
#195=ORIENTED_EDGE('',*,*,#641,.F.);
#196=ORIENTED_EDGE('',*,*,#642,.F.);
#197=ORIENTED_EDGE('',*,*,#643,.T.);
#198=ORIENTED_EDGE('',*,*,#570,.T.);
#199=ORIENTED_EDGE('',*,*,#644,.F.);
#200=ORIENTED_EDGE('',*,*,#645,.F.);
#201=ORIENTED_EDGE('',*,*,#641,.T.);
#202=ORIENTED_EDGE('',*,*,#569,.T.);
#203=ORIENTED_EDGE('',*,*,#580,.T.);
#204=ORIENTED_EDGE('',*,*,#646,.F.);
#205=ORIENTED_EDGE('',*,*,#647,.F.);
#206=ORIENTED_EDGE('',*,*,#644,.T.);
#207=ORIENTED_EDGE('',*,*,#579,.F.);
#208=ORIENTED_EDGE('',*,*,#648,.T.);
#209=ORIENTED_EDGE('',*,*,#649,.T.);
#210=ORIENTED_EDGE('',*,*,#646,.T.);
#211=ORIENTED_EDGE('',*,*,#650,.T.);
#212=ORIENTED_EDGE('',*,*,#651,.T.);
#213=ORIENTED_EDGE('',*,*,#577,.F.);
#214=ORIENTED_EDGE('',*,*,#652,.F.);
#215=ORIENTED_EDGE('',*,*,#640,.T.);
#216=ORIENTED_EDGE('',*,*,#653,.F.);
#217=ORIENTED_EDGE('',*,*,#654,.F.);
#218=ORIENTED_EDGE('',*,*,#652,.T.);
#219=ORIENTED_EDGE('',*,*,#639,.T.);
#220=ORIENTED_EDGE('',*,*,#655,.F.);
#221=ORIENTED_EDGE('',*,*,#656,.F.);
#222=ORIENTED_EDGE('',*,*,#653,.T.);
#223=ORIENTED_EDGE('',*,*,#638,.T.);
#224=ORIENTED_EDGE('',*,*,#657,.F.);
#225=ORIENTED_EDGE('',*,*,#658,.F.);
#226=ORIENTED_EDGE('',*,*,#655,.T.);
#227=ORIENTED_EDGE('',*,*,#637,.T.);
#228=ORIENTED_EDGE('',*,*,#659,.F.);
#229=ORIENTED_EDGE('',*,*,#660,.F.);
#230=ORIENTED_EDGE('',*,*,#657,.T.);
#231=ORIENTED_EDGE('',*,*,#636,.T.);
#232=ORIENTED_EDGE('',*,*,#661,.F.);
#233=ORIENTED_EDGE('',*,*,#662,.F.);
#234=ORIENTED_EDGE('',*,*,#659,.T.);
#235=ORIENTED_EDGE('',*,*,#635,.T.);
#236=ORIENTED_EDGE('',*,*,#663,.F.);
#237=ORIENTED_EDGE('',*,*,#664,.F.);
#238=ORIENTED_EDGE('',*,*,#661,.T.);
#239=ORIENTED_EDGE('',*,*,#634,.T.);
#240=ORIENTED_EDGE('',*,*,#665,.F.);
#241=ORIENTED_EDGE('',*,*,#666,.F.);
#242=ORIENTED_EDGE('',*,*,#663,.T.);
#243=ORIENTED_EDGE('',*,*,#633,.T.);
#244=ORIENTED_EDGE('',*,*,#667,.F.);
#245=ORIENTED_EDGE('',*,*,#668,.F.);
#246=ORIENTED_EDGE('',*,*,#665,.T.);
#247=ORIENTED_EDGE('',*,*,#632,.T.);
#248=ORIENTED_EDGE('',*,*,#669,.F.);
#249=ORIENTED_EDGE('',*,*,#670,.F.);
#250=ORIENTED_EDGE('',*,*,#667,.T.);
#251=ORIENTED_EDGE('',*,*,#631,.T.);
#252=ORIENTED_EDGE('',*,*,#671,.F.);
#253=ORIENTED_EDGE('',*,*,#672,.F.);
#254=ORIENTED_EDGE('',*,*,#669,.T.);
#255=ORIENTED_EDGE('',*,*,#630,.T.);
#256=ORIENTED_EDGE('',*,*,#673,.F.);
#257=ORIENTED_EDGE('',*,*,#674,.F.);
#258=ORIENTED_EDGE('',*,*,#671,.T.);
#259=ORIENTED_EDGE('',*,*,#629,.T.);
#260=ORIENTED_EDGE('',*,*,#675,.F.);
#261=ORIENTED_EDGE('',*,*,#676,.F.);
#262=ORIENTED_EDGE('',*,*,#673,.T.);
#263=ORIENTED_EDGE('',*,*,#628,.T.);
#264=ORIENTED_EDGE('',*,*,#677,.F.);
#265=ORIENTED_EDGE('',*,*,#678,.F.);
#266=ORIENTED_EDGE('',*,*,#675,.T.);
#267=ORIENTED_EDGE('',*,*,#627,.F.);
#268=ORIENTED_EDGE('',*,*,#679,.F.);
#269=ORIENTED_EDGE('',*,*,#680,.T.);
#270=ORIENTED_EDGE('',*,*,#677,.T.);
#271=ORIENTED_EDGE('',*,*,#626,.F.);
#272=ORIENTED_EDGE('',*,*,#681,.F.);
#273=ORIENTED_EDGE('',*,*,#682,.T.);
#274=ORIENTED_EDGE('',*,*,#679,.T.);
#275=ORIENTED_EDGE('',*,*,#625,.F.);
#276=ORIENTED_EDGE('',*,*,#683,.F.);
#277=ORIENTED_EDGE('',*,*,#684,.T.);
#278=ORIENTED_EDGE('',*,*,#681,.T.);
#279=ORIENTED_EDGE('',*,*,#624,.F.);
#280=ORIENTED_EDGE('',*,*,#685,.F.);
#281=ORIENTED_EDGE('',*,*,#686,.T.);
#282=ORIENTED_EDGE('',*,*,#683,.T.);
#283=ORIENTED_EDGE('',*,*,#623,.F.);
#284=ORIENTED_EDGE('',*,*,#687,.F.);
#285=ORIENTED_EDGE('',*,*,#688,.T.);
#286=ORIENTED_EDGE('',*,*,#685,.T.);
#287=ORIENTED_EDGE('',*,*,#622,.F.);
#288=ORIENTED_EDGE('',*,*,#689,.F.);
#289=ORIENTED_EDGE('',*,*,#690,.T.);
#290=ORIENTED_EDGE('',*,*,#687,.T.);
#291=ORIENTED_EDGE('',*,*,#621,.F.);
#292=ORIENTED_EDGE('',*,*,#691,.F.);
#293=ORIENTED_EDGE('',*,*,#692,.T.);
#294=ORIENTED_EDGE('',*,*,#689,.T.);
#295=ORIENTED_EDGE('',*,*,#620,.F.);
#296=ORIENTED_EDGE('',*,*,#693,.F.);
#297=ORIENTED_EDGE('',*,*,#694,.T.);
#298=ORIENTED_EDGE('',*,*,#691,.T.);
#299=ORIENTED_EDGE('',*,*,#619,.T.);
#300=ORIENTED_EDGE('',*,*,#695,.F.);
#301=ORIENTED_EDGE('',*,*,#696,.F.);
#302=ORIENTED_EDGE('',*,*,#693,.T.);
#303=ORIENTED_EDGE('',*,*,#618,.F.);
#304=ORIENTED_EDGE('',*,*,#697,.F.);
#305=ORIENTED_EDGE('',*,*,#698,.T.);
#306=ORIENTED_EDGE('',*,*,#695,.T.);
#307=ORIENTED_EDGE('',*,*,#617,.F.);
#308=ORIENTED_EDGE('',*,*,#699,.F.);
#309=ORIENTED_EDGE('',*,*,#700,.T.);
#310=ORIENTED_EDGE('',*,*,#697,.T.);
#311=ORIENTED_EDGE('',*,*,#616,.F.);
#312=ORIENTED_EDGE('',*,*,#701,.F.);
#313=ORIENTED_EDGE('',*,*,#702,.T.);
#314=ORIENTED_EDGE('',*,*,#699,.T.);
#315=ORIENTED_EDGE('',*,*,#615,.F.);
#316=ORIENTED_EDGE('',*,*,#703,.F.);
#317=ORIENTED_EDGE('',*,*,#704,.T.);
#318=ORIENTED_EDGE('',*,*,#701,.T.);
#319=ORIENTED_EDGE('',*,*,#614,.F.);
#320=ORIENTED_EDGE('',*,*,#705,.F.);
#321=ORIENTED_EDGE('',*,*,#706,.T.);
#322=ORIENTED_EDGE('',*,*,#703,.T.);
#323=ORIENTED_EDGE('',*,*,#613,.F.);
#324=ORIENTED_EDGE('',*,*,#707,.F.);
#325=ORIENTED_EDGE('',*,*,#708,.T.);
#326=ORIENTED_EDGE('',*,*,#705,.T.);
#327=ORIENTED_EDGE('',*,*,#612,.F.);
#328=ORIENTED_EDGE('',*,*,#709,.F.);
#329=ORIENTED_EDGE('',*,*,#710,.T.);
#330=ORIENTED_EDGE('',*,*,#707,.T.);
#331=ORIENTED_EDGE('',*,*,#611,.F.);
#332=ORIENTED_EDGE('',*,*,#711,.F.);
#333=ORIENTED_EDGE('',*,*,#712,.T.);
#334=ORIENTED_EDGE('',*,*,#709,.T.);
#335=ORIENTED_EDGE('',*,*,#610,.T.);
#336=ORIENTED_EDGE('',*,*,#713,.F.);
#337=ORIENTED_EDGE('',*,*,#714,.F.);
#338=ORIENTED_EDGE('',*,*,#711,.T.);
#339=ORIENTED_EDGE('',*,*,#609,.F.);
#340=ORIENTED_EDGE('',*,*,#715,.F.);
#341=ORIENTED_EDGE('',*,*,#716,.T.);
#342=ORIENTED_EDGE('',*,*,#713,.T.);
#343=ORIENTED_EDGE('',*,*,#608,.F.);
#344=ORIENTED_EDGE('',*,*,#717,.F.);
#345=ORIENTED_EDGE('',*,*,#718,.T.);
#346=ORIENTED_EDGE('',*,*,#715,.T.);
#347=ORIENTED_EDGE('',*,*,#607,.F.);
#348=ORIENTED_EDGE('',*,*,#719,.F.);
#349=ORIENTED_EDGE('',*,*,#720,.T.);
#350=ORIENTED_EDGE('',*,*,#717,.T.);
#351=ORIENTED_EDGE('',*,*,#606,.F.);
#352=ORIENTED_EDGE('',*,*,#721,.F.);
#353=ORIENTED_EDGE('',*,*,#722,.T.);
#354=ORIENTED_EDGE('',*,*,#719,.T.);
#355=ORIENTED_EDGE('',*,*,#605,.F.);
#356=ORIENTED_EDGE('',*,*,#723,.F.);
#357=ORIENTED_EDGE('',*,*,#724,.T.);
#358=ORIENTED_EDGE('',*,*,#721,.T.);
#359=ORIENTED_EDGE('',*,*,#604,.F.);
#360=ORIENTED_EDGE('',*,*,#725,.F.);
#361=ORIENTED_EDGE('',*,*,#726,.T.);
#362=ORIENTED_EDGE('',*,*,#723,.T.);
#363=ORIENTED_EDGE('',*,*,#603,.F.);
#364=ORIENTED_EDGE('',*,*,#727,.F.);
#365=ORIENTED_EDGE('',*,*,#728,.T.);
#366=ORIENTED_EDGE('',*,*,#725,.T.);
#367=ORIENTED_EDGE('',*,*,#602,.F.);
#368=ORIENTED_EDGE('',*,*,#729,.F.);
#369=ORIENTED_EDGE('',*,*,#730,.T.);
#370=ORIENTED_EDGE('',*,*,#727,.T.);
#371=ORIENTED_EDGE('',*,*,#601,.T.);
#372=ORIENTED_EDGE('',*,*,#731,.F.);
#373=ORIENTED_EDGE('',*,*,#732,.F.);
#374=ORIENTED_EDGE('',*,*,#729,.T.);
#375=ORIENTED_EDGE('',*,*,#600,.F.);
#376=ORIENTED_EDGE('',*,*,#733,.F.);
#377=ORIENTED_EDGE('',*,*,#734,.T.);
#378=ORIENTED_EDGE('',*,*,#731,.T.);
#379=ORIENTED_EDGE('',*,*,#599,.F.);
#380=ORIENTED_EDGE('',*,*,#735,.F.);
#381=ORIENTED_EDGE('',*,*,#736,.T.);
#382=ORIENTED_EDGE('',*,*,#733,.T.);
#383=ORIENTED_EDGE('',*,*,#598,.F.);
#384=ORIENTED_EDGE('',*,*,#737,.F.);
#385=ORIENTED_EDGE('',*,*,#738,.T.);
#386=ORIENTED_EDGE('',*,*,#735,.T.);
#387=ORIENTED_EDGE('',*,*,#597,.F.);
#388=ORIENTED_EDGE('',*,*,#739,.F.);
#389=ORIENTED_EDGE('',*,*,#740,.T.);
#390=ORIENTED_EDGE('',*,*,#737,.T.);
#391=ORIENTED_EDGE('',*,*,#596,.F.);
#392=ORIENTED_EDGE('',*,*,#741,.F.);
#393=ORIENTED_EDGE('',*,*,#742,.T.);
#394=ORIENTED_EDGE('',*,*,#739,.T.);
#395=ORIENTED_EDGE('',*,*,#595,.F.);
#396=ORIENTED_EDGE('',*,*,#743,.F.);
#397=ORIENTED_EDGE('',*,*,#744,.T.);
#398=ORIENTED_EDGE('',*,*,#741,.T.);
#399=ORIENTED_EDGE('',*,*,#594,.F.);
#400=ORIENTED_EDGE('',*,*,#745,.F.);
#401=ORIENTED_EDGE('',*,*,#746,.T.);
#402=ORIENTED_EDGE('',*,*,#743,.T.);
#403=ORIENTED_EDGE('',*,*,#593,.F.);
#404=ORIENTED_EDGE('',*,*,#747,.F.);
#405=ORIENTED_EDGE('',*,*,#748,.T.);
#406=ORIENTED_EDGE('',*,*,#745,.T.);
#407=ORIENTED_EDGE('',*,*,#592,.T.);
#408=ORIENTED_EDGE('',*,*,#749,.F.);
#409=ORIENTED_EDGE('',*,*,#750,.F.);
#410=ORIENTED_EDGE('',*,*,#747,.T.);
#411=ORIENTED_EDGE('',*,*,#591,.F.);
#412=ORIENTED_EDGE('',*,*,#751,.F.);
#413=ORIENTED_EDGE('',*,*,#752,.T.);
#414=ORIENTED_EDGE('',*,*,#749,.T.);
#415=ORIENTED_EDGE('',*,*,#590,.F.);
#416=ORIENTED_EDGE('',*,*,#753,.F.);
#417=ORIENTED_EDGE('',*,*,#754,.T.);
#418=ORIENTED_EDGE('',*,*,#751,.T.);
#419=ORIENTED_EDGE('',*,*,#589,.F.);
#420=ORIENTED_EDGE('',*,*,#755,.F.);
#421=ORIENTED_EDGE('',*,*,#756,.T.);
#422=ORIENTED_EDGE('',*,*,#753,.T.);
#423=ORIENTED_EDGE('',*,*,#588,.F.);
#424=ORIENTED_EDGE('',*,*,#757,.F.);
#425=ORIENTED_EDGE('',*,*,#758,.T.);
#426=ORIENTED_EDGE('',*,*,#755,.T.);
#427=ORIENTED_EDGE('',*,*,#587,.F.);
#428=ORIENTED_EDGE('',*,*,#759,.F.);
#429=ORIENTED_EDGE('',*,*,#760,.T.);
#430=ORIENTED_EDGE('',*,*,#757,.T.);
#431=ORIENTED_EDGE('',*,*,#586,.F.);
#432=ORIENTED_EDGE('',*,*,#761,.F.);
#433=ORIENTED_EDGE('',*,*,#762,.T.);
#434=ORIENTED_EDGE('',*,*,#759,.T.);
#435=ORIENTED_EDGE('',*,*,#585,.T.);
#436=ORIENTED_EDGE('',*,*,#763,.F.);
#437=ORIENTED_EDGE('',*,*,#764,.F.);
#438=ORIENTED_EDGE('',*,*,#761,.T.);
#439=ORIENTED_EDGE('',*,*,#584,.T.);
#440=ORIENTED_EDGE('',*,*,#765,.F.);
#441=ORIENTED_EDGE('',*,*,#766,.F.);
#442=ORIENTED_EDGE('',*,*,#763,.T.);
#443=ORIENTED_EDGE('',*,*,#583,.T.);
#444=ORIENTED_EDGE('',*,*,#767,.F.);
#445=ORIENTED_EDGE('',*,*,#768,.F.);
#446=ORIENTED_EDGE('',*,*,#765,.T.);
#447=ORIENTED_EDGE('',*,*,#769,.T.);
#448=ORIENTED_EDGE('',*,*,#575,.F.);
#449=ORIENTED_EDGE('',*,*,#770,.T.);
#450=ORIENTED_EDGE('',*,*,#574,.F.);
#451=ORIENTED_EDGE('',*,*,#771,.T.);
#452=ORIENTED_EDGE('',*,*,#573,.F.);
#453=ORIENTED_EDGE('',*,*,#772,.T.);
#454=ORIENTED_EDGE('',*,*,#572,.F.);
#455=ORIENTED_EDGE('',*,*,#773,.T.);
#456=ORIENTED_EDGE('',*,*,#571,.F.);
#457=ORIENTED_EDGE('',*,*,#582,.T.);
#458=ORIENTED_EDGE('',*,*,#643,.F.);
#459=ORIENTED_EDGE('',*,*,#774,.F.);
#460=ORIENTED_EDGE('',*,*,#767,.T.);
#461=ORIENTED_EDGE('',*,*,#775,.T.);
#462=ORIENTED_EDGE('',*,*,#576,.F.);
#463=ORIENTED_EDGE('',*,*,#649,.F.);
#464=ORIENTED_EDGE('',*,*,#776,.T.);
#465=ORIENTED_EDGE('',*,*,#650,.F.);
#466=ORIENTED_EDGE('',*,*,#654,.T.);
#467=ORIENTED_EDGE('',*,*,#656,.T.);
#468=ORIENTED_EDGE('',*,*,#658,.T.);
#469=ORIENTED_EDGE('',*,*,#660,.T.);
#470=ORIENTED_EDGE('',*,*,#662,.T.);
#471=ORIENTED_EDGE('',*,*,#664,.T.);
#472=ORIENTED_EDGE('',*,*,#666,.T.);
#473=ORIENTED_EDGE('',*,*,#668,.T.);
#474=ORIENTED_EDGE('',*,*,#670,.T.);
#475=ORIENTED_EDGE('',*,*,#672,.T.);
#476=ORIENTED_EDGE('',*,*,#674,.T.);
#477=ORIENTED_EDGE('',*,*,#676,.T.);
#478=ORIENTED_EDGE('',*,*,#678,.T.);
#479=ORIENTED_EDGE('',*,*,#680,.F.);
#480=ORIENTED_EDGE('',*,*,#682,.F.);
#481=ORIENTED_EDGE('',*,*,#684,.F.);
#482=ORIENTED_EDGE('',*,*,#686,.F.);
#483=ORIENTED_EDGE('',*,*,#688,.F.);
#484=ORIENTED_EDGE('',*,*,#690,.F.);
#485=ORIENTED_EDGE('',*,*,#692,.F.);
#486=ORIENTED_EDGE('',*,*,#694,.F.);
#487=ORIENTED_EDGE('',*,*,#696,.T.);
#488=ORIENTED_EDGE('',*,*,#698,.F.);
#489=ORIENTED_EDGE('',*,*,#700,.F.);
#490=ORIENTED_EDGE('',*,*,#702,.F.);
#491=ORIENTED_EDGE('',*,*,#704,.F.);
#492=ORIENTED_EDGE('',*,*,#706,.F.);
#493=ORIENTED_EDGE('',*,*,#708,.F.);
#494=ORIENTED_EDGE('',*,*,#710,.F.);
#495=ORIENTED_EDGE('',*,*,#712,.F.);
#496=ORIENTED_EDGE('',*,*,#714,.T.);
#497=ORIENTED_EDGE('',*,*,#716,.F.);
#498=ORIENTED_EDGE('',*,*,#718,.F.);
#499=ORIENTED_EDGE('',*,*,#720,.F.);
#500=ORIENTED_EDGE('',*,*,#722,.F.);
#501=ORIENTED_EDGE('',*,*,#724,.F.);
#502=ORIENTED_EDGE('',*,*,#726,.F.);
#503=ORIENTED_EDGE('',*,*,#728,.F.);
#504=ORIENTED_EDGE('',*,*,#730,.F.);
#505=ORIENTED_EDGE('',*,*,#732,.T.);
#506=ORIENTED_EDGE('',*,*,#734,.F.);
#507=ORIENTED_EDGE('',*,*,#736,.F.);
#508=ORIENTED_EDGE('',*,*,#738,.F.);
#509=ORIENTED_EDGE('',*,*,#740,.F.);
#510=ORIENTED_EDGE('',*,*,#742,.F.);
#511=ORIENTED_EDGE('',*,*,#744,.F.);
#512=ORIENTED_EDGE('',*,*,#746,.F.);
#513=ORIENTED_EDGE('',*,*,#748,.F.);
#514=ORIENTED_EDGE('',*,*,#750,.T.);
#515=ORIENTED_EDGE('',*,*,#752,.F.);
#516=ORIENTED_EDGE('',*,*,#754,.F.);
#517=ORIENTED_EDGE('',*,*,#756,.F.);
#518=ORIENTED_EDGE('',*,*,#758,.F.);
#519=ORIENTED_EDGE('',*,*,#760,.F.);
#520=ORIENTED_EDGE('',*,*,#762,.F.);
#521=ORIENTED_EDGE('',*,*,#764,.T.);
#522=ORIENTED_EDGE('',*,*,#766,.T.);
#523=ORIENTED_EDGE('',*,*,#768,.T.);
#524=ORIENTED_EDGE('',*,*,#774,.T.);
#525=ORIENTED_EDGE('',*,*,#642,.T.);
#526=ORIENTED_EDGE('',*,*,#645,.T.);
#527=ORIENTED_EDGE('',*,*,#647,.T.);
#528=ORIENTED_EDGE('',*,*,#773,.F.);
#529=ORIENTED_EDGE('',*,*,#772,.F.);
#530=ORIENTED_EDGE('',*,*,#771,.F.);
#531=ORIENTED_EDGE('',*,*,#770,.F.);
#532=ORIENTED_EDGE('',*,*,#769,.F.);
#533=ORIENTED_EDGE('',*,*,#775,.F.);
#534=ORIENTED_EDGE('',*,*,#776,.F.);
#535=ORIENTED_EDGE('',*,*,#648,.F.);
#536=ORIENTED_EDGE('',*,*,#578,.F.);
#537=ORIENTED_EDGE('',*,*,#651,.F.);
#538=EDGE_CURVE('',#777,#778,#939,.T.);
#539=EDGE_CURVE('',#779,#777,#940,.T.);
#540=EDGE_CURVE('',#779,#780,#941,.T.);
#541=EDGE_CURVE('',#780,#778,#942,.T.);
#542=EDGE_CURVE('',#781,#777,#943,.T.);
#543=EDGE_CURVE('',#782,#781,#944,.T.);
#544=EDGE_CURVE('',#782,#779,#945,.T.);
#545=EDGE_CURVE('',#781,#783,#946,.T.);
#546=EDGE_CURVE('',#784,#783,#947,.T.);
#547=EDGE_CURVE('',#782,#784,#948,.T.);
#548=EDGE_CURVE('',#783,#785,#42,.T.);
#549=EDGE_CURVE('',#786,#785,#949,.T.);
#550=EDGE_CURVE('',#784,#786,#43,.T.);
#551=EDGE_CURVE('',#785,#787,#44,.T.);
#552=EDGE_CURVE('',#788,#787,#950,.T.);
#553=EDGE_CURVE('',#786,#788,#45,.T.);
#554=EDGE_CURVE('',#787,#789,#46,.T.);
#555=EDGE_CURVE('',#790,#789,#951,.T.);
#556=EDGE_CURVE('',#788,#790,#47,.T.);
#557=EDGE_CURVE('',#791,#789,#952,.T.);
#558=EDGE_CURVE('',#792,#791,#953,.T.);
#559=EDGE_CURVE('',#792,#790,#954,.T.);
#560=EDGE_CURVE('',#793,#791,#955,.T.);
#561=EDGE_CURVE('',#794,#793,#956,.T.);
#562=EDGE_CURVE('',#794,#792,#957,.T.);
#563=EDGE_CURVE('',#795,#793,#958,.T.);
#564=EDGE_CURVE('',#796,#795,#959,.T.);
#565=EDGE_CURVE('',#796,#794,#960,.T.);
#566=EDGE_CURVE('',#778,#795,#961,.T.);
#567=EDGE_CURVE('',#780,#796,#962,.T.);
#568=EDGE_CURVE('',#788,#797,#963,.T.);
#569=EDGE_CURVE('',#798,#786,#964,.T.);
#570=EDGE_CURVE('',#797,#798,#48,.T.);
#571=EDGE_CURVE('',#799,#799,#22,.T.);
#572=EDGE_CURVE('',#800,#800,#23,.T.);
#573=EDGE_CURVE('',#801,#801,#24,.T.);
#574=EDGE_CURVE('',#802,#802,#25,.T.);
#575=EDGE_CURVE('',#803,#803,#26,.T.);
#576=EDGE_CURVE('',#804,#804,#27,.T.);
#577=EDGE_CURVE('',#805,#806,#965,.T.);
#578=EDGE_CURVE('',#806,#807,#28,.F.);
#579=EDGE_CURVE('',#807,#808,#29,.T.);
#580=EDGE_CURVE('',#786,#808,#966,.T.);
#581=EDGE_CURVE('',#809,#788,#967,.T.);
#582=EDGE_CURVE('',#810,#809,#49,.T.);
#583=EDGE_CURVE('',#811,#810,#968,.T.);
#584=EDGE_CURVE('',#812,#811,#969,.T.);
#585=EDGE_CURVE('',#813,#812,#970,.T.);
#586=EDGE_CURVE('',#813,#814,#971,.T.);
#587=EDGE_CURVE('',#814,#815,#972,.T.);
#588=EDGE_CURVE('',#815,#816,#973,.T.);
#589=EDGE_CURVE('',#816,#817,#974,.T.);
#590=EDGE_CURVE('',#817,#818,#975,.T.);
#591=EDGE_CURVE('',#818,#819,#976,.T.);
#592=EDGE_CURVE('',#820,#819,#977,.T.);
#593=EDGE_CURVE('',#820,#821,#978,.T.);
#594=EDGE_CURVE('',#821,#822,#979,.T.);
#595=EDGE_CURVE('',#822,#823,#980,.T.);
#596=EDGE_CURVE('',#823,#824,#981,.T.);
#597=EDGE_CURVE('',#824,#825,#982,.T.);
#598=EDGE_CURVE('',#825,#826,#983,.T.);
#599=EDGE_CURVE('',#826,#827,#984,.T.);
#600=EDGE_CURVE('',#827,#828,#985,.T.);
#601=EDGE_CURVE('',#829,#828,#986,.T.);
#602=EDGE_CURVE('',#829,#830,#987,.T.);
#603=EDGE_CURVE('',#830,#831,#988,.T.);
#604=EDGE_CURVE('',#831,#832,#989,.T.);
#605=EDGE_CURVE('',#832,#833,#990,.T.);
#606=EDGE_CURVE('',#833,#834,#991,.T.);
#607=EDGE_CURVE('',#834,#835,#992,.T.);
#608=EDGE_CURVE('',#835,#836,#993,.T.);
#609=EDGE_CURVE('',#836,#837,#994,.T.);
#610=EDGE_CURVE('',#838,#837,#995,.T.);
#611=EDGE_CURVE('',#838,#839,#996,.T.);
#612=EDGE_CURVE('',#839,#840,#997,.T.);
#613=EDGE_CURVE('',#840,#841,#998,.T.);
#614=EDGE_CURVE('',#841,#842,#999,.T.);
#615=EDGE_CURVE('',#842,#843,#1000,.T.);
#616=EDGE_CURVE('',#843,#844,#1001,.T.);
#617=EDGE_CURVE('',#844,#845,#1002,.T.);
#618=EDGE_CURVE('',#845,#846,#1003,.T.);
#619=EDGE_CURVE('',#847,#846,#1004,.T.);
#620=EDGE_CURVE('',#847,#848,#1005,.T.);
#621=EDGE_CURVE('',#848,#849,#1006,.T.);
#622=EDGE_CURVE('',#849,#850,#1007,.T.);
#623=EDGE_CURVE('',#850,#851,#1008,.T.);
#624=EDGE_CURVE('',#851,#852,#1009,.T.);
#625=EDGE_CURVE('',#852,#853,#1010,.T.);
#626=EDGE_CURVE('',#853,#854,#1011,.T.);
#627=EDGE_CURVE('',#854,#855,#1012,.T.);
#628=EDGE_CURVE('',#856,#855,#1013,.T.);
#629=EDGE_CURVE('',#857,#856,#1014,.T.);
#630=EDGE_CURVE('',#858,#857,#1015,.T.);
#631=EDGE_CURVE('',#859,#858,#1016,.T.);
#632=EDGE_CURVE('',#860,#859,#1017,.T.);
#633=EDGE_CURVE('',#861,#860,#1018,.T.);
#634=EDGE_CURVE('',#862,#861,#1019,.T.);
#635=EDGE_CURVE('',#863,#862,#1020,.T.);
#636=EDGE_CURVE('',#864,#863,#1021,.T.);
#637=EDGE_CURVE('',#865,#864,#1022,.T.);
#638=EDGE_CURVE('',#866,#865,#30,.T.);
#639=EDGE_CURVE('',#867,#866,#31,.T.);
#640=EDGE_CURVE('',#805,#867,#50,.T.);
#641=EDGE_CURVE('',#868,#797,#1023,.T.);
#642=EDGE_CURVE('',#869,#868,#1024,.T.);
#643=EDGE_CURVE('',#869,#809,#1025,.T.);
#644=EDGE_CURVE('',#870,#798,#1026,.T.);
#645=EDGE_CURVE('',#868,#870,#51,.T.);
#646=EDGE_CURVE('',#871,#808,#1027,.T.);
#647=EDGE_CURVE('',#870,#871,#1028,.T.);
#648=EDGE_CURVE('',#807,#872,#1029,.F.);
#649=EDGE_CURVE('',#872,#871,#32,.T.);
#650=EDGE_CURVE('',#873,#874,#1030,.T.);
#651=EDGE_CURVE('',#874,#806,#1031,.T.);
#652=EDGE_CURVE('',#873,#805,#1032,.T.);
#653=EDGE_CURVE('',#875,#867,#1033,.T.);
#654=EDGE_CURVE('',#873,#875,#52,.T.);
#655=EDGE_CURVE('',#876,#866,#1034,.T.);
#656=EDGE_CURVE('',#875,#876,#33,.T.);
#657=EDGE_CURVE('',#877,#865,#1035,.T.);
#658=EDGE_CURVE('',#876,#877,#34,.T.);
#659=EDGE_CURVE('',#878,#864,#1036,.T.);
#660=EDGE_CURVE('',#877,#878,#1037,.T.);
#661=EDGE_CURVE('',#879,#863,#1038,.T.);
#662=EDGE_CURVE('',#878,#879,#1039,.T.);
#663=EDGE_CURVE('',#880,#862,#1040,.T.);
#664=EDGE_CURVE('',#879,#880,#1041,.T.);
#665=EDGE_CURVE('',#881,#861,#1042,.T.);
#666=EDGE_CURVE('',#880,#881,#1043,.T.);
#667=EDGE_CURVE('',#882,#860,#1044,.T.);
#668=EDGE_CURVE('',#881,#882,#1045,.T.);
#669=EDGE_CURVE('',#883,#859,#1046,.T.);
#670=EDGE_CURVE('',#882,#883,#1047,.T.);
#671=EDGE_CURVE('',#884,#858,#1048,.T.);
#672=EDGE_CURVE('',#883,#884,#1049,.T.);
#673=EDGE_CURVE('',#885,#857,#1050,.T.);
#674=EDGE_CURVE('',#884,#885,#1051,.T.);
#675=EDGE_CURVE('',#886,#856,#1052,.T.);
#676=EDGE_CURVE('',#885,#886,#1053,.T.);
#677=EDGE_CURVE('',#887,#855,#1054,.T.);
#678=EDGE_CURVE('',#886,#887,#1055,.T.);
#679=EDGE_CURVE('',#888,#854,#1056,.T.);
#680=EDGE_CURVE('',#888,#887,#1057,.T.);
#681=EDGE_CURVE('',#889,#853,#1058,.T.);
#682=EDGE_CURVE('',#889,#888,#1059,.T.);
#683=EDGE_CURVE('',#890,#852,#1060,.T.);
#684=EDGE_CURVE('',#890,#889,#1061,.T.);
#685=EDGE_CURVE('',#891,#851,#1062,.T.);
#686=EDGE_CURVE('',#891,#890,#1063,.T.);
#687=EDGE_CURVE('',#892,#850,#1064,.T.);
#688=EDGE_CURVE('',#892,#891,#1065,.T.);
#689=EDGE_CURVE('',#893,#849,#1066,.T.);
#690=EDGE_CURVE('',#893,#892,#1067,.T.);
#691=EDGE_CURVE('',#894,#848,#1068,.T.);
#692=EDGE_CURVE('',#894,#893,#1069,.T.);
#693=EDGE_CURVE('',#895,#847,#1070,.T.);
#694=EDGE_CURVE('',#895,#894,#1071,.T.);
#695=EDGE_CURVE('',#896,#846,#1072,.T.);
#696=EDGE_CURVE('',#895,#896,#1073,.T.);
#697=EDGE_CURVE('',#897,#845,#1074,.T.);
#698=EDGE_CURVE('',#897,#896,#1075,.T.);
#699=EDGE_CURVE('',#898,#844,#1076,.T.);
#700=EDGE_CURVE('',#898,#897,#1077,.T.);
#701=EDGE_CURVE('',#899,#843,#1078,.T.);
#702=EDGE_CURVE('',#899,#898,#1079,.T.);
#703=EDGE_CURVE('',#900,#842,#1080,.T.);
#704=EDGE_CURVE('',#900,#899,#1081,.T.);
#705=EDGE_CURVE('',#901,#841,#1082,.T.);
#706=EDGE_CURVE('',#901,#900,#1083,.T.);
#707=EDGE_CURVE('',#902,#840,#1084,.T.);
#708=EDGE_CURVE('',#902,#901,#1085,.T.);
#709=EDGE_CURVE('',#903,#839,#1086,.T.);
#710=EDGE_CURVE('',#903,#902,#1087,.T.);
#711=EDGE_CURVE('',#904,#838,#1088,.T.);
#712=EDGE_CURVE('',#904,#903,#1089,.T.);
#713=EDGE_CURVE('',#905,#837,#1090,.T.);
#714=EDGE_CURVE('',#904,#905,#1091,.T.);
#715=EDGE_CURVE('',#906,#836,#1092,.T.);
#716=EDGE_CURVE('',#906,#905,#1093,.T.);
#717=EDGE_CURVE('',#907,#835,#1094,.T.);
#718=EDGE_CURVE('',#907,#906,#1095,.T.);
#719=EDGE_CURVE('',#908,#834,#1096,.T.);
#720=EDGE_CURVE('',#908,#907,#1097,.T.);
#721=EDGE_CURVE('',#909,#833,#1098,.T.);
#722=EDGE_CURVE('',#909,#908,#1099,.T.);
#723=EDGE_CURVE('',#910,#832,#1100,.T.);
#724=EDGE_CURVE('',#910,#909,#1101,.T.);
#725=EDGE_CURVE('',#911,#831,#1102,.T.);
#726=EDGE_CURVE('',#911,#910,#1103,.T.);
#727=EDGE_CURVE('',#912,#830,#1104,.T.);
#728=EDGE_CURVE('',#912,#911,#1105,.T.);
#729=EDGE_CURVE('',#913,#829,#1106,.T.);
#730=EDGE_CURVE('',#913,#912,#1107,.T.);
#731=EDGE_CURVE('',#914,#828,#1108,.T.);
#732=EDGE_CURVE('',#913,#914,#1109,.T.);
#733=EDGE_CURVE('',#915,#827,#1110,.T.);
#734=EDGE_CURVE('',#915,#914,#1111,.T.);
#735=EDGE_CURVE('',#916,#826,#1112,.T.);
#736=EDGE_CURVE('',#916,#915,#1113,.T.);
#737=EDGE_CURVE('',#917,#825,#1114,.T.);
#738=EDGE_CURVE('',#917,#916,#1115,.T.);
#739=EDGE_CURVE('',#918,#824,#1116,.T.);
#740=EDGE_CURVE('',#918,#917,#1117,.T.);
#741=EDGE_CURVE('',#919,#823,#1118,.T.);
#742=EDGE_CURVE('',#919,#918,#1119,.T.);
#743=EDGE_CURVE('',#920,#822,#1120,.T.);
#744=EDGE_CURVE('',#920,#919,#1121,.T.);
#745=EDGE_CURVE('',#921,#821,#1122,.T.);
#746=EDGE_CURVE('',#921,#920,#1123,.T.);
#747=EDGE_CURVE('',#922,#820,#1124,.T.);
#748=EDGE_CURVE('',#922,#921,#1125,.T.);
#749=EDGE_CURVE('',#923,#819,#1126,.T.);
#750=EDGE_CURVE('',#922,#923,#1127,.T.);
#751=EDGE_CURVE('',#924,#818,#1128,.T.);
#752=EDGE_CURVE('',#924,#923,#1129,.T.);
#753=EDGE_CURVE('',#925,#817,#1130,.T.);
#754=EDGE_CURVE('',#925,#924,#1131,.T.);
#755=EDGE_CURVE('',#926,#816,#1132,.T.);
#756=EDGE_CURVE('',#926,#925,#1133,.T.);
#757=EDGE_CURVE('',#927,#815,#1134,.T.);
#758=EDGE_CURVE('',#927,#926,#1135,.T.);
#759=EDGE_CURVE('',#928,#814,#1136,.T.);
#760=EDGE_CURVE('',#928,#927,#1137,.T.);
#761=EDGE_CURVE('',#929,#813,#1138,.T.);
#762=EDGE_CURVE('',#929,#928,#1139,.T.);
#763=EDGE_CURVE('',#930,#812,#1140,.T.);
#764=EDGE_CURVE('',#929,#930,#1141,.T.);
#765=EDGE_CURVE('',#931,#811,#1142,.T.);
#766=EDGE_CURVE('',#930,#931,#1143,.T.);
#767=EDGE_CURVE('',#932,#810,#1144,.T.);
#768=EDGE_CURVE('',#931,#932,#1145,.T.);
#769=EDGE_CURVE('',#933,#933,#35,.T.);
#770=EDGE_CURVE('',#934,#934,#36,.T.);
#771=EDGE_CURVE('',#935,#935,#37,.T.);
#772=EDGE_CURVE('',#936,#936,#38,.T.);
#773=EDGE_CURVE('',#937,#937,#39,.T.);
#774=EDGE_CURVE('',#932,#869,#53,.T.);
#775=EDGE_CURVE('',#938,#938,#40,.T.);
#776=EDGE_CURVE('',#872,#874,#41,.T.);
#777=VERTEX_POINT('',#2235);
#778=VERTEX_POINT('',#2236);
#779=VERTEX_POINT('',#2238);
#780=VERTEX_POINT('',#2240);
#781=VERTEX_POINT('',#2244);
#782=VERTEX_POINT('',#2246);
#783=VERTEX_POINT('',#2250);
#784=VERTEX_POINT('',#2252);
#785=VERTEX_POINT('',#2433);
#786=VERTEX_POINT('',#2435);
#787=VERTEX_POINT('',#2504);
#788=VERTEX_POINT('',#2506);
#789=VERTEX_POINT('',#2561);
#790=VERTEX_POINT('',#2563);
#791=VERTEX_POINT('',#2581);
#792=VERTEX_POINT('',#2583);
#793=VERTEX_POINT('',#2587);
#794=VERTEX_POINT('',#2589);
#795=VERTEX_POINT('',#2593);
#796=VERTEX_POINT('',#2595);
#797=VERTEX_POINT('',#2602);
#798=VERTEX_POINT('',#2604);
#799=VERTEX_POINT('',#2618);
#800=VERTEX_POINT('',#2620);
#801=VERTEX_POINT('',#2622);
#802=VERTEX_POINT('',#2624);
#803=VERTEX_POINT('',#2626);
#804=VERTEX_POINT('',#2628);
#805=VERTEX_POINT('',#2630);
#806=VERTEX_POINT('',#2631);
#807=VERTEX_POINT('',#2633);
#808=VERTEX_POINT('',#2635);
#809=VERTEX_POINT('',#2638);
#810=VERTEX_POINT('',#2645);
#811=VERTEX_POINT('',#2647);
#812=VERTEX_POINT('',#2649);
#813=VERTEX_POINT('',#2651);
#814=VERTEX_POINT('',#2653);
#815=VERTEX_POINT('',#2655);
#816=VERTEX_POINT('',#2657);
#817=VERTEX_POINT('',#2659);
#818=VERTEX_POINT('',#2661);
#819=VERTEX_POINT('',#2663);
#820=VERTEX_POINT('',#2665);
#821=VERTEX_POINT('',#2667);
#822=VERTEX_POINT('',#2669);
#823=VERTEX_POINT('',#2671);
#824=VERTEX_POINT('',#2673);
#825=VERTEX_POINT('',#2675);
#826=VERTEX_POINT('',#2677);
#827=VERTEX_POINT('',#2679);
#828=VERTEX_POINT('',#2681);
#829=VERTEX_POINT('',#2683);
#830=VERTEX_POINT('',#2685);
#831=VERTEX_POINT('',#2687);
#832=VERTEX_POINT('',#2689);
#833=VERTEX_POINT('',#2691);
#834=VERTEX_POINT('',#2693);
#835=VERTEX_POINT('',#2695);
#836=VERTEX_POINT('',#2697);
#837=VERTEX_POINT('',#2699);
#838=VERTEX_POINT('',#2701);
#839=VERTEX_POINT('',#2703);
#840=VERTEX_POINT('',#2705);
#841=VERTEX_POINT('',#2707);
#842=VERTEX_POINT('',#2709);
#843=VERTEX_POINT('',#2711);
#844=VERTEX_POINT('',#2713);
#845=VERTEX_POINT('',#2715);
#846=VERTEX_POINT('',#2717);
#847=VERTEX_POINT('',#2719);
#848=VERTEX_POINT('',#2721);
#849=VERTEX_POINT('',#2723);
#850=VERTEX_POINT('',#2725);
#851=VERTEX_POINT('',#2727);
#852=VERTEX_POINT('',#2729);
#853=VERTEX_POINT('',#2731);
#854=VERTEX_POINT('',#2733);
#855=VERTEX_POINT('',#2735);
#856=VERTEX_POINT('',#2737);
#857=VERTEX_POINT('',#2739);
#858=VERTEX_POINT('',#2741);
#859=VERTEX_POINT('',#2743);
#860=VERTEX_POINT('',#2745);
#861=VERTEX_POINT('',#2747);
#862=VERTEX_POINT('',#2749);
#863=VERTEX_POINT('',#2751);
#864=VERTEX_POINT('',#2753);
#865=VERTEX_POINT('',#2755);
#866=VERTEX_POINT('',#2757);
#867=VERTEX_POINT('',#2759);
#868=VERTEX_POINT('',#2767);
#869=VERTEX_POINT('',#2769);
#870=VERTEX_POINT('',#2794);
#871=VERTEX_POINT('',#2807);
#872=VERTEX_POINT('',#2811);
#873=VERTEX_POINT('',#2815);
#874=VERTEX_POINT('',#2816);
#875=VERTEX_POINT('',#2828);
#876=VERTEX_POINT('',#2836);
#877=VERTEX_POINT('',#2840);
#878=VERTEX_POINT('',#2844);
#879=VERTEX_POINT('',#2848);
#880=VERTEX_POINT('',#2852);
#881=VERTEX_POINT('',#2856);
#882=VERTEX_POINT('',#2860);
#883=VERTEX_POINT('',#2864);
#884=VERTEX_POINT('',#2868);
#885=VERTEX_POINT('',#2872);
#886=VERTEX_POINT('',#2876);
#887=VERTEX_POINT('',#2880);
#888=VERTEX_POINT('',#2884);
#889=VERTEX_POINT('',#2888);
#890=VERTEX_POINT('',#2892);
#891=VERTEX_POINT('',#2896);
#892=VERTEX_POINT('',#2900);
#893=VERTEX_POINT('',#2904);
#894=VERTEX_POINT('',#2908);
#895=VERTEX_POINT('',#2912);
#896=VERTEX_POINT('',#2916);
#897=VERTEX_POINT('',#2920);
#898=VERTEX_POINT('',#2924);
#899=VERTEX_POINT('',#2928);
#900=VERTEX_POINT('',#2932);
#901=VERTEX_POINT('',#2936);
#902=VERTEX_POINT('',#2940);
#903=VERTEX_POINT('',#2944);
#904=VERTEX_POINT('',#2948);
#905=VERTEX_POINT('',#2952);
#906=VERTEX_POINT('',#2956);
#907=VERTEX_POINT('',#2960);
#908=VERTEX_POINT('',#2964);
#909=VERTEX_POINT('',#2968);
#910=VERTEX_POINT('',#2972);
#911=VERTEX_POINT('',#2976);
#912=VERTEX_POINT('',#2980);
#913=VERTEX_POINT('',#2984);
#914=VERTEX_POINT('',#2988);
#915=VERTEX_POINT('',#2992);
#916=VERTEX_POINT('',#2996);
#917=VERTEX_POINT('',#3000);
#918=VERTEX_POINT('',#3004);
#919=VERTEX_POINT('',#3008);
#920=VERTEX_POINT('',#3012);
#921=VERTEX_POINT('',#3016);
#922=VERTEX_POINT('',#3020);
#923=VERTEX_POINT('',#3024);
#924=VERTEX_POINT('',#3028);
#925=VERTEX_POINT('',#3032);
#926=VERTEX_POINT('',#3036);
#927=VERTEX_POINT('',#3040);
#928=VERTEX_POINT('',#3044);
#929=VERTEX_POINT('',#3048);
#930=VERTEX_POINT('',#3052);
#931=VERTEX_POINT('',#3056);
#932=VERTEX_POINT('',#3060);
#933=VERTEX_POINT('',#3064);
#934=VERTEX_POINT('',#3067);
#935=VERTEX_POINT('',#3070);
#936=VERTEX_POINT('',#3073);
#937=VERTEX_POINT('',#3076);
#938=VERTEX_POINT('',#3103);
#939=LINE('',#2234,#1146);
#940=LINE('',#2237,#1147);
#941=LINE('',#2239,#1148);
#942=LINE('',#2241,#1149);
#943=LINE('',#2243,#1150);
#944=LINE('',#2245,#1151);
#945=LINE('',#2247,#1152);
#946=LINE('',#2249,#1153);
#947=LINE('',#2251,#1154);
#948=LINE('',#2253,#1155);
#949=LINE('',#2434,#1156);
#950=LINE('',#2505,#1157);
#951=LINE('',#2562,#1158);
#952=LINE('',#2580,#1159);
#953=LINE('',#2582,#1160);
#954=LINE('',#2584,#1161);
#955=LINE('',#2586,#1162);
#956=LINE('',#2588,#1163);
#957=LINE('',#2590,#1164);
#958=LINE('',#2592,#1165);
#959=LINE('',#2594,#1166);
#960=LINE('',#2596,#1167);
#961=LINE('',#2598,#1168);
#962=LINE('',#2599,#1169);
#963=LINE('',#2601,#1170);
#964=LINE('',#2603,#1171);
#965=LINE('',#2629,#1172);
#966=LINE('',#2636,#1173);
#967=LINE('',#2637,#1174);
#968=LINE('',#2646,#1175);
#969=LINE('',#2648,#1176);
#970=LINE('',#2650,#1177);
#971=LINE('',#2652,#1178);
#972=LINE('',#2654,#1179);
#973=LINE('',#2656,#1180);
#974=LINE('',#2658,#1181);
#975=LINE('',#2660,#1182);
#976=LINE('',#2662,#1183);
#977=LINE('',#2664,#1184);
#978=LINE('',#2666,#1185);
#979=LINE('',#2668,#1186);
#980=LINE('',#2670,#1187);
#981=LINE('',#2672,#1188);
#982=LINE('',#2674,#1189);
#983=LINE('',#2676,#1190);
#984=LINE('',#2678,#1191);
#985=LINE('',#2680,#1192);
#986=LINE('',#2682,#1193);
#987=LINE('',#2684,#1194);
#988=LINE('',#2686,#1195);
#989=LINE('',#2688,#1196);
#990=LINE('',#2690,#1197);
#991=LINE('',#2692,#1198);
#992=LINE('',#2694,#1199);
#993=LINE('',#2696,#1200);
#994=LINE('',#2698,#1201);
#995=LINE('',#2700,#1202);
#996=LINE('',#2702,#1203);
#997=LINE('',#2704,#1204);
#998=LINE('',#2706,#1205);
#999=LINE('',#2708,#1206);
#1000=LINE('',#2710,#1207);
#1001=LINE('',#2712,#1208);
#1002=LINE('',#2714,#1209);
#1003=LINE('',#2716,#1210);
#1004=LINE('',#2718,#1211);
#1005=LINE('',#2720,#1212);
#1006=LINE('',#2722,#1213);
#1007=LINE('',#2724,#1214);
#1008=LINE('',#2726,#1215);
#1009=LINE('',#2728,#1216);
#1010=LINE('',#2730,#1217);
#1011=LINE('',#2732,#1218);
#1012=LINE('',#2734,#1219);
#1013=LINE('',#2736,#1220);
#1014=LINE('',#2738,#1221);
#1015=LINE('',#2740,#1222);
#1016=LINE('',#2742,#1223);
#1017=LINE('',#2744,#1224);
#1018=LINE('',#2746,#1225);
#1019=LINE('',#2748,#1226);
#1020=LINE('',#2750,#1227);
#1021=LINE('',#2752,#1228);
#1022=LINE('',#2754,#1229);
#1023=LINE('',#2766,#1230);
#1024=LINE('',#2768,#1231);
#1025=LINE('',#2770,#1232);
#1026=LINE('',#2793,#1233);
#1027=LINE('',#2806,#1234);
#1028=LINE('',#2808,#1235);
#1029=LINE('',#2810,#1236);
#1030=LINE('',#2814,#1237);
#1031=LINE('',#2817,#1238);
#1032=LINE('',#2818,#1239);
#1033=LINE('',#2827,#1240);
#1034=LINE('',#2835,#1241);
#1035=LINE('',#2839,#1242);
#1036=LINE('',#2843,#1243);
#1037=LINE('',#2845,#1244);
#1038=LINE('',#2847,#1245);
#1039=LINE('',#2849,#1246);
#1040=LINE('',#2851,#1247);
#1041=LINE('',#2853,#1248);
#1042=LINE('',#2855,#1249);
#1043=LINE('',#2857,#1250);
#1044=LINE('',#2859,#1251);
#1045=LINE('',#2861,#1252);
#1046=LINE('',#2863,#1253);
#1047=LINE('',#2865,#1254);
#1048=LINE('',#2867,#1255);
#1049=LINE('',#2869,#1256);
#1050=LINE('',#2871,#1257);
#1051=LINE('',#2873,#1258);
#1052=LINE('',#2875,#1259);
#1053=LINE('',#2877,#1260);
#1054=LINE('',#2879,#1261);
#1055=LINE('',#2881,#1262);
#1056=LINE('',#2883,#1263);
#1057=LINE('',#2885,#1264);
#1058=LINE('',#2887,#1265);
#1059=LINE('',#2889,#1266);
#1060=LINE('',#2891,#1267);
#1061=LINE('',#2893,#1268);
#1062=LINE('',#2895,#1269);
#1063=LINE('',#2897,#1270);
#1064=LINE('',#2899,#1271);
#1065=LINE('',#2901,#1272);
#1066=LINE('',#2903,#1273);
#1067=LINE('',#2905,#1274);
#1068=LINE('',#2907,#1275);
#1069=LINE('',#2909,#1276);
#1070=LINE('',#2911,#1277);
#1071=LINE('',#2913,#1278);
#1072=LINE('',#2915,#1279);
#1073=LINE('',#2917,#1280);
#1074=LINE('',#2919,#1281);
#1075=LINE('',#2921,#1282);
#1076=LINE('',#2923,#1283);
#1077=LINE('',#2925,#1284);
#1078=LINE('',#2927,#1285);
#1079=LINE('',#2929,#1286);
#1080=LINE('',#2931,#1287);
#1081=LINE('',#2933,#1288);
#1082=LINE('',#2935,#1289);
#1083=LINE('',#2937,#1290);
#1084=LINE('',#2939,#1291);
#1085=LINE('',#2941,#1292);
#1086=LINE('',#2943,#1293);
#1087=LINE('',#2945,#1294);
#1088=LINE('',#2947,#1295);
#1089=LINE('',#2949,#1296);
#1090=LINE('',#2951,#1297);
#1091=LINE('',#2953,#1298);
#1092=LINE('',#2955,#1299);
#1093=LINE('',#2957,#1300);
#1094=LINE('',#2959,#1301);
#1095=LINE('',#2961,#1302);
#1096=LINE('',#2963,#1303);
#1097=LINE('',#2965,#1304);
#1098=LINE('',#2967,#1305);
#1099=LINE('',#2969,#1306);
#1100=LINE('',#2971,#1307);
#1101=LINE('',#2973,#1308);
#1102=LINE('',#2975,#1309);
#1103=LINE('',#2977,#1310);
#1104=LINE('',#2979,#1311);
#1105=LINE('',#2981,#1312);
#1106=LINE('',#2983,#1313);
#1107=LINE('',#2985,#1314);
#1108=LINE('',#2987,#1315);
#1109=LINE('',#2989,#1316);
#1110=LINE('',#2991,#1317);
#1111=LINE('',#2993,#1318);
#1112=LINE('',#2995,#1319);
#1113=LINE('',#2997,#1320);
#1114=LINE('',#2999,#1321);
#1115=LINE('',#3001,#1322);
#1116=LINE('',#3003,#1323);
#1117=LINE('',#3005,#1324);
#1118=LINE('',#3007,#1325);
#1119=LINE('',#3009,#1326);
#1120=LINE('',#3011,#1327);
#1121=LINE('',#3013,#1328);
#1122=LINE('',#3015,#1329);
#1123=LINE('',#3017,#1330);
#1124=LINE('',#3019,#1331);
#1125=LINE('',#3021,#1332);
#1126=LINE('',#3023,#1333);
#1127=LINE('',#3025,#1334);
#1128=LINE('',#3027,#1335);
#1129=LINE('',#3029,#1336);
#1130=LINE('',#3031,#1337);
#1131=LINE('',#3033,#1338);
#1132=LINE('',#3035,#1339);
#1133=LINE('',#3037,#1340);
#1134=LINE('',#3039,#1341);
#1135=LINE('',#3041,#1342);
#1136=LINE('',#3043,#1343);
#1137=LINE('',#3045,#1344);
#1138=LINE('',#3047,#1345);
#1139=LINE('',#3049,#1346);
#1140=LINE('',#3051,#1347);
#1141=LINE('',#3053,#1348);
#1142=LINE('',#3055,#1349);
#1143=LINE('',#3057,#1350);
#1144=LINE('',#3059,#1351);
#1145=LINE('',#3061,#1352);
#1146=VECTOR('',#1829,1.);
#1147=VECTOR('',#1830,1.);
#1148=VECTOR('',#1831,1.);
#1149=VECTOR('',#1832,1.);
#1150=VECTOR('',#1835,1.);
#1151=VECTOR('',#1836,1.);
#1152=VECTOR('',#1837,1.);
#1153=VECTOR('',#1840,1.);
#1154=VECTOR('',#1841,1.);
#1155=VECTOR('',#1842,1.);
#1156=VECTOR('',#1843,1.);
#1157=VECTOR('',#1844,1.);
#1158=VECTOR('',#1845,1.);
#1159=VECTOR('',#1848,1.);
#1160=VECTOR('',#1849,1.);
#1161=VECTOR('',#1850,1.);
#1162=VECTOR('',#1853,1.);
#1163=VECTOR('',#1854,1.);
#1164=VECTOR('',#1855,1.);
#1165=VECTOR('',#1858,1.);
#1166=VECTOR('',#1859,1.);
#1167=VECTOR('',#1860,1.);
#1168=VECTOR('',#1863,1.);
#1169=VECTOR('',#1864,1.);
#1170=VECTOR('',#1867,1.);
#1171=VECTOR('',#1868,1.);
#1172=VECTOR('',#1885,1.);
#1173=VECTOR('',#1890,1.);
#1174=VECTOR('',#1891,1.);
#1175=VECTOR('',#1892,1.);
#1176=VECTOR('',#1893,1.);
#1177=VECTOR('',#1894,1.);
#1178=VECTOR('',#1895,1.);
#1179=VECTOR('',#1896,1.);
#1180=VECTOR('',#1897,1.);
#1181=VECTOR('',#1898,1.);
#1182=VECTOR('',#1899,1.);
#1183=VECTOR('',#1900,1.);
#1184=VECTOR('',#1901,1.);
#1185=VECTOR('',#1902,1.);
#1186=VECTOR('',#1903,1.);
#1187=VECTOR('',#1904,1.);
#1188=VECTOR('',#1905,1.);
#1189=VECTOR('',#1906,1.);
#1190=VECTOR('',#1907,1.);
#1191=VECTOR('',#1908,1.);
#1192=VECTOR('',#1909,1.);
#1193=VECTOR('',#1910,1.);
#1194=VECTOR('',#1911,1.);
#1195=VECTOR('',#1912,1.);
#1196=VECTOR('',#1913,1.);
#1197=VECTOR('',#1914,1.);
#1198=VECTOR('',#1915,1.);
#1199=VECTOR('',#1916,1.);
#1200=VECTOR('',#1917,1.);
#1201=VECTOR('',#1918,1.);
#1202=VECTOR('',#1919,1.);
#1203=VECTOR('',#1920,1.);
#1204=VECTOR('',#1921,1.);
#1205=VECTOR('',#1922,1.);
#1206=VECTOR('',#1923,1.);
#1207=VECTOR('',#1924,1.);
#1208=VECTOR('',#1925,1.);
#1209=VECTOR('',#1926,1.);
#1210=VECTOR('',#1927,1.);
#1211=VECTOR('',#1928,1.);
#1212=VECTOR('',#1929,1.);
#1213=VECTOR('',#1930,1.);
#1214=VECTOR('',#1931,1.);
#1215=VECTOR('',#1932,1.);
#1216=VECTOR('',#1933,1.);
#1217=VECTOR('',#1934,1.);
#1218=VECTOR('',#1935,1.);
#1219=VECTOR('',#1936,1.);
#1220=VECTOR('',#1937,1.);
#1221=VECTOR('',#1938,1.);
#1222=VECTOR('',#1939,1.);
#1223=VECTOR('',#1940,1.);
#1224=VECTOR('',#1941,1.);
#1225=VECTOR('',#1942,1.);
#1226=VECTOR('',#1943,1.);
#1227=VECTOR('',#1944,1.);
#1228=VECTOR('',#1945,1.);
#1229=VECTOR('',#1946,1.);
#1230=VECTOR('',#1953,1.);
#1231=VECTOR('',#1954,1.);
#1232=VECTOR('',#1955,1.);
#1233=VECTOR('',#1956,1.);
#1234=VECTOR('',#1959,1.);
#1235=VECTOR('',#1960,1.);
#1236=VECTOR('',#1963,1.);
#1237=VECTOR('',#1968,1.);
#1238=VECTOR('',#1969,1.);
#1239=VECTOR('',#1970,1.);
#1240=VECTOR('',#1971,1.);
#1241=VECTOR('',#1974,1.);
#1242=VECTOR('',#1979,1.);
#1243=VECTOR('',#1984,1.);
#1244=VECTOR('',#1985,1.);
#1245=VECTOR('',#1988,1.);
#1246=VECTOR('',#1989,1.);
#1247=VECTOR('',#1992,1.);
#1248=VECTOR('',#1993,1.);
#1249=VECTOR('',#1996,1.);
#1250=VECTOR('',#1997,1.);
#1251=VECTOR('',#2000,1.);
#1252=VECTOR('',#2001,1.);
#1253=VECTOR('',#2004,1.);
#1254=VECTOR('',#2005,1.);
#1255=VECTOR('',#2008,1.);
#1256=VECTOR('',#2009,1.);
#1257=VECTOR('',#2012,1.);
#1258=VECTOR('',#2013,1.);
#1259=VECTOR('',#2016,1.);
#1260=VECTOR('',#2017,1.);
#1261=VECTOR('',#2020,1.);
#1262=VECTOR('',#2021,1.);
#1263=VECTOR('',#2024,1.);
#1264=VECTOR('',#2025,1.);
#1265=VECTOR('',#2028,1.);
#1266=VECTOR('',#2029,1.);
#1267=VECTOR('',#2032,1.);
#1268=VECTOR('',#2033,1.);
#1269=VECTOR('',#2036,1.);
#1270=VECTOR('',#2037,1.);
#1271=VECTOR('',#2040,1.);
#1272=VECTOR('',#2041,1.);
#1273=VECTOR('',#2044,1.);
#1274=VECTOR('',#2045,1.);
#1275=VECTOR('',#2048,1.);
#1276=VECTOR('',#2049,1.);
#1277=VECTOR('',#2052,1.);
#1278=VECTOR('',#2053,1.);
#1279=VECTOR('',#2056,1.);
#1280=VECTOR('',#2057,1.);
#1281=VECTOR('',#2060,1.);
#1282=VECTOR('',#2061,1.);
#1283=VECTOR('',#2064,1.);
#1284=VECTOR('',#2065,1.);
#1285=VECTOR('',#2068,1.);
#1286=VECTOR('',#2069,1.);
#1287=VECTOR('',#2072,1.);
#1288=VECTOR('',#2073,1.);
#1289=VECTOR('',#2076,1.);
#1290=VECTOR('',#2077,1.);
#1291=VECTOR('',#2080,1.);
#1292=VECTOR('',#2081,1.);
#1293=VECTOR('',#2084,1.);
#1294=VECTOR('',#2085,1.);
#1295=VECTOR('',#2088,1.);
#1296=VECTOR('',#2089,1.);
#1297=VECTOR('',#2092,1.);
#1298=VECTOR('',#2093,1.);
#1299=VECTOR('',#2096,1.);
#1300=VECTOR('',#2097,1.);
#1301=VECTOR('',#2100,1.);
#1302=VECTOR('',#2101,1.);
#1303=VECTOR('',#2104,1.);
#1304=VECTOR('',#2105,1.);
#1305=VECTOR('',#2108,1.);
#1306=VECTOR('',#2109,1.);
#1307=VECTOR('',#2112,1.);
#1308=VECTOR('',#2113,1.);
#1309=VECTOR('',#2116,1.);
#1310=VECTOR('',#2117,1.);
#1311=VECTOR('',#2120,1.);
#1312=VECTOR('',#2121,1.);
#1313=VECTOR('',#2124,1.);
#1314=VECTOR('',#2125,1.);
#1315=VECTOR('',#2128,1.);
#1316=VECTOR('',#2129,1.);
#1317=VECTOR('',#2132,1.);
#1318=VECTOR('',#2133,1.);
#1319=VECTOR('',#2136,1.);
#1320=VECTOR('',#2137,1.);
#1321=VECTOR('',#2140,1.);
#1322=VECTOR('',#2141,1.);
#1323=VECTOR('',#2144,1.);
#1324=VECTOR('',#2145,1.);
#1325=VECTOR('',#2148,1.);
#1326=VECTOR('',#2149,1.);
#1327=VECTOR('',#2152,1.);
#1328=VECTOR('',#2153,1.);
#1329=VECTOR('',#2156,1.);
#1330=VECTOR('',#2157,1.);
#1331=VECTOR('',#2160,1.);
#1332=VECTOR('',#2161,1.);
#1333=VECTOR('',#2164,1.);
#1334=VECTOR('',#2165,1.);
#1335=VECTOR('',#2168,1.);
#1336=VECTOR('',#2169,1.);
#1337=VECTOR('',#2172,1.);
#1338=VECTOR('',#2173,1.);
#1339=VECTOR('',#2176,1.);
#1340=VECTOR('',#2177,1.);
#1341=VECTOR('',#2180,1.);
#1342=VECTOR('',#2181,1.);
#1343=VECTOR('',#2184,1.);
#1344=VECTOR('',#2185,1.);
#1345=VECTOR('',#2188,1.);
#1346=VECTOR('',#2189,1.);
#1347=VECTOR('',#2192,1.);
#1348=VECTOR('',#2193,1.);
#1349=VECTOR('',#2196,1.);
#1350=VECTOR('',#2197,1.);
#1351=VECTOR('',#2200,1.);
#1352=VECTOR('',#2201,1.);
#1353=EDGE_LOOP('',(#60,#61,#62,#63));
#1354=EDGE_LOOP('',(#64,#65,#66,#67));
#1355=EDGE_LOOP('',(#68,#69,#70,#71));
#1356=EDGE_LOOP('',(#72,#73,#74,#75));
#1357=EDGE_LOOP('',(#76,#77,#78,#79));
#1358=EDGE_LOOP('',(#80,#81,#82,#83));
#1359=EDGE_LOOP('',(#84,#85,#86,#87));
#1360=EDGE_LOOP('',(#88,#89,#90,#91));
#1361=EDGE_LOOP('',(#92,#93,#94,#95));
#1362=EDGE_LOOP('',(#96,#97,#98,#99));
#1363=EDGE_LOOP('',(#100,#101,#102,#103,#104,#105,#106,#107,#108,#109,#110,
#111));
#1364=EDGE_LOOP('',(#112,#113,#114,#115,#116,#117,#118,#119,#120,#121));
#1365=EDGE_LOOP('',(#122));
#1366=EDGE_LOOP('',(#123));
#1367=EDGE_LOOP('',(#124));
#1368=EDGE_LOOP('',(#125));
#1369=EDGE_LOOP('',(#126));
#1370=EDGE_LOOP('',(#127));
#1371=EDGE_LOOP('',(#128,#129,#130,#131,#132,#133,#134,#135,#136,#137,#138,
#139,#140,#141,#142,#143,#144,#145,#146,#147,#148,#149,#150,#151,#152,#153,
#154,#155,#156,#157,#158,#159,#160,#161,#162,#163,#164,#165,#166,#167,#168,
#169,#170,#171,#172,#173,#174,#175,#176,#177,#178,#179,#180,#181,#182,#183,
#184,#185,#186,#187,#188,#189,#190,#191,#192));
#1372=EDGE_LOOP('',(#193,#194,#195,#196,#197));
#1373=EDGE_LOOP('',(#198,#199,#200,#201));
#1374=EDGE_LOOP('',(#202,#203,#204,#205,#206));
#1375=EDGE_LOOP('',(#207,#208,#209,#210));
#1376=EDGE_LOOP('',(#211,#212,#213,#214));
#1377=EDGE_LOOP('',(#215,#216,#217,#218));
#1378=EDGE_LOOP('',(#219,#220,#221,#222));
#1379=EDGE_LOOP('',(#223,#224,#225,#226));
#1380=EDGE_LOOP('',(#227,#228,#229,#230));
#1381=EDGE_LOOP('',(#231,#232,#233,#234));
#1382=EDGE_LOOP('',(#235,#236,#237,#238));
#1383=EDGE_LOOP('',(#239,#240,#241,#242));
#1384=EDGE_LOOP('',(#243,#244,#245,#246));
#1385=EDGE_LOOP('',(#247,#248,#249,#250));
#1386=EDGE_LOOP('',(#251,#252,#253,#254));
#1387=EDGE_LOOP('',(#255,#256,#257,#258));
#1388=EDGE_LOOP('',(#259,#260,#261,#262));
#1389=EDGE_LOOP('',(#263,#264,#265,#266));
#1390=EDGE_LOOP('',(#267,#268,#269,#270));
#1391=EDGE_LOOP('',(#271,#272,#273,#274));
#1392=EDGE_LOOP('',(#275,#276,#277,#278));
#1393=EDGE_LOOP('',(#279,#280,#281,#282));
#1394=EDGE_LOOP('',(#283,#284,#285,#286));
#1395=EDGE_LOOP('',(#287,#288,#289,#290));
#1396=EDGE_LOOP('',(#291,#292,#293,#294));
#1397=EDGE_LOOP('',(#295,#296,#297,#298));
#1398=EDGE_LOOP('',(#299,#300,#301,#302));
#1399=EDGE_LOOP('',(#303,#304,#305,#306));
#1400=EDGE_LOOP('',(#307,#308,#309,#310));
#1401=EDGE_LOOP('',(#311,#312,#313,#314));
#1402=EDGE_LOOP('',(#315,#316,#317,#318));
#1403=EDGE_LOOP('',(#319,#320,#321,#322));
#1404=EDGE_LOOP('',(#323,#324,#325,#326));
#1405=EDGE_LOOP('',(#327,#328,#329,#330));
#1406=EDGE_LOOP('',(#331,#332,#333,#334));
#1407=EDGE_LOOP('',(#335,#336,#337,#338));
#1408=EDGE_LOOP('',(#339,#340,#341,#342));
#1409=EDGE_LOOP('',(#343,#344,#345,#346));
#1410=EDGE_LOOP('',(#347,#348,#349,#350));
#1411=EDGE_LOOP('',(#351,#352,#353,#354));
#1412=EDGE_LOOP('',(#355,#356,#357,#358));
#1413=EDGE_LOOP('',(#359,#360,#361,#362));
#1414=EDGE_LOOP('',(#363,#364,#365,#366));
#1415=EDGE_LOOP('',(#367,#368,#369,#370));
#1416=EDGE_LOOP('',(#371,#372,#373,#374));
#1417=EDGE_LOOP('',(#375,#376,#377,#378));
#1418=EDGE_LOOP('',(#379,#380,#381,#382));
#1419=EDGE_LOOP('',(#383,#384,#385,#386));
#1420=EDGE_LOOP('',(#387,#388,#389,#390));
#1421=EDGE_LOOP('',(#391,#392,#393,#394));
#1422=EDGE_LOOP('',(#395,#396,#397,#398));
#1423=EDGE_LOOP('',(#399,#400,#401,#402));
#1424=EDGE_LOOP('',(#403,#404,#405,#406));
#1425=EDGE_LOOP('',(#407,#408,#409,#410));
#1426=EDGE_LOOP('',(#411,#412,#413,#414));
#1427=EDGE_LOOP('',(#415,#416,#417,#418));
#1428=EDGE_LOOP('',(#419,#420,#421,#422));
#1429=EDGE_LOOP('',(#423,#424,#425,#426));
#1430=EDGE_LOOP('',(#427,#428,#429,#430));
#1431=EDGE_LOOP('',(#431,#432,#433,#434));
#1432=EDGE_LOOP('',(#435,#436,#437,#438));
#1433=EDGE_LOOP('',(#439,#440,#441,#442));
#1434=EDGE_LOOP('',(#443,#444,#445,#446));
#1435=EDGE_LOOP('',(#447));
#1436=EDGE_LOOP('',(#448));
#1437=EDGE_LOOP('',(#449));
#1438=EDGE_LOOP('',(#450));
#1439=EDGE_LOOP('',(#451));
#1440=EDGE_LOOP('',(#452));
#1441=EDGE_LOOP('',(#453));
#1442=EDGE_LOOP('',(#454));
#1443=EDGE_LOOP('',(#455));
#1444=EDGE_LOOP('',(#456));
#1445=EDGE_LOOP('',(#457,#458,#459,#460));
#1446=EDGE_LOOP('',(#461));
#1447=EDGE_LOOP('',(#462));
#1448=EDGE_LOOP('',(#463,#464,#465,#466,#467,#468,#469,#470,#471,#472,#473,
#474,#475,#476,#477,#478,#479,#480,#481,#482,#483,#484,#485,#486,#487,#488,
#489,#490,#491,#492,#493,#494,#495,#496,#497,#498,#499,#500,#501,#502,#503,
#504,#505,#506,#507,#508,#509,#510,#511,#512,#513,#514,#515,#516,#517,#518,
#519,#520,#521,#522,#523,#524,#525,#526,#527));
#1449=EDGE_LOOP('',(#528));
#1450=EDGE_LOOP('',(#529));
#1451=EDGE_LOOP('',(#530));
#1452=EDGE_LOOP('',(#531));
#1453=EDGE_LOOP('',(#532));
#1454=EDGE_LOOP('',(#533));
#1455=EDGE_LOOP('',(#534,#535,#536,#537));
#1456=FACE_BOUND('',#1353,.T.);
#1457=FACE_BOUND('',#1354,.T.);
#1458=FACE_BOUND('',#1355,.T.);
#1459=FACE_BOUND('',#1356,.T.);
#1460=FACE_BOUND('',#1357,.T.);
#1461=FACE_BOUND('',#1358,.T.);
#1462=FACE_BOUND('',#1359,.T.);
#1463=FACE_BOUND('',#1360,.T.);
#1464=FACE_BOUND('',#1361,.T.);
#1465=FACE_BOUND('',#1362,.T.);
#1466=FACE_BOUND('',#1363,.T.);
#1467=FACE_BOUND('',#1364,.T.);
#1468=FACE_BOUND('',#1365,.T.);
#1469=FACE_BOUND('',#1366,.T.);
#1470=FACE_BOUND('',#1367,.T.);
#1471=FACE_BOUND('',#1368,.T.);
#1472=FACE_BOUND('',#1369,.T.);
#1473=FACE_BOUND('',#1370,.T.);
#1474=FACE_BOUND('',#1371,.T.);
#1475=FACE_BOUND('',#1372,.T.);
#1476=FACE_BOUND('',#1373,.T.);
#1477=FACE_BOUND('',#1374,.T.);
#1478=FACE_BOUND('',#1375,.T.);
#1479=FACE_BOUND('',#1376,.T.);
#1480=FACE_BOUND('',#1377,.T.);
#1481=FACE_BOUND('',#1378,.T.);
#1482=FACE_BOUND('',#1379,.T.);
#1483=FACE_BOUND('',#1380,.T.);
#1484=FACE_BOUND('',#1381,.T.);
#1485=FACE_BOUND('',#1382,.T.);
#1486=FACE_BOUND('',#1383,.T.);
#1487=FACE_BOUND('',#1384,.T.);
#1488=FACE_BOUND('',#1385,.T.);
#1489=FACE_BOUND('',#1386,.T.);
#1490=FACE_BOUND('',#1387,.T.);
#1491=FACE_BOUND('',#1388,.T.);
#1492=FACE_BOUND('',#1389,.T.);
#1493=FACE_BOUND('',#1390,.T.);
#1494=FACE_BOUND('',#1391,.T.);
#1495=FACE_BOUND('',#1392,.T.);
#1496=FACE_BOUND('',#1393,.T.);
#1497=FACE_BOUND('',#1394,.T.);
#1498=FACE_BOUND('',#1395,.T.);
#1499=FACE_BOUND('',#1396,.T.);
#1500=FACE_BOUND('',#1397,.T.);
#1501=FACE_BOUND('',#1398,.T.);
#1502=FACE_BOUND('',#1399,.T.);
#1503=FACE_BOUND('',#1400,.T.);
#1504=FACE_BOUND('',#1401,.T.);
#1505=FACE_BOUND('',#1402,.T.);
#1506=FACE_BOUND('',#1403,.T.);
#1507=FACE_BOUND('',#1404,.T.);
#1508=FACE_BOUND('',#1405,.T.);
#1509=FACE_BOUND('',#1406,.T.);
#1510=FACE_BOUND('',#1407,.T.);
#1511=FACE_BOUND('',#1408,.T.);
#1512=FACE_BOUND('',#1409,.T.);
#1513=FACE_BOUND('',#1410,.T.);
#1514=FACE_BOUND('',#1411,.T.);
#1515=FACE_BOUND('',#1412,.T.);
#1516=FACE_BOUND('',#1413,.T.);
#1517=FACE_BOUND('',#1414,.T.);
#1518=FACE_BOUND('',#1415,.T.);
#1519=FACE_BOUND('',#1416,.T.);
#1520=FACE_BOUND('',#1417,.T.);
#1521=FACE_BOUND('',#1418,.T.);
#1522=FACE_BOUND('',#1419,.T.);
#1523=FACE_BOUND('',#1420,.T.);
#1524=FACE_BOUND('',#1421,.T.);
#1525=FACE_BOUND('',#1422,.T.);
#1526=FACE_BOUND('',#1423,.T.);
#1527=FACE_BOUND('',#1424,.T.);
#1528=FACE_BOUND('',#1425,.T.);
#1529=FACE_BOUND('',#1426,.T.);
#1530=FACE_BOUND('',#1427,.T.);
#1531=FACE_BOUND('',#1428,.T.);
#1532=FACE_BOUND('',#1429,.T.);
#1533=FACE_BOUND('',#1430,.T.);
#1534=FACE_BOUND('',#1431,.T.);
#1535=FACE_BOUND('',#1432,.T.);
#1536=FACE_BOUND('',#1433,.T.);
#1537=FACE_BOUND('',#1434,.T.);
#1538=FACE_BOUND('',#1435,.T.);
#1539=FACE_BOUND('',#1436,.T.);
#1540=FACE_BOUND('',#1437,.T.);
#1541=FACE_BOUND('',#1438,.T.);
#1542=FACE_BOUND('',#1439,.T.);
#1543=FACE_BOUND('',#1440,.T.);
#1544=FACE_BOUND('',#1441,.T.);
#1545=FACE_BOUND('',#1442,.T.);
#1546=FACE_BOUND('',#1443,.T.);
#1547=FACE_BOUND('',#1444,.T.);
#1548=FACE_BOUND('',#1445,.T.);
#1549=FACE_BOUND('',#1446,.T.);
#1550=FACE_BOUND('',#1447,.T.);
#1551=FACE_BOUND('',#1448,.T.);
#1552=FACE_BOUND('',#1449,.T.);
#1553=FACE_BOUND('',#1450,.T.);
#1554=FACE_BOUND('',#1451,.T.);
#1555=FACE_BOUND('',#1452,.T.);
#1556=FACE_BOUND('',#1453,.T.);
#1557=FACE_BOUND('',#1454,.T.);
#1558=FACE_BOUND('',#1455,.T.);
#1559=PLANE('',#1726);
#1560=PLANE('',#1727);
#1561=PLANE('',#1728);
#1562=PLANE('',#1729);
#1563=PLANE('',#1730);
#1564=PLANE('',#1731);
#1565=PLANE('',#1732);
#1566=PLANE('',#1733);
#1567=PLANE('',#1734);
#1568=PLANE('',#1735);
#1569=PLANE('',#1746);
#1570=PLANE('',#1747);
#1571=PLANE('',#1750);
#1572=PLANE('',#1755);
#1573=PLANE('',#1756);
#1574=PLANE('',#1757);
#1575=PLANE('',#1758);
#1576=PLANE('',#1759);
#1577=PLANE('',#1760);
#1578=PLANE('',#1761);
#1579=PLANE('',#1762);
#1580=PLANE('',#1763);
#1581=PLANE('',#1764);
#1582=PLANE('',#1765);
#1583=PLANE('',#1766);
#1584=PLANE('',#1767);
#1585=PLANE('',#1768);
#1586=PLANE('',#1769);
#1587=PLANE('',#1770);
#1588=PLANE('',#1771);
#1589=PLANE('',#1772);
#1590=PLANE('',#1773);
#1591=PLANE('',#1774);
#1592=PLANE('',#1775);
#1593=PLANE('',#1776);
#1594=PLANE('',#1777);
#1595=PLANE('',#1778);
#1596=PLANE('',#1779);
#1597=PLANE('',#1780);
#1598=PLANE('',#1781);
#1599=PLANE('',#1782);
#1600=PLANE('',#1783);
#1601=PLANE('',#1784);
#1602=PLANE('',#1785);
#1603=PLANE('',#1786);
#1604=PLANE('',#1787);
#1605=PLANE('',#1788);
#1606=PLANE('',#1789);
#1607=PLANE('',#1790);
#1608=PLANE('',#1791);
#1609=PLANE('',#1792);
#1610=PLANE('',#1793);
#1611=PLANE('',#1794);
#1612=PLANE('',#1795);
#1613=PLANE('',#1796);
#1614=PLANE('',#1797);
#1615=PLANE('',#1798);
#1616=PLANE('',#1799);
#1617=PLANE('',#1800);
#1618=PLANE('',#1801);
#1619=PLANE('',#1802);
#1620=PLANE('',#1803);
#1621=PLANE('',#1804);
#1622=PLANE('',#1805);
#1623=PLANE('',#1806);
#1624=PLANE('',#1807);
#1625=PLANE('',#1808);
#1626=PLANE('',#1809);
#1627=PLANE('',#1822);
#1628=ADVANCED_FACE('',(#1456),#1559,.T.);
#1629=ADVANCED_FACE('',(#1457),#1560,.T.);
#1630=ADVANCED_FACE('',(#1458),#1561,.F.);
#1631=ADVANCED_FACE('',(#1459),#54,.F.);
#1632=ADVANCED_FACE('',(#1460),#55,.F.);
#1633=ADVANCED_FACE('',(#1461),#56,.F.);
#1634=ADVANCED_FACE('',(#1462),#1562,.T.);
#1635=ADVANCED_FACE('',(#1463),#1563,.T.);
#1636=ADVANCED_FACE('',(#1464),#1564,.T.);
#1637=ADVANCED_FACE('',(#1465),#1565,.T.);
#1638=ADVANCED_FACE('',(#1466),#1566,.T.);
#1639=ADVANCED_FACE('',(#1467),#1567,.F.);
#1640=ADVANCED_FACE('',(#1468,#1469,#1470,#1471,#1472,#1473,#1474),#1568,
 .F.);
#1641=ADVANCED_FACE('',(#1475),#1569,.F.);
#1642=ADVANCED_FACE('',(#1476),#57,.F.);
#1643=ADVANCED_FACE('',(#1477),#1570,.F.);
#1644=ADVANCED_FACE('',(#1478),#12,.F.);
#1645=ADVANCED_FACE('',(#1479),#1571,.T.);
#1646=ADVANCED_FACE('',(#1480),#58,.F.);
#1647=ADVANCED_FACE('',(#1481),#13,.F.);
#1648=ADVANCED_FACE('',(#1482),#14,.T.);
#1649=ADVANCED_FACE('',(#1483),#1572,.F.);
#1650=ADVANCED_FACE('',(#1484),#1573,.F.);
#1651=ADVANCED_FACE('',(#1485),#1574,.F.);
#1652=ADVANCED_FACE('',(#1486),#1575,.F.);
#1653=ADVANCED_FACE('',(#1487),#1576,.F.);
#1654=ADVANCED_FACE('',(#1488),#1577,.F.);
#1655=ADVANCED_FACE('',(#1489),#1578,.F.);
#1656=ADVANCED_FACE('',(#1490),#1579,.F.);
#1657=ADVANCED_FACE('',(#1491),#1580,.F.);
#1658=ADVANCED_FACE('',(#1492),#1581,.F.);
#1659=ADVANCED_FACE('',(#1493),#1582,.T.);
#1660=ADVANCED_FACE('',(#1494),#1583,.T.);
#1661=ADVANCED_FACE('',(#1495),#1584,.T.);
#1662=ADVANCED_FACE('',(#1496),#1585,.T.);
#1663=ADVANCED_FACE('',(#1497),#1586,.T.);
#1664=ADVANCED_FACE('',(#1498),#1587,.T.);
#1665=ADVANCED_FACE('',(#1499),#1588,.T.);
#1666=ADVANCED_FACE('',(#1500),#1589,.T.);
#1667=ADVANCED_FACE('',(#1501),#1590,.F.);
#1668=ADVANCED_FACE('',(#1502),#1591,.T.);
#1669=ADVANCED_FACE('',(#1503),#1592,.T.);
#1670=ADVANCED_FACE('',(#1504),#1593,.T.);
#1671=ADVANCED_FACE('',(#1505),#1594,.T.);
#1672=ADVANCED_FACE('',(#1506),#1595,.T.);
#1673=ADVANCED_FACE('',(#1507),#1596,.T.);
#1674=ADVANCED_FACE('',(#1508),#1597,.T.);
#1675=ADVANCED_FACE('',(#1509),#1598,.T.);
#1676=ADVANCED_FACE('',(#1510),#1599,.F.);
#1677=ADVANCED_FACE('',(#1511),#1600,.T.);
#1678=ADVANCED_FACE('',(#1512),#1601,.T.);
#1679=ADVANCED_FACE('',(#1513),#1602,.T.);
#1680=ADVANCED_FACE('',(#1514),#1603,.T.);
#1681=ADVANCED_FACE('',(#1515),#1604,.T.);
#1682=ADVANCED_FACE('',(#1516),#1605,.T.);
#1683=ADVANCED_FACE('',(#1517),#1606,.T.);
#1684=ADVANCED_FACE('',(#1518),#1607,.T.);
#1685=ADVANCED_FACE('',(#1519),#1608,.F.);
#1686=ADVANCED_FACE('',(#1520),#1609,.T.);
#1687=ADVANCED_FACE('',(#1521),#1610,.T.);
#1688=ADVANCED_FACE('',(#1522),#1611,.T.);
#1689=ADVANCED_FACE('',(#1523),#1612,.T.);
#1690=ADVANCED_FACE('',(#1524),#1613,.T.);
#1691=ADVANCED_FACE('',(#1525),#1614,.T.);
#1692=ADVANCED_FACE('',(#1526),#1615,.T.);
#1693=ADVANCED_FACE('',(#1527),#1616,.T.);
#1694=ADVANCED_FACE('',(#1528),#1617,.F.);
#1695=ADVANCED_FACE('',(#1529),#1618,.T.);
#1696=ADVANCED_FACE('',(#1530),#1619,.T.);
#1697=ADVANCED_FACE('',(#1531),#1620,.T.);
#1698=ADVANCED_FACE('',(#1532),#1621,.T.);
#1699=ADVANCED_FACE('',(#1533),#1622,.T.);
#1700=ADVANCED_FACE('',(#1534),#1623,.T.);
#1701=ADVANCED_FACE('',(#1535),#1624,.F.);
#1702=ADVANCED_FACE('',(#1536),#1625,.F.);
#1703=ADVANCED_FACE('',(#1537),#1626,.F.);
#1704=ADVANCED_FACE('',(#1538,#1539),#15,.F.);
#1705=ADVANCED_FACE('',(#1540,#1541),#16,.F.);
#1706=ADVANCED_FACE('',(#1542,#1543),#17,.F.);
#1707=ADVANCED_FACE('',(#1544,#1545),#18,.F.);
#1708=ADVANCED_FACE('',(#1546,#1547),#19,.F.);
#1709=ADVANCED_FACE('',(#1548),#59,.F.);
#1710=ADVANCED_FACE('',(#1549,#1550),#20,.F.);
#1711=ADVANCED_FACE('',(#1551,#1552,#1553,#1554,#1555,#1556,#1557),#1627,
 .T.);
#1712=ADVANCED_FACE('',(#1558),#21,.T.);
#1713=CLOSED_SHELL('',(#1628,#1629,#1630,#1631,#1632,#1633,#1634,#1635,
#1636,#1637,#1638,#1639,#1640,#1641,#1642,#1643,#1644,#1645,#1646,#1647,
#1648,#1649,#1650,#1651,#1652,#1653,#1654,#1655,#1656,#1657,#1658,#1659,
#1660,#1661,#1662,#1663,#1664,#1665,#1666,#1667,#1668,#1669,#1670,#1671,
#1672,#1673,#1674,#1675,#1676,#1677,#1678,#1679,#1680,#1681,#1682,#1683,
#1684,#1685,#1686,#1687,#1688,#1689,#1690,#1691,#1692,#1693,#1694,#1695,
#1696,#1697,#1698,#1699,#1700,#1701,#1702,#1703,#1704,#1705,#1706,#1707,
#1708,#1709,#1710,#1711,#1712));
#1714=STYLED_ITEM('',(#1715),#1722);
#1715=PRESENTATION_STYLE_ASSIGNMENT((#1716));
#1716=SURFACE_STYLE_USAGE(.BOTH.,#1717);
#1717=SURFACE_SIDE_STYLE('',(#1718));
#1718=SURFACE_STYLE_FILL_AREA(#1719);
#1719=FILL_AREA_STYLE('',(#1720));
#1720=FILL_AREA_STYLE_COLOUR('',#1721);
#1721=COLOUR_RGB('',0.615686274509804,0.811764705882353,0.929411764705882);
#1722=MANIFOLD_SOLID_BREP('Part 1',#1713);
#1723=SHAPE_DEFINITION_REPRESENTATION(#3113,#1724);
#1724=SHAPE_REPRESENTATION('Part 1',(#1725),#3108);
#1725=AXIS2_PLACEMENT_3D('',#2232,#1825,#1826);
#1726=AXIS2_PLACEMENT_3D('',#2233,#1827,#1828);
#1727=AXIS2_PLACEMENT_3D('',#2242,#1833,#1834);
#1728=AXIS2_PLACEMENT_3D('',#2248,#1838,#1839);
#1729=AXIS2_PLACEMENT_3D('',#2579,#1846,#1847);
#1730=AXIS2_PLACEMENT_3D('',#2585,#1851,#1852);
#1731=AXIS2_PLACEMENT_3D('',#2591,#1856,#1857);
#1732=AXIS2_PLACEMENT_3D('',#2597,#1861,#1862);
#1733=AXIS2_PLACEMENT_3D('',#2600,#1865,#1866);
#1734=AXIS2_PLACEMENT_3D('',#2615,#1869,#1870);
#1735=AXIS2_PLACEMENT_3D('',#2616,#1871,#1872);
#1736=AXIS2_PLACEMENT_3D('',#2617,#1873,#1874);
#1737=AXIS2_PLACEMENT_3D('',#2619,#1875,#1876);
#1738=AXIS2_PLACEMENT_3D('',#2621,#1877,#1878);
#1739=AXIS2_PLACEMENT_3D('',#2623,#1879,#1880);
#1740=AXIS2_PLACEMENT_3D('',#2625,#1881,#1882);
#1741=AXIS2_PLACEMENT_3D('',#2627,#1883,#1884);
#1742=AXIS2_PLACEMENT_3D('',#2632,#1886,#1887);
#1743=AXIS2_PLACEMENT_3D('',#2634,#1888,#1889);
#1744=AXIS2_PLACEMENT_3D('',#2756,#1947,#1948);
#1745=AXIS2_PLACEMENT_3D('',#2758,#1949,#1950);
#1746=AXIS2_PLACEMENT_3D('',#2765,#1951,#1952);
#1747=AXIS2_PLACEMENT_3D('',#2805,#1957,#1958);
#1748=AXIS2_PLACEMENT_3D('',#2809,#1961,#1962);
#1749=AXIS2_PLACEMENT_3D('',#2812,#1964,#1965);
#1750=AXIS2_PLACEMENT_3D('',#2813,#1966,#1967);
#1751=AXIS2_PLACEMENT_3D('',#2834,#1972,#1973);
#1752=AXIS2_PLACEMENT_3D('',#2837,#1975,#1976);
#1753=AXIS2_PLACEMENT_3D('',#2838,#1977,#1978);
#1754=AXIS2_PLACEMENT_3D('',#2841,#1980,#1981);
#1755=AXIS2_PLACEMENT_3D('',#2842,#1982,#1983);
#1756=AXIS2_PLACEMENT_3D('',#2846,#1986,#1987);
#1757=AXIS2_PLACEMENT_3D('',#2850,#1990,#1991);
#1758=AXIS2_PLACEMENT_3D('',#2854,#1994,#1995);
#1759=AXIS2_PLACEMENT_3D('',#2858,#1998,#1999);
#1760=AXIS2_PLACEMENT_3D('',#2862,#2002,#2003);
#1761=AXIS2_PLACEMENT_3D('',#2866,#2006,#2007);
#1762=AXIS2_PLACEMENT_3D('',#2870,#2010,#2011);
#1763=AXIS2_PLACEMENT_3D('',#2874,#2014,#2015);
#1764=AXIS2_PLACEMENT_3D('',#2878,#2018,#2019);
#1765=AXIS2_PLACEMENT_3D('',#2882,#2022,#2023);
#1766=AXIS2_PLACEMENT_3D('',#2886,#2026,#2027);
#1767=AXIS2_PLACEMENT_3D('',#2890,#2030,#2031);
#1768=AXIS2_PLACEMENT_3D('',#2894,#2034,#2035);
#1769=AXIS2_PLACEMENT_3D('',#2898,#2038,#2039);
#1770=AXIS2_PLACEMENT_3D('',#2902,#2042,#2043);
#1771=AXIS2_PLACEMENT_3D('',#2906,#2046,#2047);
#1772=AXIS2_PLACEMENT_3D('',#2910,#2050,#2051);
#1773=AXIS2_PLACEMENT_3D('',#2914,#2054,#2055);
#1774=AXIS2_PLACEMENT_3D('',#2918,#2058,#2059);
#1775=AXIS2_PLACEMENT_3D('',#2922,#2062,#2063);
#1776=AXIS2_PLACEMENT_3D('',#2926,#2066,#2067);
#1777=AXIS2_PLACEMENT_3D('',#2930,#2070,#2071);
#1778=AXIS2_PLACEMENT_3D('',#2934,#2074,#2075);
#1779=AXIS2_PLACEMENT_3D('',#2938,#2078,#2079);
#1780=AXIS2_PLACEMENT_3D('',#2942,#2082,#2083);
#1781=AXIS2_PLACEMENT_3D('',#2946,#2086,#2087);
#1782=AXIS2_PLACEMENT_3D('',#2950,#2090,#2091);
#1783=AXIS2_PLACEMENT_3D('',#2954,#2094,#2095);
#1784=AXIS2_PLACEMENT_3D('',#2958,#2098,#2099);
#1785=AXIS2_PLACEMENT_3D('',#2962,#2102,#2103);
#1786=AXIS2_PLACEMENT_3D('',#2966,#2106,#2107);
#1787=AXIS2_PLACEMENT_3D('',#2970,#2110,#2111);
#1788=AXIS2_PLACEMENT_3D('',#2974,#2114,#2115);
#1789=AXIS2_PLACEMENT_3D('',#2978,#2118,#2119);
#1790=AXIS2_PLACEMENT_3D('',#2982,#2122,#2123);
#1791=AXIS2_PLACEMENT_3D('',#2986,#2126,#2127);
#1792=AXIS2_PLACEMENT_3D('',#2990,#2130,#2131);
#1793=AXIS2_PLACEMENT_3D('',#2994,#2134,#2135);
#1794=AXIS2_PLACEMENT_3D('',#2998,#2138,#2139);
#1795=AXIS2_PLACEMENT_3D('',#3002,#2142,#2143);
#1796=AXIS2_PLACEMENT_3D('',#3006,#2146,#2147);
#1797=AXIS2_PLACEMENT_3D('',#3010,#2150,#2151);
#1798=AXIS2_PLACEMENT_3D('',#3014,#2154,#2155);
#1799=AXIS2_PLACEMENT_3D('',#3018,#2158,#2159);
#1800=AXIS2_PLACEMENT_3D('',#3022,#2162,#2163);
#1801=AXIS2_PLACEMENT_3D('',#3026,#2166,#2167);
#1802=AXIS2_PLACEMENT_3D('',#3030,#2170,#2171);
#1803=AXIS2_PLACEMENT_3D('',#3034,#2174,#2175);
#1804=AXIS2_PLACEMENT_3D('',#3038,#2178,#2179);
#1805=AXIS2_PLACEMENT_3D('',#3042,#2182,#2183);
#1806=AXIS2_PLACEMENT_3D('',#3046,#2186,#2187);
#1807=AXIS2_PLACEMENT_3D('',#3050,#2190,#2191);
#1808=AXIS2_PLACEMENT_3D('',#3054,#2194,#2195);
#1809=AXIS2_PLACEMENT_3D('',#3058,#2198,#2199);
#1810=AXIS2_PLACEMENT_3D('',#3062,#2202,#2203);
#1811=AXIS2_PLACEMENT_3D('',#3063,#2204,#2205);
#1812=AXIS2_PLACEMENT_3D('',#3065,#2206,#2207);
#1813=AXIS2_PLACEMENT_3D('',#3066,#2208,#2209);
#1814=AXIS2_PLACEMENT_3D('',#3068,#2210,#2211);
#1815=AXIS2_PLACEMENT_3D('',#3069,#2212,#2213);
#1816=AXIS2_PLACEMENT_3D('',#3071,#2214,#2215);
#1817=AXIS2_PLACEMENT_3D('',#3072,#2216,#2217);
#1818=AXIS2_PLACEMENT_3D('',#3074,#2218,#2219);
#1819=AXIS2_PLACEMENT_3D('',#3075,#2220,#2221);
#1820=AXIS2_PLACEMENT_3D('',#3101,#2222,#2223);
#1821=AXIS2_PLACEMENT_3D('',#3102,#2224,#2225);
#1822=AXIS2_PLACEMENT_3D('',#3104,#2226,#2227);
#1823=AXIS2_PLACEMENT_3D('',#3105,#2228,#2229);
#1824=AXIS2_PLACEMENT_3D('',#3106,#2230,#2231);
#1825=DIRECTION('',(0.,0.,1.));
#1826=DIRECTION('',(1.,0.,0.));
#1827=DIRECTION('',(-1.,0.,0.));
#1828=DIRECTION('',(0.,0.,1.));
#1829=DIRECTION('',(0.,0.,1.));
#1830=DIRECTION('',(0.,1.,0.));
#1831=DIRECTION('',(0.,0.,1.));
#1832=DIRECTION('',(0.,1.,0.));
#1833=DIRECTION('',(0.505888039551924,0.,0.862599148758165));
#1834=DIRECTION('',(0.862599148758165,0.,-0.505888039551924));
#1835=DIRECTION('',(0.862599148758165,0.,-0.505888039551924));
#1836=DIRECTION('',(0.,1.,0.));
#1837=DIRECTION('',(0.862599148758165,0.,-0.505888039551924));
#1838=DIRECTION('',(0.930272930554191,0.,-0.366868197965042));
#1839=DIRECTION('',(-0.366868197965042,0.,-0.930272930554191));
#1840=DIRECTION('',(-0.366868197965042,0.,-0.930272930554191));
#1841=DIRECTION('',(0.,1.,0.));
#1842=DIRECTION('',(-0.366868197965042,0.,-0.930272930554191));
#1843=DIRECTION('',(0.,1.,0.));
#1844=DIRECTION('',(0.,1.,0.));
#1845=DIRECTION('',(0.,1.,0.));
#1846=DIRECTION('',(0.757720188659874,0.,-0.652579585719049));
#1847=DIRECTION('',(-0.652579585719049,0.,-0.757720188659874));
#1848=DIRECTION('',(-0.652579585719049,0.,-0.757720188659874));
#1849=DIRECTION('',(0.,1.,0.));
#1850=DIRECTION('',(-0.652579585719049,0.,-0.757720188659874));
#1851=DIRECTION('',(0.50588803955194,0.,0.862599148758156));
#1852=DIRECTION('',(0.862599148758156,0.,-0.50588803955194));
#1853=DIRECTION('',(0.862599148758156,0.,-0.50588803955194));
#1854=DIRECTION('',(0.,1.,0.));
#1855=DIRECTION('',(0.862599148758156,0.,-0.50588803955194));
#1856=DIRECTION('',(0.514106667830154,0.,-0.8577262582506));
#1857=DIRECTION('',(-0.8577262582506,0.,-0.514106667830154));
#1858=DIRECTION('',(-0.8577262582506,0.,-0.514106667830154));
#1859=DIRECTION('',(0.,1.,0.));
#1860=DIRECTION('',(-0.8577262582506,0.,-0.514106667830154));
#1861=DIRECTION('',(0.505888039551929,0.,0.862599148758162));
#1862=DIRECTION('',(0.862599148758162,0.,-0.505888039551929));
#1863=DIRECTION('',(0.862599148758162,0.,-0.505888039551929));
#1864=DIRECTION('',(0.862599148758162,0.,-0.505888039551929));
#1865=DIRECTION('',(0.,-1.,0.));
#1866=DIRECTION('',(1.,0.,0.));
#1867=DIRECTION('',(-0.0118091762226124,0.,-0.999930269247283));
#1868=DIRECTION('',(-0.0118495468302766,0.,0.999929791655353));
#1869=DIRECTION('',(0.,-1.,0.));
#1870=DIRECTION('',(1.,0.,0.));
#1871=DIRECTION('',(0.,-1.,0.));
#1872=DIRECTION('',(1.,0.,0.));
#1873=DIRECTION('',(0.,-1.,0.));
#1874=DIRECTION('',(0.,0.,-1.));
#1875=DIRECTION('',(0.,-1.,0.));
#1876=DIRECTION('',(0.,0.,-1.));
#1877=DIRECTION('',(0.,-1.,0.));
#1878=DIRECTION('',(0.,0.,-1.));
#1879=DIRECTION('',(0.,-1.,0.));
#1880=DIRECTION('',(0.,0.,-1.));
#1881=DIRECTION('',(0.,-1.,0.));
#1882=DIRECTION('',(0.,0.,-1.));
#1883=DIRECTION('',(0.,-1.,0.));
#1884=DIRECTION('',(0.,0.,-1.));
#1885=DIRECTION('',(0.174631514416515,0.,-0.984633857925165));
#1886=DIRECTION('',(0.,-1.,0.));
#1887=DIRECTION('',(0.,0.,-1.));
#1888=DIRECTION('',(0.,-1.,0.));
#1889=DIRECTION('',(0.,0.,-1.));
#1890=DIRECTION('',(-0.0118495468302766,0.,0.999929791655353));
#1891=DIRECTION('',(-0.0118091762226124,0.,-0.999930269247283));
#1892=DIRECTION('',(-0.286396545559872,0.,-0.958111172407134));
#1893=DIRECTION('',(0.958111172407129,0.,-0.286396545559887));
#1894=DIRECTION('',(0.600984068364131,0.,0.79926100215918));
#1895=DIRECTION('',(-0.905401492283822,0.,0.424556401165061));
#1896=DIRECTION('',(-0.114762588977708,0.,0.993392947514292));
#1897=DIRECTION('',(0.560299302509286,0.,0.828290221847154));
#1898=DIRECTION('',(0.960901132803694,0.,-0.276891699002656));
#1899=DIRECTION('',(0.,0.,-1.));
#1900=DIRECTION('',(0.958111172407137,0.,-0.286396545559862));
#1901=DIRECTION('',(-0.286396545559876,0.,-0.958111172407133));
#1902=DIRECTION('',(-0.958111172407142,0.,0.286396545559844));
#1903=DIRECTION('',(-0.494139810242796,0.,-0.869382452050427));
#1904=DIRECTION('',(-0.958111172407133,0.,0.286396545559873));
#1905=DIRECTION('',(-0.0976212587966925,0.,0.99522363809897));
#1906=DIRECTION('',(0.561327440643664,0.,0.827593803976585));
#1907=DIRECTION('',(0.988285790102928,0.,-0.152614537579587));
#1908=DIRECTION('',(0.,0.,-1.));
#1909=DIRECTION('',(0.958111172407133,0.,-0.286396545559875));
#1910=DIRECTION('',(-0.286396545559875,0.,-0.958111172407133));
#1911=DIRECTION('',(-0.972279516286957,0.,0.233821603383437));
#1912=DIRECTION('',(-0.563720983215702,0.,-0.825965285639973));
#1913=DIRECTION('',(-0.955533617832061,0.,0.294882188666546));
#1914=DIRECTION('',(-0.148251388889243,0.,0.988949708373692));
#1915=DIRECTION('',(0.623502509808896,0.,0.781821348046987));
#1916=DIRECTION('',(0.959469605137813,0.,-0.281812130357601));
#1917=DIRECTION('',(0.,0.,-1.));
#1918=DIRECTION('',(0.958111172407137,0.,-0.286396545559862));
#1919=DIRECTION('',(-0.286396545559874,0.,-0.958111172407133));
#1920=DIRECTION('',(-0.804142437339212,0.,0.594436658080701));
#1921=DIRECTION('',(-0.594436658080713,0.,-0.804142437339203));
#1922=DIRECTION('',(-0.933858411627742,0.,0.357642932311141));
#1923=DIRECTION('',(-0.186059848606725,0.,0.982538412855418));
#1924=DIRECTION('',(0.578035062655073,0.,0.81601192781806));
#1925=DIRECTION('',(0.958111172407132,0.,-0.286396545559879));
#1926=DIRECTION('',(0.,0.,-1.));
#1927=DIRECTION('',(0.95811117240713,0.,-0.286396545559885));
#1928=DIRECTION('',(-0.286396545559873,0.,-0.958111172407133));
#1929=DIRECTION('',(-0.958111172407127,0.,0.286396545559896));
#1930=DIRECTION('',(-0.557424354868812,0.,-0.830227732973965));
#1931=DIRECTION('',(-0.958111172407137,0.,0.28639654555986));
#1932=DIRECTION('',(-0.210203632840319,0.,0.977657625521702));
#1933=DIRECTION('',(0.57477163116193,0.,0.818313859109972));
#1934=DIRECTION('',(0.976641412952081,0.,-0.214875662900578));
#1935=DIRECTION('',(0.,0.,-1.));
#1936=DIRECTION('',(0.958111172407124,0.,-0.286396545559904));
#1937=DIRECTION('',(-0.286396545559876,0.,-0.958111172407133));
#1938=DIRECTION('',(0.958111172407138,0.,-0.286396545559859));
#1939=DIRECTION('',(0.580470468233344,0.,0.814281299987273));
#1940=DIRECTION('',(0.958111172407131,0.,-0.28639654555988));
#1941=DIRECTION('',(0.0524083677392002,0.,-0.99862573719633));
#1942=DIRECTION('',(-0.564963367299855,0.,-0.825115987973333));
#1943=DIRECTION('',(-0.958111172407132,0.,0.286396545559877));
#1944=DIRECTION('',(0.,0.,1.));
#1945=DIRECTION('',(-0.958111172407133,0.,0.286396545559874));
#1946=DIRECTION('',(-0.28639654555986,0.,-0.958111172407137));
#1947=DIRECTION('',(0.,-1.,0.));
#1948=DIRECTION('',(0.,0.,-1.));
#1949=DIRECTION('',(0.,1.,0.));
#1950=DIRECTION('',(0.,0.,1.));
#1951=DIRECTION('',(0.999930269247283,0.,-0.0118091762226124));
#1952=DIRECTION('',(-0.0118091762226124,0.,-0.999930269247283));
#1953=DIRECTION('',(0.,1.,0.));
#1954=DIRECTION('',(-0.0118091762226124,0.,-0.999930269247283));
#1955=DIRECTION('',(0.,1.,0.));
#1956=DIRECTION('',(0.,1.,0.));
#1957=DIRECTION('',(-0.999929791655353,0.,-0.0118495468302766));
#1958=DIRECTION('',(-0.0118495468302766,0.,0.999929791655353));
#1959=DIRECTION('',(0.,1.,0.));
#1960=DIRECTION('',(-0.0118495468302766,0.,0.999929791655353));
#1961=DIRECTION('',(0.,1.,0.));
#1962=DIRECTION('',(0.,0.,1.));
#1963=DIRECTION('',(0.,1.,0.));
#1964=DIRECTION('',(0.,-1.,0.));
#1965=DIRECTION('',(0.,0.,-1.));
#1966=DIRECTION('',(0.984633857925165,0.,0.174631514416515));
#1967=DIRECTION('',(0.174631514416515,0.,-0.984633857925165));
#1968=DIRECTION('',(0.174631514416515,0.,-0.984633857925165));
#1969=DIRECTION('',(0.,1.,0.));
#1970=DIRECTION('',(0.,1.,0.));
#1971=DIRECTION('',(0.,1.,0.));
#1972=DIRECTION('',(0.,1.,0.));
#1973=DIRECTION('',(-0.2613326585058,0.,0.965248797770964));
#1974=DIRECTION('',(0.,1.,0.));
#1975=DIRECTION('',(0.,1.,0.));
#1976=DIRECTION('',(0.,0.,1.));
#1977=DIRECTION('',(0.,1.,0.));
#1978=DIRECTION('',(0.,0.,1.));
#1979=DIRECTION('',(0.,1.,0.));
#1980=DIRECTION('',(0.,-1.,0.));
#1981=DIRECTION('',(0.,0.,-1.));
#1982=DIRECTION('',(0.958111172407137,0.,-0.28639654555986));
#1983=DIRECTION('',(-0.28639654555986,0.,-0.958111172407137));
#1984=DIRECTION('',(0.,1.,0.));
#1985=DIRECTION('',(-0.28639654555986,0.,-0.958111172407137));
#1986=DIRECTION('',(-0.286396545559874,0.,-0.958111172407133));
#1987=DIRECTION('',(-0.958111172407133,0.,0.286396545559874));
#1988=DIRECTION('',(0.,1.,0.));
#1989=DIRECTION('',(-0.958111172407133,0.,0.286396545559874));
#1990=DIRECTION('',(-1.,0.,0.));
#1991=DIRECTION('',(0.,0.,1.));
#1992=DIRECTION('',(0.,1.,0.));
#1993=DIRECTION('',(0.,0.,1.));
#1994=DIRECTION('',(-0.286396545559877,0.,-0.958111172407132));
#1995=DIRECTION('',(-0.958111172407132,0.,0.286396545559877));
#1996=DIRECTION('',(0.,1.,0.));
#1997=DIRECTION('',(-0.958111172407132,0.,0.286396545559877));
#1998=DIRECTION('',(0.825115987973333,0.,-0.564963367299855));
#1999=DIRECTION('',(-0.564963367299855,0.,-0.825115987973333));
#2000=DIRECTION('',(0.,1.,0.));
#2001=DIRECTION('',(-0.564963367299855,0.,-0.825115987973333));
#2002=DIRECTION('',(0.99862573719633,0.,0.0524083677392002));
#2003=DIRECTION('',(0.0524083677392002,0.,-0.99862573719633));
#2004=DIRECTION('',(0.,1.,0.));
#2005=DIRECTION('',(0.0524083677392002,0.,-0.99862573719633));
#2006=DIRECTION('',(0.28639654555988,0.,0.958111172407131));
#2007=DIRECTION('',(0.958111172407131,0.,-0.28639654555988));
#2008=DIRECTION('',(0.,1.,0.));
#2009=DIRECTION('',(0.958111172407131,0.,-0.28639654555988));
#2010=DIRECTION('',(-0.814281299987272,0.,0.580470468233344));
#2011=DIRECTION('',(0.580470468233344,0.,0.814281299987273));
#2012=DIRECTION('',(0.,1.,0.));
#2013=DIRECTION('',(0.580470468233344,0.,0.814281299987273));
#2014=DIRECTION('',(0.286396545559859,0.,0.958111172407138));
#2015=DIRECTION('',(0.958111172407138,0.,-0.286396545559859));
#2016=DIRECTION('',(0.,1.,0.));
#2017=DIRECTION('',(0.958111172407138,0.,-0.286396545559859));
#2018=DIRECTION('',(0.958111172407133,0.,-0.286396545559876));
#2019=DIRECTION('',(-0.286396545559876,0.,-0.958111172407133));
#2020=DIRECTION('',(0.,1.,0.));
#2021=DIRECTION('',(-0.286396545559876,0.,-0.958111172407133));
#2022=DIRECTION('',(0.286396545559904,0.,0.958111172407124));
#2023=DIRECTION('',(0.958111172407124,0.,-0.286396545559904));
#2024=DIRECTION('',(0.,1.,0.));
#2025=DIRECTION('',(0.958111172407124,0.,-0.286396545559904));
#2026=DIRECTION('',(1.,0.,0.));
#2027=DIRECTION('',(0.,0.,-1.));
#2028=DIRECTION('',(0.,1.,0.));
#2029=DIRECTION('',(0.,0.,-1.));
#2030=DIRECTION('',(0.214875662900578,0.,0.976641412952081));
#2031=DIRECTION('',(0.976641412952081,0.,-0.214875662900578));
#2032=DIRECTION('',(0.,1.,0.));
#2033=DIRECTION('',(0.976641412952081,0.,-0.214875662900578));
#2034=DIRECTION('',(-0.818313859109972,0.,0.57477163116193));
#2035=DIRECTION('',(0.57477163116193,0.,0.818313859109972));
#2036=DIRECTION('',(0.,1.,0.));
#2037=DIRECTION('',(0.57477163116193,0.,0.818313859109972));
#2038=DIRECTION('',(-0.977657625521702,0.,-0.210203632840319));
#2039=DIRECTION('',(-0.210203632840319,0.,0.977657625521702));
#2040=DIRECTION('',(0.,1.,0.));
#2041=DIRECTION('',(-0.210203632840319,0.,0.977657625521702));
#2042=DIRECTION('',(-0.28639654555986,0.,-0.958111172407137));
#2043=DIRECTION('',(-0.958111172407137,0.,0.28639654555986));
#2044=DIRECTION('',(0.,1.,0.));
#2045=DIRECTION('',(-0.958111172407137,0.,0.28639654555986));
#2046=DIRECTION('',(0.830227732973965,0.,-0.557424354868812));
#2047=DIRECTION('',(-0.557424354868812,0.,-0.830227732973965));
#2048=DIRECTION('',(0.,1.,0.));
#2049=DIRECTION('',(-0.557424354868812,0.,-0.830227732973965));
#2050=DIRECTION('',(-0.286396545559896,0.,-0.958111172407127));
#2051=DIRECTION('',(-0.958111172407127,0.,0.286396545559896));
#2052=DIRECTION('',(0.,1.,0.));
#2053=DIRECTION('',(-0.958111172407127,0.,0.286396545559896));
#2054=DIRECTION('',(0.958111172407133,0.,-0.286396545559873));
#2055=DIRECTION('',(-0.286396545559873,0.,-0.958111172407133));
#2056=DIRECTION('',(0.,1.,0.));
#2057=DIRECTION('',(-0.286396545559873,0.,-0.958111172407133));
#2058=DIRECTION('',(0.286396545559885,0.,0.95811117240713));
#2059=DIRECTION('',(0.95811117240713,0.,-0.286396545559885));
#2060=DIRECTION('',(0.,1.,0.));
#2061=DIRECTION('',(0.95811117240713,0.,-0.286396545559885));
#2062=DIRECTION('',(1.,0.,0.));
#2063=DIRECTION('',(0.,0.,-1.));
#2064=DIRECTION('',(0.,1.,0.));
#2065=DIRECTION('',(0.,0.,-1.));
#2066=DIRECTION('',(0.286396545559879,0.,0.958111172407132));
#2067=DIRECTION('',(0.958111172407132,0.,-0.286396545559879));
#2068=DIRECTION('',(0.,1.,0.));
#2069=DIRECTION('',(0.958111172407132,0.,-0.286396545559879));
#2070=DIRECTION('',(-0.81601192781806,0.,0.578035062655073));
#2071=DIRECTION('',(0.578035062655073,0.,0.81601192781806));
#2072=DIRECTION('',(0.,1.,0.));
#2073=DIRECTION('',(0.578035062655073,0.,0.81601192781806));
#2074=DIRECTION('',(-0.982538412855418,0.,-0.186059848606725));
#2075=DIRECTION('',(-0.186059848606725,0.,0.982538412855418));
#2076=DIRECTION('',(0.,1.,0.));
#2077=DIRECTION('',(-0.186059848606725,0.,0.982538412855418));
#2078=DIRECTION('',(-0.357642932311141,0.,-0.933858411627742));
#2079=DIRECTION('',(-0.933858411627742,0.,0.357642932311141));
#2080=DIRECTION('',(0.,1.,0.));
#2081=DIRECTION('',(-0.933858411627742,0.,0.357642932311141));
#2082=DIRECTION('',(0.804142437339203,0.,-0.594436658080713));
#2083=DIRECTION('',(-0.594436658080713,0.,-0.804142437339203));
#2084=DIRECTION('',(0.,1.,0.));
#2085=DIRECTION('',(-0.594436658080713,0.,-0.804142437339203));
#2086=DIRECTION('',(-0.594436658080701,0.,-0.804142437339212));
#2087=DIRECTION('',(-0.804142437339212,0.,0.594436658080701));
#2088=DIRECTION('',(0.,1.,0.));
#2089=DIRECTION('',(-0.804142437339212,0.,0.594436658080701));
#2090=DIRECTION('',(0.958111172407133,0.,-0.286396545559874));
#2091=DIRECTION('',(-0.286396545559874,0.,-0.958111172407133));
#2092=DIRECTION('',(0.,1.,0.));
#2093=DIRECTION('',(-0.286396545559874,0.,-0.958111172407133));
#2094=DIRECTION('',(0.286396545559862,0.,0.958111172407137));
#2095=DIRECTION('',(0.958111172407137,0.,-0.286396545559862));
#2096=DIRECTION('',(0.,1.,0.));
#2097=DIRECTION('',(0.958111172407137,0.,-0.286396545559862));
#2098=DIRECTION('',(1.,0.,0.));
#2099=DIRECTION('',(0.,0.,-1.));
#2100=DIRECTION('',(0.,1.,0.));
#2101=DIRECTION('',(0.,0.,-1.));
#2102=DIRECTION('',(0.281812130357601,0.,0.959469605137813));
#2103=DIRECTION('',(0.959469605137813,0.,-0.281812130357601));
#2104=DIRECTION('',(0.,1.,0.));
#2105=DIRECTION('',(0.959469605137813,0.,-0.281812130357601));
#2106=DIRECTION('',(-0.781821348046987,0.,0.623502509808896));
#2107=DIRECTION('',(0.623502509808896,0.,0.781821348046987));
#2108=DIRECTION('',(0.,1.,0.));
#2109=DIRECTION('',(0.623502509808896,0.,0.781821348046987));
#2110=DIRECTION('',(-0.988949708373692,0.,-0.148251388889243));
#2111=DIRECTION('',(-0.148251388889243,0.,0.988949708373692));
#2112=DIRECTION('',(0.,1.,0.));
#2113=DIRECTION('',(-0.148251388889243,0.,0.988949708373692));
#2114=DIRECTION('',(-0.294882188666546,0.,-0.955533617832061));
#2115=DIRECTION('',(-0.955533617832061,0.,0.294882188666546));
#2116=DIRECTION('',(0.,1.,0.));
#2117=DIRECTION('',(-0.955533617832061,0.,0.294882188666546));
#2118=DIRECTION('',(0.825965285639973,0.,-0.563720983215702));
#2119=DIRECTION('',(-0.563720983215702,0.,-0.825965285639974));
#2120=DIRECTION('',(0.,1.,0.));
#2121=DIRECTION('',(-0.563720983215702,0.,-0.825965285639973));
#2122=DIRECTION('',(-0.233821603383437,0.,-0.972279516286957));
#2123=DIRECTION('',(-0.972279516286957,0.,0.233821603383437));
#2124=DIRECTION('',(0.,1.,0.));
#2125=DIRECTION('',(-0.972279516286957,0.,0.233821603383437));
#2126=DIRECTION('',(0.958111172407133,0.,-0.286396545559875));
#2127=DIRECTION('',(-0.286396545559875,0.,-0.958111172407133));
#2128=DIRECTION('',(0.,1.,0.));
#2129=DIRECTION('',(-0.286396545559875,0.,-0.958111172407133));
#2130=DIRECTION('',(0.286396545559875,0.,0.958111172407133));
#2131=DIRECTION('',(0.958111172407133,0.,-0.286396545559875));
#2132=DIRECTION('',(0.,1.,0.));
#2133=DIRECTION('',(0.958111172407133,0.,-0.286396545559875));
#2134=DIRECTION('',(1.,0.,0.));
#2135=DIRECTION('',(0.,0.,-1.));
#2136=DIRECTION('',(0.,1.,0.));
#2137=DIRECTION('',(0.,0.,-1.));
#2138=DIRECTION('',(0.152614537579587,0.,0.988285790102928));
#2139=DIRECTION('',(0.988285790102928,0.,-0.152614537579587));
#2140=DIRECTION('',(0.,1.,0.));
#2141=DIRECTION('',(0.988285790102928,0.,-0.152614537579587));
#2142=DIRECTION('',(-0.827593803976585,0.,0.561327440643664));
#2143=DIRECTION('',(0.561327440643664,0.,0.827593803976585));
#2144=DIRECTION('',(0.,1.,0.));
#2145=DIRECTION('',(0.561327440643664,0.,0.827593803976585));
#2146=DIRECTION('',(-0.99522363809897,0.,-0.0976212587966925));
#2147=DIRECTION('',(-0.0976212587966925,0.,0.99522363809897));
#2148=DIRECTION('',(0.,1.,0.));
#2149=DIRECTION('',(-0.0976212587966925,0.,0.99522363809897));
#2150=DIRECTION('',(-0.286396545559873,0.,-0.958111172407133));
#2151=DIRECTION('',(-0.958111172407133,0.,0.286396545559873));
#2152=DIRECTION('',(0.,1.,0.));
#2153=DIRECTION('',(-0.958111172407133,0.,0.286396545559873));
#2154=DIRECTION('',(0.869382452050427,0.,-0.494139810242796));
#2155=DIRECTION('',(-0.494139810242796,0.,-0.869382452050427));
#2156=DIRECTION('',(0.,1.,0.));
#2157=DIRECTION('',(-0.494139810242796,0.,-0.869382452050427));
#2158=DIRECTION('',(-0.286396545559844,0.,-0.958111172407142));
#2159=DIRECTION('',(-0.958111172407142,0.,0.286396545559844));
#2160=DIRECTION('',(0.,1.,0.));
#2161=DIRECTION('',(-0.958111172407142,0.,0.286396545559844));
#2162=DIRECTION('',(0.958111172407133,0.,-0.286396545559876));
#2163=DIRECTION('',(-0.286396545559876,0.,-0.958111172407133));
#2164=DIRECTION('',(0.,1.,0.));
#2165=DIRECTION('',(-0.286396545559876,0.,-0.958111172407133));
#2166=DIRECTION('',(0.286396545559862,0.,0.958111172407137));
#2167=DIRECTION('',(0.958111172407137,0.,-0.286396545559862));
#2168=DIRECTION('',(0.,1.,0.));
#2169=DIRECTION('',(0.958111172407137,0.,-0.286396545559862));
#2170=DIRECTION('',(1.,0.,0.));
#2171=DIRECTION('',(0.,0.,-1.));
#2172=DIRECTION('',(0.,1.,0.));
#2173=DIRECTION('',(0.,0.,-1.));
#2174=DIRECTION('',(0.276891699002656,0.,0.960901132803694));
#2175=DIRECTION('',(0.960901132803694,0.,-0.276891699002656));
#2176=DIRECTION('',(0.,1.,0.));
#2177=DIRECTION('',(0.960901132803694,0.,-0.276891699002656));
#2178=DIRECTION('',(-0.828290221847154,0.,0.560299302509286));
#2179=DIRECTION('',(0.560299302509286,0.,0.828290221847154));
#2180=DIRECTION('',(0.,1.,0.));
#2181=DIRECTION('',(0.560299302509286,0.,0.828290221847154));
#2182=DIRECTION('',(-0.993392947514293,0.,-0.114762588977708));
#2183=DIRECTION('',(-0.114762588977708,0.,0.993392947514293));
#2184=DIRECTION('',(0.,1.,0.));
#2185=DIRECTION('',(-0.114762588977708,0.,0.993392947514292));
#2186=DIRECTION('',(-0.424556401165061,0.,-0.905401492283822));
#2187=DIRECTION('',(-0.905401492283822,0.,0.424556401165061));
#2188=DIRECTION('',(0.,1.,0.));
#2189=DIRECTION('',(-0.905401492283822,0.,0.424556401165061));
#2190=DIRECTION('',(-0.79926100215918,0.,0.600984068364131));
#2191=DIRECTION('',(0.600984068364131,0.,0.799261002159181));
#2192=DIRECTION('',(0.,1.,0.));
#2193=DIRECTION('',(0.600984068364131,0.,0.79926100215918));
#2194=DIRECTION('',(0.286396545559887,0.,0.958111172407129));
#2195=DIRECTION('',(0.958111172407129,0.,-0.286396545559887));
#2196=DIRECTION('',(0.,1.,0.));
#2197=DIRECTION('',(0.958111172407129,0.,-0.286396545559887));
#2198=DIRECTION('',(0.958111172407134,0.,-0.286396545559872));
#2199=DIRECTION('',(-0.286396545559872,0.,-0.958111172407134));
#2200=DIRECTION('',(0.,1.,0.));
#2201=DIRECTION('',(-0.286396545559872,0.,-0.958111172407134));
#2202=DIRECTION('',(0.,1.,0.));
#2203=DIRECTION('',(0.,0.,1.));
#2204=DIRECTION('',(0.,-1.,0.));
#2205=DIRECTION('',(0.,0.,-1.));
#2206=DIRECTION('',(0.,1.,0.));
#2207=DIRECTION('',(0.,0.,1.));
#2208=DIRECTION('',(0.,-1.,0.));
#2209=DIRECTION('',(0.,0.,-1.));
#2210=DIRECTION('',(0.,1.,0.));
#2211=DIRECTION('',(0.,0.,1.));
#2212=DIRECTION('',(0.,-1.,0.));
#2213=DIRECTION('',(0.,0.,-1.));
#2214=DIRECTION('',(0.,1.,0.));
#2215=DIRECTION('',(0.,0.,1.));
#2216=DIRECTION('',(0.,-1.,0.));
#2217=DIRECTION('',(0.,0.,-1.));
#2218=DIRECTION('',(0.,1.,0.));
#2219=DIRECTION('',(0.,0.,1.));
#2220=DIRECTION('',(0.,-1.,0.));
#2221=DIRECTION('',(0.,0.,-1.));
#2222=DIRECTION('',(0.,1.,0.));
#2223=DIRECTION('',(0.,0.,1.));
#2224=DIRECTION('',(0.,-1.,0.));
#2225=DIRECTION('',(0.,0.,-1.));
#2226=DIRECTION('',(0.,-1.,0.));
#2227=DIRECTION('',(1.,0.,0.));
#2228=DIRECTION('',(0.,-1.,0.));
#2229=DIRECTION('',(0.,0.,-1.));
#2230=DIRECTION('',(0.,1.,0.));
#2231=DIRECTION('',(0.,0.,1.));
#2232=CARTESIAN_POINT('',(0.,0.,0.));
#2233=CARTESIAN_POINT('',(-0.0343158750150096,-0.00254,0.0127460608737077));
#2234=CARTESIAN_POINT('',(-0.0343158750150096,0.,0.0127460608737077));
#2235=CARTESIAN_POINT('',(-0.0343158750150096,0.,0.0125173075165639));
#2236=CARTESIAN_POINT('',(-0.0343158750150096,0.,0.0129748142308515));
#2237=CARTESIAN_POINT('',(-0.0343158750150096,-0.00254,0.0125173075165639));
#2238=CARTESIAN_POINT('',(-0.0343158750150096,-0.00254,0.0125173075165639));
#2239=CARTESIAN_POINT('',(-0.0343158750150096,-0.00254,0.0127460608737077));
#2240=CARTESIAN_POINT('',(-0.0343158750150096,-0.00254,0.0129748142308515));
#2241=CARTESIAN_POINT('',(-0.0343158750150096,-0.00254,0.0129748142308515));
#2242=CARTESIAN_POINT('',(-0.0343759289482058,-0.00254,0.0125525273131237));
#2243=CARTESIAN_POINT('',(-0.0343759289482058,0.,0.0125525273131237));
#2244=CARTESIAN_POINT('',(-0.0344359828814019,0.,0.0125877471096836));
#2245=CARTESIAN_POINT('',(-0.0344359828814019,-0.00254,0.0125877471096836));
#2246=CARTESIAN_POINT('',(-0.0344359828814019,-0.00254,0.0125877471096836));
#2247=CARTESIAN_POINT('',(-0.0343759289482058,-0.00254,0.0125525273131237));
#2248=CARTESIAN_POINT('',(-0.0344769954814364,-0.00254,0.0124837508738816));
#2249=CARTESIAN_POINT('',(-0.0344769954814364,0.,0.0124837508738816));
#2250=CARTESIAN_POINT('',(-0.0345180081236287,0.,0.0123797546433392));
#2251=CARTESIAN_POINT('',(-0.0345180081236287,-0.00254,0.0123797546433392));
#2252=CARTESIAN_POINT('',(-0.0345180081236287,-0.00254,0.0123797546433392));
#2253=CARTESIAN_POINT('',(-0.0344769954814364,-0.00254,0.0124837508738816));
#2254=CARTESIAN_POINT('',(-0.0345180081236287,-0.00254,0.0123797546433392));
#2255=CARTESIAN_POINT('',(-0.0345180081236287,-3.03576608295941E-18,0.0123797546433392));
#2256=CARTESIAN_POINT('',(-0.0347292242200632,-0.00254,0.0124061059685613));
#2257=CARTESIAN_POINT('',(-0.0347292242200632,-3.03576608295941E-18,0.0124061059685613));
#2258=CARTESIAN_POINT('',(-0.0352069495779748,-0.00254,0.01223992837733));
#2259=CARTESIAN_POINT('',(-0.0352069495779748,-3.03576608295941E-18,0.01223992837733));
#2260=CARTESIAN_POINT('',(-0.0358033802164788,-0.00254,0.0115797315145954));
#2261=CARTESIAN_POINT('',(-0.0358033802164788,-2.16840434497101E-18,0.0115797315145954));
#2262=CARTESIAN_POINT('',(-0.0361665020055989,-0.00254,0.0106587729926947));
#2263=CARTESIAN_POINT('',(-0.0361665020055989,-3.46944695195361E-18,0.0106587729926947));
#2264=CARTESIAN_POINT('',(-0.0363003795917075,-0.00254,0.00953200422779216));
#2265=CARTESIAN_POINT('',(-0.0363003795917075,-2.16840434497101E-18,0.00953200422779216));
#2266=CARTESIAN_POINT('',(-0.0362311040821975,-0.00254,0.00833244899728714));
#2267=CARTESIAN_POINT('',(-0.0362311040821975,-2.16840434497101E-18,0.00833244899728714));
#2268=CARTESIAN_POINT('',(-0.035992796816208,-0.00254,0.00721034112318106));
#2269=CARTESIAN_POINT('',(-0.035992796816208,-2.16840434497101E-18,0.00721034112318106));
#2270=CARTESIAN_POINT('',(-0.0356690568223666,-0.00254,0.00617378603893998));
#2271=CARTESIAN_POINT('',(-0.0356690568223666,-3.46944695195361E-18,0.00617378603893998));
#2272=CARTESIAN_POINT('',(-0.0353654148589922,-0.00254,0.00520537059330714));
#2273=CARTESIAN_POINT('',(-0.0353654148589922,-2.16840434497101E-18,0.00520537059330714));
#2274=CARTESIAN_POINT('',(-0.035072594668687,-0.00254,0.00428699869355079));
#2275=CARTESIAN_POINT('',(-0.035072594668687,-2.60208521396521E-18,0.00428699869355079));
#2276=CARTESIAN_POINT('',(-0.0347749020907573,-0.00254,0.00339592348869571));
#2277=CARTESIAN_POINT('',(-0.0347749020907573,-3.46944695195361E-18,0.00339592348869571));
#2278=CARTESIAN_POINT('',(-0.0346935674245416,-0.00254,0.00247224493883548));
#2279=CARTESIAN_POINT('',(-0.0346935674245416,-3.03576608295941E-18,0.00247224493883548));
#2280=CARTESIAN_POINT('',(-0.0349006612881557,-0.00254,0.00147616115246667));
#2281=CARTESIAN_POINT('',(-0.0349006612881557,-3.03576608295941E-18,0.00147616115246667));
#2282=CARTESIAN_POINT('',(-0.03527805150881,-0.00254,0.000385294120800322));
#2283=CARTESIAN_POINT('',(-0.03527805150881,-2.16840434497101E-18,0.000385294120800322));
#2284=CARTESIAN_POINT('',(-0.0357645719846985,-0.00254,-0.000798334922012335));
#2285=CARTESIAN_POINT('',(-0.0357645719846985,-3.90312782094782E-18,-0.000798334922012335));
#2286=CARTESIAN_POINT('',(-0.0363087682229317,-0.00254,-0.00205793777216628));
#2287=CARTESIAN_POINT('',(-0.0363087682229317,-2.16840434497101E-18,-0.00205793777216628));
#2288=CARTESIAN_POINT('',(-0.0368354333253418,-0.00254,-0.00336646896898435));
#2289=CARTESIAN_POINT('',(-0.0368354333253418,-2.16840434497101E-18,-0.00336646896898435));
#2290=CARTESIAN_POINT('',(-0.037227077593266,-0.00254,-0.00466732836786811));
#2291=CARTESIAN_POINT('',(-0.037227077593266,-2.16840434497101E-18,-0.00466732836786811));
#2292=CARTESIAN_POINT('',(-0.0373642399818559,-0.00254,-0.0059071801164849));
#2293=CARTESIAN_POINT('',(-0.0373642399818559,-2.16840434497101E-18,-0.0059071801164849));
#2294=CARTESIAN_POINT('',(-0.0372872900352913,-0.00254,-0.00705785072276344));
#2295=CARTESIAN_POINT('',(-0.0372872900352913,-2.16840434497101E-18,-0.00705785072276344));
#2296=CARTESIAN_POINT('',(-0.0370698482501553,-0.00254,-0.00808866516548808));
#2297=CARTESIAN_POINT('',(-0.0370698482501553,-2.60208521396521E-18,-0.00808866516548808));
#2298=CARTESIAN_POINT('',(-0.0366273550762361,-0.00254,-0.00901294984050363));
#2299=CARTESIAN_POINT('',(-0.0366273550762361,-2.60208521396521E-18,-0.00901294984050363));
#2300=CARTESIAN_POINT('',(-0.0358341084109131,-0.00254,-0.00985631987875053));
#2301=CARTESIAN_POINT('',(-0.0358341084109131,-2.60208521396521E-18,-0.00985631987875053));
#2302=CARTESIAN_POINT('',(-0.0348191582878302,-0.00254,-0.0105627020629728));
#2303=CARTESIAN_POINT('',(-0.0348191582878302,-1.73472347597681E-18,-0.0105627020629728));
#2304=CARTESIAN_POINT('',(-0.0337272236592977,-0.00254,-0.0110643979696777));
#2305=CARTESIAN_POINT('',(-0.0337272236592977,-2.16840434497101E-18,-0.0110643979696777));
#2306=CARTESIAN_POINT('',(-0.0326183039547746,-0.00254,-0.0113962817576476));
#2307=CARTESIAN_POINT('',(-0.0326183039547746,-3.90312782094782E-18,-0.0113962817576476));
#2308=CARTESIAN_POINT('',(-0.031547862552452,-0.00254,-0.0116103623640063));
#2309=CARTESIAN_POINT('',(-0.031547862552452,-2.16840434497101E-18,-0.0116103623640063));
#2310=CARTESIAN_POINT('',(-0.0305278988394551,-0.00254,-0.0117301661443746));
#2311=CARTESIAN_POINT('',(-0.0305278988394551,-3.03576608295941E-18,-0.0117301661443746));
#2312=CARTESIAN_POINT('',(-0.029570004756512,-0.00254,-0.011772495370485));
#2313=CARTESIAN_POINT('',(-0.029570004756512,-3.03576608295941E-18,-0.011772495370485));
#2314=CARTESIAN_POINT('',(-0.0285254533901943,-0.00254,-0.0117774727055008));
#2315=CARTESIAN_POINT('',(-0.0285254533901943,-1.30104260698261E-18,-0.0117774727055008));
#2316=CARTESIAN_POINT('',(-0.0272590831375789,-0.00254,-0.0117805234796919));
#2317=CARTESIAN_POINT('',(-0.0272590831375789,-3.90312782094782E-18,-0.0117805234796919));
#2318=CARTESIAN_POINT('',(-0.0259153641486261,-0.00254,-0.0117471409584489));
#2319=CARTESIAN_POINT('',(-0.0259153641486261,-3.03576608295941E-18,-0.0117471409584489));
#2320=CARTESIAN_POINT('',(-0.0246286382780282,-0.00254,-0.0116523406261337));
#2321=CARTESIAN_POINT('',(-0.0246286382780282,-2.16840434497101E-18,-0.0116523406261337));
#2322=CARTESIAN_POINT('',(-0.0234599766751874,-0.00254,-0.0114194595289548));
#2323=CARTESIAN_POINT('',(-0.0234599766751874,-2.60208521396521E-18,-0.0114194595289548));
#2324=CARTESIAN_POINT('',(-0.0224648936476996,-0.00254,-0.0109416217491636));
#2325=CARTESIAN_POINT('',(-0.0224648936476996,-3.46944695195361E-18,-0.0109416217491636));
#2326=CARTESIAN_POINT('',(-0.0216343549869292,-0.00254,-0.0102295747079475));
#2327=CARTESIAN_POINT('',(-0.0216343549869292,-2.60208521396521E-18,-0.0102295747079475));
#2328=CARTESIAN_POINT('',(-0.0209045003289223,-0.00254,-0.00936055618110766));
#2329=CARTESIAN_POINT('',(-0.0209045003289223,-3.03576608295941E-18,-0.00936055618110766));
#2330=CARTESIAN_POINT('',(-0.0203446366778643,-0.00254,-0.00832227227698535));
#2331=CARTESIAN_POINT('',(-0.0203446366778643,-3.03576608295941E-18,-0.00832227227698535));
#2332=CARTESIAN_POINT('',(-0.0200931043432941,-0.00254,-0.00704643275421716));
#2333=CARTESIAN_POINT('',(-0.0200931043432941,-2.16840434497101E-18,-0.00704643275421716));
#2334=CARTESIAN_POINT('',(-0.0201453802342706,-0.00254,-0.00563597894995536));
#2335=CARTESIAN_POINT('',(-0.0201453802342706,-3.46944695195361E-18,-0.00563597894995536));
#2336=CARTESIAN_POINT('',(-0.0204298938686836,-0.00254,-0.0043032591300767));
#2337=CARTESIAN_POINT('',(-0.0204298938686836,-3.90312782094782E-18,-0.0043032591300767));
#2338=CARTESIAN_POINT('',(-0.0208856263031163,-0.00254,-0.00316491830024966));
#2339=CARTESIAN_POINT('',(-0.0208856263031163,-2.16840434497101E-18,-0.00316491830024966));
#2340=CARTESIAN_POINT('',(-0.0214278292922613,-0.00254,-0.0020836662370085));
#2341=CARTESIAN_POINT('',(-0.0214278292922613,-3.90312782094782E-18,-0.0020836662370085));
#2342=CARTESIAN_POINT('',(-0.0219759897973648,-0.00254,-0.000966320180057098));
#2343=CARTESIAN_POINT('',(-0.0219759897973648,-1.73472347597681E-18,-0.000966320180057098));
#2344=CARTESIAN_POINT('',(-0.0224434606178979,-0.00254,2.81444275690106E-5));
#2345=CARTESIAN_POINT('',(-0.0224434606178979,-2.60208521396521E-18,2.81444275690106E-5));
#2346=CARTESIAN_POINT('',(-0.0227514460201948,-0.00254,0.000716756719074135));
#2347=CARTESIAN_POINT('',(-0.0227514460201948,-2.60208521396521E-18,0.000716756719074135));
#2348=CARTESIAN_POINT('',(-0.0227924230549701,-0.00254,0.00161924091256259));
#2349=CARTESIAN_POINT('',(-0.0227924230549701,-3.03576608295941E-18,0.00161924091256259));
#2350=CARTESIAN_POINT('',(-0.0225958960927963,-0.00254,0.00272949522254702));
#2351=CARTESIAN_POINT('',(-0.0225958960927963,-3.03576608295941E-18,0.00272949522254702));
#2352=CARTESIAN_POINT('',(-0.0223842182737818,-0.00254,0.00330471628266342));
#2353=CARTESIAN_POINT('',(-0.0223842182737818,-2.60208521396521E-18,0.00330471628266342));
#2354=CARTESIAN_POINT('',(-0.0221764584497262,-0.00254,0.00375739186664097));
#2355=CARTESIAN_POINT('',(-0.0221764584497262,-1.30104260698261E-18,0.00375739186664097));
#2356=CARTESIAN_POINT('',(-0.0219260085732163,-0.00254,0.0043428731331981));
#2357=CARTESIAN_POINT('',(-0.0219260085732163,-4.33680868994202E-18,0.0043428731331981));
#2358=CARTESIAN_POINT('',(-0.0215799889209238,-0.00254,0.00528693701111283));
#2359=CARTESIAN_POINT('',(-0.0215799889209238,-1.30104260698261E-18,0.00528693701111283));
#2360=CARTESIAN_POINT('',(-0.0213705220942919,-0.00254,0.00641233445468123));
#2361=CARTESIAN_POINT('',(-0.0213705220942919,-2.60208521396521E-18,0.00641233445468123));
#2362=CARTESIAN_POINT('',(-0.0214680503804456,-0.00254,0.00735709833260864));
#2363=CARTESIAN_POINT('',(-0.0214680503804456,-3.03576608295941E-18,0.00735709833260864));
#2364=CARTESIAN_POINT('',(-0.0216802981148257,-0.00254,0.00824787452534459));
#2365=CARTESIAN_POINT('',(-0.0216802981148257,-1.73472347597681E-18,0.00824787452534459));
#2366=CARTESIAN_POINT('',(-0.0220773487741712,-0.00254,0.00893153342000233));
#2367=CARTESIAN_POINT('',(-0.0220773487741712,-3.46944695195361E-18,0.00893153342000233));
#2368=CARTESIAN_POINT('',(-0.02274118804065,-0.00254,0.00918753645594606));
#2369=CARTESIAN_POINT('',(-0.02274118804065,-1.30104260698261E-18,0.00918753645594606));
#2370=CARTESIAN_POINT('',(-0.0234284019425809,-0.00254,0.00896950330443442));
#2371=CARTESIAN_POINT('',(-0.0234284019425809,-3.90312782094782E-18,0.00896950330443442));
#2372=CARTESIAN_POINT('',(-0.0235726101419004,-0.00254,0.00842584916663877));
#2373=CARTESIAN_POINT('',(-0.0235726101419004,-2.60208521396521E-18,0.00842584916663877));
#2374=CARTESIAN_POINT('',(-0.0237152877541422,-0.00254,0.00760773883843075));
#2375=CARTESIAN_POINT('',(-0.0237152877541422,-1.73472347597681E-18,0.00760773883843075));
#2376=CARTESIAN_POINT('',(-0.0239219367495704,-0.00254,0.00690558546626153));
#2377=CARTESIAN_POINT('',(-0.0239219367495704,-3.90312782094782E-18,0.00690558546626153));
#2378=CARTESIAN_POINT('',(-0.0242698545587427,-0.00254,0.00642398908655962));
#2379=CARTESIAN_POINT('',(-0.0242698545587427,-2.60208521396521E-18,0.00642398908655962));
#2380=CARTESIAN_POINT('',(-0.0249726464367262,-0.00254,0.00596467101778687));
#2381=CARTESIAN_POINT('',(-0.0249726464367262,-2.60208521396521E-18,0.00596467101778687));
#2382=CARTESIAN_POINT('',(-0.0258341247676302,-0.00254,0.00585971327649307));
#2383=CARTESIAN_POINT('',(-0.0258341247676302,-3.90312782094782E-18,0.00585971327649307));
#2384=CARTESIAN_POINT('',(-0.0264578915848035,-0.00254,0.00592902543848519));
#2385=CARTESIAN_POINT('',(-0.0264578915848035,-2.60208521396521E-18,0.00592902543848519));
#2386=CARTESIAN_POINT('',(-0.0269171928387645,-0.00254,0.00610319952357959));
#2387=CARTESIAN_POINT('',(-0.0269171928387645,-2.60208521396521E-18,0.00610319952357959));
#2388=CARTESIAN_POINT('',(-0.0271246000424481,-0.00254,0.00630136496980717));
#2389=CARTESIAN_POINT('',(-0.0271246000424481,-2.60208521396521E-18,0.00630136496980717));
#2390=CARTESIAN_POINT('',(-0.0273704027640596,-0.00254,0.0063803737451269));
#2391=CARTESIAN_POINT('',(-0.0273704027640596,-2.60208521396521E-18,0.0063803737451269));
#2392=CARTESIAN_POINT('',(-0.0345180081236287,0.,0.0123797546433392));
#2393=CARTESIAN_POINT('',(-0.0345415885931306,0.,0.0123826965432759));
#2394=CARTESIAN_POINT('',(-0.0348489337210187,0.,0.0124050006664634));
#2395=CARTESIAN_POINT('',(-0.0356129171361709,0.,0.0119768705112646));
#2396=CARTESIAN_POINT('',(-0.0363185744593901,0.,0.0104793907295244));
#2397=CARTESIAN_POINT('',(-0.0362865183555035,0.,0.00811386062249757));
#2398=CARTESIAN_POINT('',(-0.0356333263682542,0.,0.00607081161915035));
#2399=CARTESIAN_POINT('',(-0.0351123650353482,0.,0.0043888919187768));
#2400=CARTESIAN_POINT('',(-0.034582700883492,0.,0.00284657445083434));
#2401=CARTESIAN_POINT('',(-0.0350092669564632,0.,0.000953340271299511));
#2402=CARTESIAN_POINT('',(-0.0361356463378243,0.,-0.00164079781012381));
#2403=CARTESIAN_POINT('',(-0.0374032179839099,0.,-0.00469052593884998));
#2404=CARTESIAN_POINT('',(-0.0373379863429674,0.,-0.00723980410732138));
#2405=CARTESIAN_POINT('',(-0.0367144434555333,0.,-0.00916391488589113));
#2406=CARTESIAN_POINT('',(-0.0347117157894634,0.,-0.0107567895968496));
#2407=CARTESIAN_POINT('',(-0.0324380844009851,0.,-0.0114862820198003));
#2408=CARTESIAN_POINT('',(-0.0304412784496322,0.,-0.0117648462254914));
#2409=CARTESIAN_POINT('',(-0.02857893974695,0.,-0.0117789425336015));
#2410=CARTESIAN_POINT('',(-0.0256757447729684,0.,-0.0117845408391451));
#2411=CARTESIAN_POINT('',(-0.0230747548040073,0.,-0.0114592297146421));
#2412=CARTESIAN_POINT('',(-0.02133359838763,0.,-0.0100361605240952));
#2413=CARTESIAN_POINT('',(-0.0199607062598031,0.,-0.00791342870238448));
#2414=CARTESIAN_POINT('',(-0.0201870912965383,0.,-0.00454373792294041));
#2415=CARTESIAN_POINT('',(-0.021371927405203,0.,-0.00220965832818061));
#2416=CARTESIAN_POINT('',(-0.0224269424839684,0.,-3.67391192485989E-5));
#2417=CARTESIAN_POINT('',(-0.02289289419048,0.,0.0010775741791804));
#2418=CARTESIAN_POINT('',(-0.0225778283343897,0.,0.00294175538566661));
#2419=CARTESIAN_POINT('',(-0.0221127255378388,0.,0.00384056996391215));
#2420=CARTESIAN_POINT('',(-0.0212926395078924,0.,0.00597777714278012));
#2421=CARTESIAN_POINT('',(-0.0214883714411335,0.,0.0076094958768842));
#2422=CARTESIAN_POINT('',(-0.0218981599909696,0.,0.00883620440192197));
#2423=CARTESIAN_POINT('',(-0.0227276966598124,0.,0.0092118786772778));
#2424=CARTESIAN_POINT('',(-0.0234873889903763,0.,0.00893701870233731));
#2425=CARTESIAN_POINT('',(-0.0235890751782257,0.,0.00823150850920609));
#2426=CARTESIAN_POINT('',(-0.0238130015663234,0.,0.00718244087864221));
#2427=CARTESIAN_POINT('',(-0.0241390259053822,0.,0.00652148114263687));
#2428=CARTESIAN_POINT('',(-0.0250781422348492,0.,0.00584097767034921));
#2429=CARTESIAN_POINT('',(-0.0267076779009098,0.,0.00586566787560969));
#2430=CARTESIAN_POINT('',(-0.0270557431259668,0.,0.00627372948580585));
#2431=CARTESIAN_POINT('',(-0.0273554207444221,0.,0.00637555804977735));
#2432=CARTESIAN_POINT('',(-0.0273704027640596,0.,0.0063803737451269));
#2433=CARTESIAN_POINT('',(-0.0273704027261264,0.,0.00638037373941241));
#2434=CARTESIAN_POINT('',(-0.0273704027261264,-0.00254,0.00638037373941241));
#2435=CARTESIAN_POINT('',(-0.0273704027261264,-0.00254,0.00638037373941241));
#2436=CARTESIAN_POINT('',(-0.0345180081236287,-0.00254,0.0123797546433392));
#2437=CARTESIAN_POINT('',(-0.0345415885931306,-0.00254,0.0123826965432759));
#2438=CARTESIAN_POINT('',(-0.0348489337210187,-0.00254,0.0124050006664634));
#2439=CARTESIAN_POINT('',(-0.0356129171361709,-0.00254,0.0119768705112646));
#2440=CARTESIAN_POINT('',(-0.0363185744593901,-0.00254,0.0104793907295244));
#2441=CARTESIAN_POINT('',(-0.0362865183555035,-0.00254,0.00811386062249757));
#2442=CARTESIAN_POINT('',(-0.0356333263682542,-0.00254,0.00607081161915035));
#2443=CARTESIAN_POINT('',(-0.0351123650353482,-0.00254,0.0043888919187768));
#2444=CARTESIAN_POINT('',(-0.034582700883492,-0.00254,0.00284657445083434));
#2445=CARTESIAN_POINT('',(-0.0350092669564632,-0.00254,0.000953340271299511));
#2446=CARTESIAN_POINT('',(-0.0361356463378243,-0.00254,-0.00164079781012381));
#2447=CARTESIAN_POINT('',(-0.0374032179839099,-0.00254,-0.00469052593884998));
#2448=CARTESIAN_POINT('',(-0.0373379863429674,-0.00254,-0.00723980410732138));
#2449=CARTESIAN_POINT('',(-0.0367144434555333,-0.00254,-0.00916391488589113));
#2450=CARTESIAN_POINT('',(-0.0347117157894634,-0.00254,-0.0107567895968496));
#2451=CARTESIAN_POINT('',(-0.0324380844009851,-0.00254,-0.0114862820198003));
#2452=CARTESIAN_POINT('',(-0.0304412784496322,-0.00254,-0.0117648462254914));
#2453=CARTESIAN_POINT('',(-0.02857893974695,-0.00254,-0.0117789425336015));
#2454=CARTESIAN_POINT('',(-0.0256757447729684,-0.00254,-0.0117845408391451));
#2455=CARTESIAN_POINT('',(-0.0230747548040073,-0.00254,-0.0114592297146421));
#2456=CARTESIAN_POINT('',(-0.02133359838763,-0.00254,-0.0100361605240952));
#2457=CARTESIAN_POINT('',(-0.0199607062598031,-0.00254,-0.00791342870238448));
#2458=CARTESIAN_POINT('',(-0.0201870912965383,-0.00254,-0.00454373792294041));
#2459=CARTESIAN_POINT('',(-0.021371927405203,-0.00254,-0.00220965832818061));
#2460=CARTESIAN_POINT('',(-0.0224269424839684,-0.00254,-3.67391192485989E-5));
#2461=CARTESIAN_POINT('',(-0.02289289419048,-0.00254,0.0010775741791804));
#2462=CARTESIAN_POINT('',(-0.0225778283343897,-0.00254,0.00294175538566661));
#2463=CARTESIAN_POINT('',(-0.0221127255378388,-0.00254,0.00384056996391215));
#2464=CARTESIAN_POINT('',(-0.0212926395078924,-0.00254,0.00597777714278012));
#2465=CARTESIAN_POINT('',(-0.0214883714411335,-0.00254,0.0076094958768842));
#2466=CARTESIAN_POINT('',(-0.0218981599909696,-0.00254,0.00883620440192197));
#2467=CARTESIAN_POINT('',(-0.0227276966598124,-0.00254,0.0092118786772778));
#2468=CARTESIAN_POINT('',(-0.0234873889903763,-0.00254,0.00893701870233731));
#2469=CARTESIAN_POINT('',(-0.0235890751782257,-0.00254,0.00823150850920609));
#2470=CARTESIAN_POINT('',(-0.0238130015663234,-0.00254,0.00718244087864221));
#2471=CARTESIAN_POINT('',(-0.0241390259053822,-0.00254,0.00652148114263687));
#2472=CARTESIAN_POINT('',(-0.0250781422348492,-0.00254,0.00584097767034921));
#2473=CARTESIAN_POINT('',(-0.0267076779009098,-0.00254,0.00586566787560969));
#2474=CARTESIAN_POINT('',(-0.0270557431259668,-0.00254,0.00627372948580585));
#2475=CARTESIAN_POINT('',(-0.0273554207444221,-0.00254,0.00637555804977735));
#2476=CARTESIAN_POINT('',(-0.0273704027640596,-0.00254,0.0063803737451269));
#2477=CARTESIAN_POINT('',(-0.0273704027640596,-0.00254,0.0063803737451269));
#2478=CARTESIAN_POINT('',(-0.0273704027640596,-4.33680868994202E-19,0.0063803737451269));
#2479=CARTESIAN_POINT('',(-0.0276724034220203,-0.00254,0.00647744631606847));
#2480=CARTESIAN_POINT('',(-0.0276724034220203,-4.33680868994202E-19,0.00647744631606847));
#2481=CARTESIAN_POINT('',(-0.0283337874448222,-0.00254,0.00652147283621986));
#2482=CARTESIAN_POINT('',(-0.0283337874448222,4.33680868994202E-19,0.00652147283621986));
#2483=CARTESIAN_POINT('',(-0.0289929369378329,-0.00254,0.00678854432426557));
#2484=CARTESIAN_POINT('',(-0.0289929369378329,-1.30104260698261E-18,0.00678854432426557));
#2485=CARTESIAN_POINT('',(-0.0293198056865197,-0.00254,0.00715098411986031));
#2486=CARTESIAN_POINT('',(-0.0293198056865197,4.33680868994202E-19,0.00715098411986031));
#2487=CARTESIAN_POINT('',(-0.0295760498940565,-0.00254,0.00766752322151113));
#2488=CARTESIAN_POINT('',(-0.0295760498940565,-4.33680868994202E-19,0.00766752322151113));
#2489=CARTESIAN_POINT('',(-0.0298275507442277,-0.00254,0.00834268272063553));
#2490=CARTESIAN_POINT('',(-0.0298275507442277,4.33680868994202E-19,0.00834268272063553));
#2491=CARTESIAN_POINT('',(-0.0300620325078303,-0.00254,0.00890687225475624));
#2492=CARTESIAN_POINT('',(-0.0300620325078303,-8.67361737988404E-19,0.00890687225475624));
#2493=CARTESIAN_POINT('',(-0.0301930772389838,-0.00254,0.00899092034607146));
#2494=CARTESIAN_POINT('',(-0.0301930772389838,-4.33680868994202E-19,0.00899092034607146));
#2495=CARTESIAN_POINT('',(-0.0302531786356873,-0.00254,0.00894891338279146));
#2496=CARTESIAN_POINT('',(-0.0302531786356873,-4.33680868994202E-19,0.00894891338279146));
#2497=CARTESIAN_POINT('',(-0.0273704027640596,0.,0.0063803737451269));
#2498=CARTESIAN_POINT('',(-0.0277543382989039,0.,0.0065037827790503));
#2499=CARTESIAN_POINT('',(-0.0289410115078162,0.,0.00653691674768702));
#2500=CARTESIAN_POINT('',(-0.0295897434192218,0.,0.00755349699801652));
#2501=CARTESIAN_POINT('',(-0.0300442407288334,0.,0.00901268335080559));
#2502=CARTESIAN_POINT('',(-0.0302280496574974,0.,0.00896647690247628));
#2503=CARTESIAN_POINT('',(-0.0302531786356873,0.,0.00894891338279146));
#2504=CARTESIAN_POINT('',(-0.0302531786718184,0.,0.00894891335735064));
#2505=CARTESIAN_POINT('',(-0.0302531786718184,-0.00254,0.00894891335735064));
#2506=CARTESIAN_POINT('',(-0.0302531786715129,-0.00254,0.00894891338321455));
#2507=CARTESIAN_POINT('',(-0.0273704027640596,-0.00254,0.0063803737451269));
#2508=CARTESIAN_POINT('',(-0.0277543382989039,-0.00254,0.0065037827790503));
#2509=CARTESIAN_POINT('',(-0.0289410115078162,-0.00254,0.00653691674768702));
#2510=CARTESIAN_POINT('',(-0.0295897434192218,-0.00254,0.00755349699801652));
#2511=CARTESIAN_POINT('',(-0.0300442407288334,-0.00254,0.00901268335080559));
#2512=CARTESIAN_POINT('',(-0.0302280496574974,-0.00254,0.00896647690247628));
#2513=CARTESIAN_POINT('',(-0.0302531786356873,-0.00254,0.00894891338279146));
#2514=CARTESIAN_POINT('',(-0.0302531786356873,-0.00254,0.00894891338279146));
#2515=CARTESIAN_POINT('',(-0.0302531786356873,0.,0.00894891338279146));
#2516=CARTESIAN_POINT('',(-0.0303134538920081,-0.00254,0.00890678490295843));
#2517=CARTESIAN_POINT('',(-0.0303134538920081,0.,0.00890678490295843));
#2518=CARTESIAN_POINT('',(-0.0304260807709259,-0.00254,0.00870625590712376));
#2519=CARTESIAN_POINT('',(-0.0304260807709259,-8.67361737988404E-19,0.00870625590712376));
#2520=CARTESIAN_POINT('',(-0.0306376402946546,-0.00254,0.00839721101650194));
#2521=CARTESIAN_POINT('',(-0.0306376402946546,4.33680868994202E-19,0.00839721101650194));
#2522=CARTESIAN_POINT('',(-0.0310263780133284,-0.00254,0.0082110783886959));
#2523=CARTESIAN_POINT('',(-0.0310263780133284,4.33680868994202E-19,0.0082110783886959));
#2524=CARTESIAN_POINT('',(-0.0317694930957297,-0.00254,0.00820279297658201));
#2525=CARTESIAN_POINT('',(-0.0317694930957297,4.33680868994202E-19,0.00820279297658201));
#2526=CARTESIAN_POINT('',(-0.0328223280705044,-0.00254,0.00864199490075367));
#2527=CARTESIAN_POINT('',(-0.0328223280705044,4.33680868994202E-19,0.00864199490075367));
#2528=CARTESIAN_POINT('',(-0.0335289930413148,-0.00254,0.00937269402651905));
#2529=CARTESIAN_POINT('',(-0.0335289930413148,-1.30104260698261E-18,0.00937269402651905));
#2530=CARTESIAN_POINT('',(-0.0337011713015679,-0.00254,0.00984185949935227));
#2531=CARTESIAN_POINT('',(-0.0337011713015679,4.33680868994202E-19,0.00984185949935227));
#2532=CARTESIAN_POINT('',(-0.0337428161678257,-0.00254,0.0102349188095652));
#2533=CARTESIAN_POINT('',(-0.0337428161678257,-8.67361737988404E-19,0.0102349188095652));
#2534=CARTESIAN_POINT('',(-0.0337528454975592,-0.00254,0.0106691650384737));
#2535=CARTESIAN_POINT('',(-0.0337528454975592,8.67361737988404E-19,0.0106691650384737));
#2536=CARTESIAN_POINT('',(-0.0337653545504047,-0.00254,0.0110008650253497));
#2537=CARTESIAN_POINT('',(-0.0337653545504047,-4.33680868994202E-19,0.0110008650253497));
#2538=CARTESIAN_POINT('',(-0.0337817774901399,-0.00254,0.0112620102507153));
#2539=CARTESIAN_POINT('',(-0.0337817774901399,4.33680868994202E-19,0.0112620102507153));
#2540=CARTESIAN_POINT('',(-0.0337788120308285,-0.00254,0.0117081492178703));
#2541=CARTESIAN_POINT('',(-0.0337788120308285,0.,0.0117081492178703));
#2542=CARTESIAN_POINT('',(-0.0338885781424169,-0.00254,0.011996240088916));
#2543=CARTESIAN_POINT('',(-0.0338885781424169,0.,0.011996240088916));
#2544=CARTESIAN_POINT('',(-0.0340615321550966,-0.00254,0.0121566236129216));
#2545=CARTESIAN_POINT('',(-0.0340615321550966,0.,0.0121566236129216));
#2546=CARTESIAN_POINT('',(-0.0302531786356873,0.,0.00894891338279146));
#2547=CARTESIAN_POINT('',(-0.0302951523385222,0.,0.00891957649728761));
#2548=CARTESIAN_POINT('',(-0.0304360657426057,0.,0.00870875337617631));
#2549=CARTESIAN_POINT('',(-0.0307591465756333,0.,0.00814244934097312));
#2550=CARTESIAN_POINT('',(-0.0322511466873136,0.,0.008217642436267));
#2551=CARTESIAN_POINT('',(-0.0335655475758726,0.,0.00930687844901127));
#2552=CARTESIAN_POINT('',(-0.0337508906083846,0.,0.0100464704491189));
#2553=CARTESIAN_POINT('',(-0.0337503664210663,0.,0.0108290995704343));
#2554=CARTESIAN_POINT('',(-0.0337850623557584,0.,0.0112226579618727));
#2555=CARTESIAN_POINT('',(-0.0337779718783149,0.,0.0115493986495922));
#2556=CARTESIAN_POINT('',(-0.0338085215924631,0.,0.011702805942621));
#2557=CARTESIAN_POINT('',(-0.0338388244497394,0.,0.0118549736284869));
#2558=CARTESIAN_POINT('',(-0.0339103638392206,0.,0.0120076802313319));
#2559=CARTESIAN_POINT('',(-0.0340464673606493,0.,0.0121426537443743));
#2560=CARTESIAN_POINT('',(-0.0340615321550966,0.,0.0121566236129216));
#2561=CARTESIAN_POINT('',(-0.0340615321550966,0.,0.0121566236129216));
#2562=CARTESIAN_POINT('',(-0.0340615321550966,-0.00254,0.0121566236129216));
#2563=CARTESIAN_POINT('',(-0.0340615321550966,-0.00254,0.0121566236129216));
#2564=CARTESIAN_POINT('',(-0.0302531786356873,-0.00254,0.00894891338279146));
#2565=CARTESIAN_POINT('',(-0.0302951523385222,-0.00254,0.00891957649728761));
#2566=CARTESIAN_POINT('',(-0.0304360657426057,-0.00254,0.00870875337617631));
#2567=CARTESIAN_POINT('',(-0.0307591465756333,-0.00254,0.00814244934097312));
#2568=CARTESIAN_POINT('',(-0.0322511466873136,-0.00254,0.008217642436267));
#2569=CARTESIAN_POINT('',(-0.0335655475758726,-0.00254,0.00930687844901127));
#2570=CARTESIAN_POINT('',(-0.0337508906083846,-0.00254,0.0100464704491189));
#2571=CARTESIAN_POINT('',(-0.0337503664210663,-0.00254,0.0108290995704343));
#2572=CARTESIAN_POINT('',(-0.0337850623557584,-0.00254,0.0112226579618727));
#2573=CARTESIAN_POINT('',(-0.0337779718783149,-0.00254,0.0115493986495922));
#2574=CARTESIAN_POINT('',(-0.0338085215924631,-0.00254,0.011702805942621));
#2575=CARTESIAN_POINT('',(-0.0338388244497394,-0.00254,0.0118549736284869));
#2576=CARTESIAN_POINT('',(-0.0339103638392206,-0.00254,0.0120076802313319));
#2577=CARTESIAN_POINT('',(-0.0340464673606493,-0.00254,0.0121426537443743));
#2578=CARTESIAN_POINT('',(-0.0340615321550966,-0.00254,0.0121566236129216));
#2579=CARTESIAN_POINT('',(-0.0340010144659301,-0.00254,0.0122268916321996));
#2580=CARTESIAN_POINT('',(-0.0340010144659301,0.,0.0122268916321996));
#2581=CARTESIAN_POINT('',(-0.0339404967767217,0.,0.0122971596514386));
#2582=CARTESIAN_POINT('',(-0.0339404967767217,-0.00254,0.0122971596514386));
#2583=CARTESIAN_POINT('',(-0.0339404967767217,-0.00254,0.0122971596514386));
#2584=CARTESIAN_POINT('',(-0.0340010144659301,-0.00254,0.0122268916321996));
#2585=CARTESIAN_POINT('',(-0.0339885926746459,-0.00254,0.0123253664257514));
#2586=CARTESIAN_POINT('',(-0.0339885926746459,0.,0.0123253664257514));
#2587=CARTESIAN_POINT('',(-0.0340366885725702,0.,0.0123535732000641));
#2588=CARTESIAN_POINT('',(-0.0340366885725702,-0.00254,0.0123535732000641));
#2589=CARTESIAN_POINT('',(-0.0340366885725702,-0.00254,0.0123535732000641));
#2590=CARTESIAN_POINT('',(-0.0339885926746459,-0.00254,0.0123253664257514));
#2591=CARTESIAN_POINT('',(-0.0338437865552264,-0.00254,0.0124691954191583));
#2592=CARTESIAN_POINT('',(-0.0338437865552264,0.,0.0124691954191583));
#2593=CARTESIAN_POINT('',(-0.0336508845378826,0.,0.0125848176382525));
#2594=CARTESIAN_POINT('',(-0.0336508845378826,-0.00254,0.0125848176382525));
#2595=CARTESIAN_POINT('',(-0.0336508845378826,-0.00254,0.0125848176382525));
#2596=CARTESIAN_POINT('',(-0.0338437865552264,-0.00254,0.0124691954191583));
#2597=CARTESIAN_POINT('',(-0.0339833797764462,-0.00254,0.012779815934552));
#2598=CARTESIAN_POINT('',(-0.0339833797764462,0.,0.012779815934552));
#2599=CARTESIAN_POINT('',(-0.0339833797764462,-0.00254,0.012779815934552));
#2600=CARTESIAN_POINT('',(-0.0286819621218565,-0.00254,0.0140036631421904));
#2601=CARTESIAN_POINT('',(-0.0301251120734828,-0.00254,0.0197928253916326));
#2602=CARTESIAN_POINT('',(-0.0302969984079363,-0.00254,0.00523852071786864));
#2603=CARTESIAN_POINT('',(-0.0275141262754366,-0.00254,0.0185085555826635));
#2604=CARTESIAN_POINT('',(-0.0273568713352577,-0.00254,0.00523852071786863));
#2605=CARTESIAN_POINT('',(-0.0302969984079363,-0.00254,0.00523852071786864));
#2606=CARTESIAN_POINT('',(-0.0302987403932718,-0.00254,0.00522788201523653));
#2607=CARTESIAN_POINT('',(-0.0303028078195359,-0.00254,0.00519487957916812));
#2608=CARTESIAN_POINT('',(-0.0302068306863821,-0.00254,0.00497949052249272));
#2609=CARTESIAN_POINT('',(-0.0293751045299596,-0.00254,0.00484145845295431));
#2610=CARTESIAN_POINT('',(-0.0282223841025574,-0.00254,0.00489563936932155));
#2611=CARTESIAN_POINT('',(-0.0275313091545149,-0.00254,0.00495267410433492));
#2612=CARTESIAN_POINT('',(-0.0273532874121811,-0.00254,0.00516308502947036));
#2613=CARTESIAN_POINT('',(-0.0273558752053248,-0.00254,0.00522106924936246));
#2614=CARTESIAN_POINT('',(-0.0273568713352577,-0.00254,0.00523852071786864));
#2615=CARTESIAN_POINT('',(-0.0286819621218565,0.,0.0140036631421904));
#2616=CARTESIAN_POINT('',(-0.0286819621218565,-0.00254,0.0140036631421904));
#2617=CARTESIAN_POINT('',(-0.0298970524128636,-0.00254,0.0322395600245259));
#2618=CARTESIAN_POINT('',(-0.0298970524128636,-0.00254,0.0318984845619039));
#2619=CARTESIAN_POINT('',(-0.0295613911207025,-0.00254,0.0334522706320267));
#2620=CARTESIAN_POINT('',(-0.0295613911207025,-0.00254,0.0331111951694047));
#2621=CARTESIAN_POINT('',(-0.0291450252294684,-0.00254,0.0346480292524776));
#2622=CARTESIAN_POINT('',(-0.0291450252294684,-0.00254,0.0343069537898556));
#2623=CARTESIAN_POINT('',(-0.0287556399578382,-0.00254,0.0359496084516615));
#2624=CARTESIAN_POINT('',(-0.0287556399578382,-0.00254,0.0356085329890395));
#2625=CARTESIAN_POINT('',(-0.028367197060159,-0.00254,0.0371697414550987));
#2626=CARTESIAN_POINT('',(-0.028367197060159,-0.00254,0.0368286659924767));
#2627=CARTESIAN_POINT('',(-0.0280070488253304,-0.00254,0.0383727999347285));
#2628=CARTESIAN_POINT('',(-0.0280070488253304,-0.00254,0.0380317244721065));
#2629=CARTESIAN_POINT('',(-0.0266416639388924,-0.00254,0.034602558492989));
#2630=CARTESIAN_POINT('',(-0.0270148491057122,-0.00254,0.036706707630984));
#2631=CARTESIAN_POINT('',(-0.0263063965308987,-0.00254,0.0327122030066245));
#2632=CARTESIAN_POINT('',(-0.0265564935308117,-0.00254,0.0326678466019627));
#2633=CARTESIAN_POINT('',(-0.0264614675247884,-0.00254,0.0324322918139));
#2634=CARTESIAN_POINT('',(-0.0257462550354719,-0.00254,0.0306593905483289));
#2635=CARTESIAN_POINT('',(-0.0276578498247468,-0.00254,0.0306367374259146));
#2636=CARTESIAN_POINT('',(-0.0275141262754366,-0.00254,0.0185085555826635));
#2637=CARTESIAN_POINT('',(-0.0301251120734828,-0.00254,0.0197928253916326));
#2638=CARTESIAN_POINT('',(-0.0299970454751471,-0.00254,0.0306367374259146));
#2639=CARTESIAN_POINT('',(-0.0306819140131128,-0.00254,0.0317706784195818));
#2640=CARTESIAN_POINT('',(-0.0307312551171679,-0.00254,0.031737314845309));
#2641=CARTESIAN_POINT('',(-0.0307035101005868,-0.00254,0.0311562626756423));
#2642=CARTESIAN_POINT('',(-0.0305682863837511,-0.00254,0.0309767479659869));
#2643=CARTESIAN_POINT('',(-0.0301191770999614,-0.00254,0.0306230127349884));
#2644=CARTESIAN_POINT('',(-0.0299970454751471,-0.00254,0.0306367374259146));
#2645=CARTESIAN_POINT('',(-0.0306819140131128,-0.00254,0.0317706784195818));
#2646=CARTESIAN_POINT('',(-0.0305851056494249,-0.00254,0.032094541176552));
#2647=CARTESIAN_POINT('',(-0.0304882972857371,-0.00254,0.0324184039335221));
#2648=CARTESIAN_POINT('',(-0.0305702235958221,-0.00254,0.0324428931711749));
#2649=CARTESIAN_POINT('',(-0.030652149905907,-0.00254,0.0324673824088276));
#2650=CARTESIAN_POINT('',(-0.0307744867149226,-0.00254,0.0323046841848281));
#2651=CARTESIAN_POINT('',(-0.0308968235239383,-0.00254,0.0321419859608287));
#2652=CARTESIAN_POINT('',(-0.0310732369615973,-0.00254,0.0322247088797193));
#2653=CARTESIAN_POINT('',(-0.0312496503992565,-0.00254,0.03230743179861));
#2654=CARTESIAN_POINT('',(-0.0312779964291476,-0.00254,0.0325527970037237));
#2655=CARTESIAN_POINT('',(-0.0313063424590387,-0.00254,0.0327981622088373));
#2656=CARTESIAN_POINT('',(-0.0311649821948772,-0.00254,0.0330071350275404));
#2657=CARTESIAN_POINT('',(-0.0310236219307156,-0.00254,0.0332161078462434));
#2658=CARTESIAN_POINT('',(-0.0308076854725738,-0.00254,0.0331538839496007));
#2659=CARTESIAN_POINT('',(-0.0305917490144321,-0.00254,0.033091660052958));
#2660=CARTESIAN_POINT('',(-0.0305917490144321,-0.00254,0.0329098166047123));
#2661=CARTESIAN_POINT('',(-0.0305917490144321,-0.00254,0.0327279731564666));
#2662=CARTESIAN_POINT('',(-0.0305017930040868,-0.00254,0.03270108369796));
#2663=CARTESIAN_POINT('',(-0.0304118369937416,-0.00254,0.0326741942394533));
#2664=CARTESIAN_POINT('',(-0.030259262644123,-0.00254,0.033184616558642));
#2665=CARTESIAN_POINT('',(-0.0301066882945044,-0.00254,0.0336950388778309));
#2666=CARTESIAN_POINT('',(-0.030177971482556,-0.00254,0.0337163466961743));
#2667=CARTESIAN_POINT('',(-0.0302492546706074,-0.00254,0.0337376545145176));
#2668=CARTESIAN_POINT('',(-0.0303489280700478,-0.00254,0.0335622905737595));
#2669=CARTESIAN_POINT('',(-0.0304486014694882,-0.00254,0.0333869266330012));
#2670=CARTESIAN_POINT('',(-0.0306589935702797,-0.00254,0.0334498165904666));
#2671=CARTESIAN_POINT('',(-0.0308693856710712,-0.00254,0.033512706547932));
#2672=CARTESIAN_POINT('',(-0.0308946902611858,-0.00254,0.0337706803391412));
#2673=CARTESIAN_POINT('',(-0.0309199948513003,-0.00254,0.0340286541303503));
#2674=CARTESIAN_POINT('',(-0.0307880814555689,-0.00254,0.0342231408079366));
#2675=CARTESIAN_POINT('',(-0.0306561680598376,-0.00254,0.0344176274855228));
#2676=CARTESIAN_POINT('',(-0.0304195606525561,-0.00254,0.0343810897447075));
#2677=CARTESIAN_POINT('',(-0.0301829532452746,-0.00254,0.0343445520038923));
#2678=CARTESIAN_POINT('',(-0.0301829532452746,-0.00254,0.0341644317847968));
#2679=CARTESIAN_POINT('',(-0.0301829532452746,-0.00254,0.0339843115657015));
#2680=CARTESIAN_POINT('',(-0.0301082603354754,-0.00254,0.0339619845206149));
#2681=CARTESIAN_POINT('',(-0.0300335674256764,-0.00254,0.0339396574755284));
#2682=CARTESIAN_POINT('',(-0.0298906111197145,-0.00254,0.0344179035857961));
#2683=CARTESIAN_POINT('',(-0.0297476548137526,-0.00254,0.0348961496960639));
#2684=CARTESIAN_POINT('',(-0.0298103816095971,-0.00254,0.0349112347407797));
#2685=CARTESIAN_POINT('',(-0.0298731084054416,-0.00254,0.0349263197854955));
#2686=CARTESIAN_POINT('',(-0.0299921516574483,-0.00254,0.034751897337911));
#2687=CARTESIAN_POINT('',(-0.030111194909455,-0.00254,0.0345774748903265));
#2688=CARTESIAN_POINT('',(-0.0303077621239244,-0.00254,0.0346381364613493));
#2689=CARTESIAN_POINT('',(-0.030504329338394,-0.00254,0.0346987980323722));
#2690=CARTESIAN_POINT('',(-0.0305455783908571,-0.00254,0.0349739606376588));
#2691=CARTESIAN_POINT('',(-0.0305868274433202,-0.00254,0.0352491232429455));
#2692=CARTESIAN_POINT('',(-0.0304093968133698,-0.00254,0.0354716067969173));
#2693=CARTESIAN_POINT('',(-0.0302319661834195,-0.00254,0.0356940903508891));
#2694=CARTESIAN_POINT('',(-0.030025359725014,-0.00254,0.0356334066086662));
#2695=CARTESIAN_POINT('',(-0.0298187532666085,-0.00254,0.0355727228664433));
#2696=CARTESIAN_POINT('',(-0.0298187532666085,-0.00254,0.0353980299220584));
#2697=CARTESIAN_POINT('',(-0.0298187532666085,-0.00254,0.0352233369776735));
#2698=CARTESIAN_POINT('',(-0.0297412298428424,-0.00254,0.0352001638413966));
#2699=CARTESIAN_POINT('',(-0.0296637064190762,-0.00254,0.0351769907051198));
#2700=CARTESIAN_POINT('',(-0.0295266414530835,-0.00254,0.0356355279231805));
#2701=CARTESIAN_POINT('',(-0.0293895764870907,-0.00254,0.0360940651412414));
#2702=CARTESIAN_POINT('',(-0.029424237232807,-0.00254,0.0361196869924128));
#2703=CARTESIAN_POINT('',(-0.0294588979785232,-0.00254,0.0361453088435842));
#2704=CARTESIAN_POINT('',(-0.0295872058154322,-0.00254,0.0359717364783892));
#2705=CARTESIAN_POINT('',(-0.0297155136523412,-0.00254,0.0357981641131941));
#2706=CARTESIAN_POINT('',(-0.0299026468224123,-0.00254,0.0358698311398478));
#2707=CARTESIAN_POINT('',(-0.0300897799924834,-0.00254,0.0359414981665015));
#2708=CARTESIAN_POINT('',(-0.0301358691569817,-0.00254,0.0361848842321954));
#2709=CARTESIAN_POINT('',(-0.03018195832148,-0.00254,0.0364282702978893));
#2710=CARTESIAN_POINT('',(-0.0300243999825438,-0.00254,0.0366506953585916));
#2711=CARTESIAN_POINT('',(-0.0298668416436076,-0.00254,0.0368731204192939));
#2712=CARTESIAN_POINT('',(-0.0296507422190555,-0.00254,0.0368085244407983));
#2713=CARTESIAN_POINT('',(-0.0294346427945033,-0.00254,0.0367439284623027));
#2714=CARTESIAN_POINT('',(-0.0294346427945033,-0.00254,0.03658528726347));
#2715=CARTESIAN_POINT('',(-0.0294346427945033,-0.00254,0.0364266460646374));
#2716=CARTESIAN_POINT('',(-0.0293683278194442,-0.00254,0.0364068233339118));
#2717=CARTESIAN_POINT('',(-0.029302012844385,-0.00254,0.0363870006031861));
#2718=CARTESIAN_POINT('',(-0.029153372906647,-0.00254,0.0368842607385496));
#2719=CARTESIAN_POINT('',(-0.029004732968909,-0.00254,0.037381520873913));
#2720=CARTESIAN_POINT('',(-0.0290546638755317,-0.00254,0.0373964461138907));
#2721=CARTESIAN_POINT('',(-0.0291045947821544,-0.00254,0.0374113713538683));
#2722=CARTESIAN_POINT('',(-0.0292269918781874,-0.00254,0.0372290731412508));
#2723=CARTESIAN_POINT('',(-0.0293493889742204,-0.00254,0.0370467749286333));
#2724=CARTESIAN_POINT('',(-0.0295287422999522,-0.00254,0.0371003868417427));
#2725=CARTESIAN_POINT('',(-0.0297080956256839,-0.00254,0.0371539987548521));
#2726=CARTESIAN_POINT('',(-0.0297622207822574,-0.00254,0.037405734994334));
#2727=CARTESIAN_POINT('',(-0.0298163459388309,-0.00254,0.037657471233816));
#2728=CARTESIAN_POINT('',(-0.0296631992121824,-0.00254,0.0378755092894528));
#2729=CARTESIAN_POINT('',(-0.029510052485534,-0.00254,0.0380935473450897));
#2730=CARTESIAN_POINT('',(-0.029294768353356,-0.00254,0.0380461816282563));
#2731=CARTESIAN_POINT('',(-0.0290794842211781,-0.00254,0.0379988159114228));
#2732=CARTESIAN_POINT('',(-0.0290794842211781,-0.00254,0.0378346591198057));
#2733=CARTESIAN_POINT('',(-0.0290794842211781,-0.00254,0.0376705023281885));
#2734=CARTESIAN_POINT('',(-0.0290055260388076,-0.00254,0.0376483949062558));
#2735=CARTESIAN_POINT('',(-0.0289315678564369,-0.00254,0.0376262874843232));
#2736=CARTESIAN_POINT('',(-0.0287897807905722,-0.00254,0.0381006220180803));
#2737=CARTESIAN_POINT('',(-0.0286479937247075,-0.00254,0.0385749565518374));
#2738=CARTESIAN_POINT('',(-0.0286946090301558,-0.00254,0.0385888906993926));
#2739=CARTESIAN_POINT('',(-0.0287412243356041,-0.00254,0.0386028248469478));
#2740=CARTESIAN_POINT('',(-0.0288628094114625,-0.00254,0.0384322658623876));
#2741=CARTESIAN_POINT('',(-0.0289843944873209,-0.00254,0.0382617068778274));
#2742=CARTESIAN_POINT('',(-0.0291887304952953,-0.00254,0.0383227865609609));
#2743=CARTESIAN_POINT('',(-0.0293930665032695,-0.00254,0.0383838662440944));
#2744=CARTESIAN_POINT('',(-0.0294071962956052,-0.00254,0.038653105201467));
#2745=CARTESIAN_POINT('',(-0.029421326087941,-0.00254,0.0389223441588396));
#2746=CARTESIAN_POINT('',(-0.0292696841075523,-0.00254,0.0391438137791879));
#2747=CARTESIAN_POINT('',(-0.0291180421271636,-0.00254,0.0393652833995364));
#2748=CARTESIAN_POINT('',(-0.02888960724419,-0.00254,0.0392970001321524));
#2749=CARTESIAN_POINT('',(-0.0286611723612164,-0.00254,0.0392287168647686));
#2750=CARTESIAN_POINT('',(-0.0286611723612164,-0.00254,0.0390341227481254));
#2751=CARTESIAN_POINT('',(-0.0286611723612164,-0.00254,0.0388395286314821));
#2752=CARTESIAN_POINT('',(-0.0286188242648747,-0.00254,0.0388268700289603));
#2753=CARTESIAN_POINT('',(-0.028576476168533,-0.00254,0.0388142114264383));
#2754=CARTESIAN_POINT('',(-0.0285558707180095,-0.00254,0.0388831449127707));
#2755=CARTESIAN_POINT('',(-0.0285352652674861,-0.00254,0.0389520783991031));
#2756=CARTESIAN_POINT('',(-0.0272310318006623,-0.00254,0.0383592031881385));
#2757=CARTESIAN_POINT('',(-0.0268241764294943,-0.00254,0.036985599903152));
#2758=CARTESIAN_POINT('',(-0.0268216560378598,-0.00254,0.0369183468995829));
#2759=CARTESIAN_POINT('',(-0.0268559071344226,-0.00254,0.0369765219422884));
#2760=CARTESIAN_POINT('',(-0.0270148491057122,-0.00254,0.036706707630984));
#2761=CARTESIAN_POINT('',(-0.0270378295082101,-0.00254,0.0367202465735718));
#2762=CARTESIAN_POINT('',(-0.0270115451728563,-0.00254,0.0368239486869484));
#2763=CARTESIAN_POINT('',(-0.0269019640577165,-0.00254,0.0369524362835649));
#2764=CARTESIAN_POINT('',(-0.0268559071344226,-0.00254,0.0369765219422884));
#2765=CARTESIAN_POINT('',(-0.0301251120734828,-0.003048,0.0197928253916326));
#2766=CARTESIAN_POINT('',(-0.0302969984079363,-0.003048,0.00523852071786862));
#2767=CARTESIAN_POINT('',(-0.0302969984079363,-0.003048,0.00523852071786862));
#2768=CARTESIAN_POINT('',(-0.0301251120734828,-0.003048,0.0197928253916326));
#2769=CARTESIAN_POINT('',(-0.0299970454751471,-0.003048,0.0306367374259146));
#2770=CARTESIAN_POINT('',(-0.0299970454751471,-0.003048,0.0306367374259146));
#2771=CARTESIAN_POINT('',(-0.0302969984079363,-0.003048,0.00523852071786864));
#2772=CARTESIAN_POINT('',(-0.0302969984079363,-0.00254,0.00523852071786864));
#2773=CARTESIAN_POINT('',(-0.0303016980566405,-0.003048,0.00520981888897159));
#2774=CARTESIAN_POINT('',(-0.0303016980566405,-0.00254,0.00520981888897159));
#2775=CARTESIAN_POINT('',(-0.0302939895248099,-0.003048,0.00508768825823659));
#2776=CARTESIAN_POINT('',(-0.0302939895248099,-0.00254,0.00508768825823659));
#2777=CARTESIAN_POINT('',(-0.0299344448674809,-0.003048,0.00492525698852509));
#2778=CARTESIAN_POINT('',(-0.0299344448674809,-0.00254,0.00492525698852509));
#2779=CARTESIAN_POINT('',(-0.0293661914236304,-0.003048,0.00487218944190617));
#2780=CARTESIAN_POINT('',(-0.0293661914236304,-0.00254,0.00487218944190617));
#2781=CARTESIAN_POINT('',(-0.0287608058996732,-0.003048,0.00487014788773901));
#2782=CARTESIAN_POINT('',(-0.0287608058996732,-0.00254,0.00487014788773901));
#2783=CARTESIAN_POINT('',(-0.028180249665511,-0.003048,0.00490408552786165));
#2784=CARTESIAN_POINT('',(-0.028180249665511,-0.00254,0.00490408552786165));
#2785=CARTESIAN_POINT('',(-0.0277004893892259,-0.003048,0.00493205922545236));
#2786=CARTESIAN_POINT('',(-0.0277004893892259,-0.00254,0.00493205922545236));
#2787=CARTESIAN_POINT('',(-0.027383702377422,-0.003048,0.0050789272585632));
#2788=CARTESIAN_POINT('',(-0.027383702377422,-0.00254,0.0050789272585632));
#2789=CARTESIAN_POINT('',(-0.0273548160213708,-0.003048,0.00520251312048393));
#2790=CARTESIAN_POINT('',(-0.0273548160213708,-0.00254,0.00520251312048393));
#2791=CARTESIAN_POINT('',(-0.0273568713352577,-0.003048,0.00523852071786864));
#2792=CARTESIAN_POINT('',(-0.0273568713352577,-0.00254,0.00523852071786864));
#2793=CARTESIAN_POINT('',(-0.0273568713352577,-0.003048,0.00523852071786863));
#2794=CARTESIAN_POINT('',(-0.0273568713352577,-0.003048,0.00523852071786863));
#2795=CARTESIAN_POINT('',(-0.0302969984079363,-0.003048,0.00523852071786864));
#2796=CARTESIAN_POINT('',(-0.0302987403932718,-0.003048,0.00522788201523653));
#2797=CARTESIAN_POINT('',(-0.0303028078195359,-0.003048,0.00519487957916812));
#2798=CARTESIAN_POINT('',(-0.0302068306863821,-0.003048,0.00497949052249272));
#2799=CARTESIAN_POINT('',(-0.0293751045299596,-0.003048,0.00484145845295431));
#2800=CARTESIAN_POINT('',(-0.0282223841025574,-0.003048,0.00489563936932155));
#2801=CARTESIAN_POINT('',(-0.0275313091545149,-0.003048,0.00495267410433492));
#2802=CARTESIAN_POINT('',(-0.0273532874121811,-0.003048,0.00516308502947036));
#2803=CARTESIAN_POINT('',(-0.0273558752053248,-0.003048,0.00522106924936246));
#2804=CARTESIAN_POINT('',(-0.0273568713352577,-0.003048,0.00523852071786864));
#2805=CARTESIAN_POINT('',(-0.0275141262754366,-0.003048,0.0185085555826635));
#2806=CARTESIAN_POINT('',(-0.0276578498247468,-0.003048,0.0306367374259146));
#2807=CARTESIAN_POINT('',(-0.0276578498247468,-0.003048,0.0306367374259146));
#2808=CARTESIAN_POINT('',(-0.0275141262754366,-0.003048,0.0185085555826635));
#2809=CARTESIAN_POINT('',(-0.0257462550354719,-0.003048,0.0306593905483289));
#2810=CARTESIAN_POINT('',(-0.0264614675247884,-0.003048,0.0324322918139));
#2811=CARTESIAN_POINT('',(-0.0264614675247884,-0.003048,0.0324322918139));
#2812=CARTESIAN_POINT('',(-0.0257462550354719,-0.003048,0.0306593905483289));
#2813=CARTESIAN_POINT('',(-0.0266416639388924,-0.003048,0.034602558492989));
#2814=CARTESIAN_POINT('',(-0.0266416639388924,-0.003048,0.034602558492989));
#2815=CARTESIAN_POINT('',(-0.0270148491057122,-0.003048,0.036706707630984));
#2816=CARTESIAN_POINT('',(-0.0263063965308987,-0.003048,0.0327122030066245));
#2817=CARTESIAN_POINT('',(-0.0263063965308987,-0.003048,0.0327122030066245));
#2818=CARTESIAN_POINT('',(-0.0270148491057122,-0.003048,0.036706707630984));
#2819=CARTESIAN_POINT('',(-0.0270148491057123,-0.003048,0.036706707630984));
#2820=CARTESIAN_POINT('',(-0.0270148491057123,-0.00254,0.036706707630984));
#2821=CARTESIAN_POINT('',(-0.0270637917022106,-0.003048,0.0367355422436131));
#2822=CARTESIAN_POINT('',(-0.0270637917022106,-0.00254,0.0367355422436131));
#2823=CARTESIAN_POINT('',(-0.0269427312839027,-0.003048,0.0369311168938444));
#2824=CARTESIAN_POINT('',(-0.0269427312839027,-0.00254,0.0369311168938444));
#2825=CARTESIAN_POINT('',(-0.0268559071344226,-0.003048,0.0369765219422884));
#2826=CARTESIAN_POINT('',(-0.0268559071344226,-0.00254,0.0369765219422884));
#2827=CARTESIAN_POINT('',(-0.0268559071344226,-0.003048,0.0369765219422884));
#2828=CARTESIAN_POINT('',(-0.0268559071344226,-0.003048,0.0369765219422884));
#2829=CARTESIAN_POINT('',(-0.0270148491057122,-0.003048,0.036706707630984));
#2830=CARTESIAN_POINT('',(-0.0270378295082101,-0.003048,0.0367202465735718));
#2831=CARTESIAN_POINT('',(-0.0270115451728563,-0.003048,0.0368239486869484));
#2832=CARTESIAN_POINT('',(-0.0269019640577165,-0.003048,0.0369524362835649));
#2833=CARTESIAN_POINT('',(-0.0268559071344226,-0.003048,0.0369765219422884));
#2834=CARTESIAN_POINT('',(-0.0268216560378598,-0.003048,0.0369183468995829));
#2835=CARTESIAN_POINT('',(-0.0268241736141744,-0.003048,0.0369855247804143));
#2836=CARTESIAN_POINT('',(-0.0268241764294943,-0.00304799970000133,0.036985599903152));
#2837=CARTESIAN_POINT('',(-0.0268216560378598,-0.003048,0.0369183468995829));
#2838=CARTESIAN_POINT('',(-0.0272310318006623,-0.003048,0.0383592031881385));
#2839=CARTESIAN_POINT('',(-0.0285352652674861,-0.003048,0.0389520783991031));
#2840=CARTESIAN_POINT('',(-0.0285352652674861,-0.003048,0.0389520783991031));
#2841=CARTESIAN_POINT('',(-0.0272310318006623,-0.003048,0.0383592031881385));
#2842=CARTESIAN_POINT('',(-0.0285558707180095,-0.003048,0.0388831449127707));
#2843=CARTESIAN_POINT('',(-0.028576476168533,-0.003048,0.0388142114264383));
#2844=CARTESIAN_POINT('',(-0.028576476168533,-0.003048,0.0388142114264383));
#2845=CARTESIAN_POINT('',(-0.0285558707180095,-0.003048,0.0388831449127707));
#2846=CARTESIAN_POINT('',(-0.0286188242648747,-0.003048,0.0388268700289603));
#2847=CARTESIAN_POINT('',(-0.0286611723612164,-0.003048,0.0388395286314821));
#2848=CARTESIAN_POINT('',(-0.0286611723612164,-0.003048,0.0388395286314821));
#2849=CARTESIAN_POINT('',(-0.0286188242648747,-0.003048,0.0388268700289603));
#2850=CARTESIAN_POINT('',(-0.0286611723612164,-0.003048,0.0390341227481254));
#2851=CARTESIAN_POINT('',(-0.0286611723612164,-0.003048,0.0392287168647686));
#2852=CARTESIAN_POINT('',(-0.0286611723612164,-0.003048,0.0392287168647686));
#2853=CARTESIAN_POINT('',(-0.0286611723612164,-0.003048,0.0390341227481254));
#2854=CARTESIAN_POINT('',(-0.02888960724419,-0.003048,0.0392970001321524));
#2855=CARTESIAN_POINT('',(-0.0291180421271636,-0.003048,0.0393652833995364));
#2856=CARTESIAN_POINT('',(-0.0291180421271636,-0.003048,0.0393652833995364));
#2857=CARTESIAN_POINT('',(-0.02888960724419,-0.003048,0.0392970001321524));
#2858=CARTESIAN_POINT('',(-0.0292696841075523,-0.003048,0.0391438137791879));
#2859=CARTESIAN_POINT('',(-0.029421326087941,-0.003048,0.0389223441588396));
#2860=CARTESIAN_POINT('',(-0.029421326087941,-0.003048,0.0389223441588396));
#2861=CARTESIAN_POINT('',(-0.0292696841075523,-0.003048,0.0391438137791879));
#2862=CARTESIAN_POINT('',(-0.0294071962956052,-0.003048,0.038653105201467));
#2863=CARTESIAN_POINT('',(-0.0293930665032695,-0.003048,0.0383838662440944));
#2864=CARTESIAN_POINT('',(-0.0293930665032695,-0.003048,0.0383838662440944));
#2865=CARTESIAN_POINT('',(-0.0294071962956052,-0.003048,0.038653105201467));
#2866=CARTESIAN_POINT('',(-0.0291887304952953,-0.003048,0.0383227865609609));
#2867=CARTESIAN_POINT('',(-0.0289843944873209,-0.003048,0.0382617068778274));
#2868=CARTESIAN_POINT('',(-0.0289843944873209,-0.003048,0.0382617068778274));
#2869=CARTESIAN_POINT('',(-0.0291887304952953,-0.003048,0.0383227865609609));
#2870=CARTESIAN_POINT('',(-0.0288628094114625,-0.003048,0.0384322658623876));
#2871=CARTESIAN_POINT('',(-0.0287412243356041,-0.003048,0.0386028248469478));
#2872=CARTESIAN_POINT('',(-0.0287412243356041,-0.003048,0.0386028248469478));
#2873=CARTESIAN_POINT('',(-0.0288628094114625,-0.003048,0.0384322658623876));
#2874=CARTESIAN_POINT('',(-0.0286946090301558,-0.003048,0.0385888906993926));
#2875=CARTESIAN_POINT('',(-0.0286479937247075,-0.003048,0.0385749565518374));
#2876=CARTESIAN_POINT('',(-0.0286479937247075,-0.003048,0.0385749565518374));
#2877=CARTESIAN_POINT('',(-0.0286946090301558,-0.003048,0.0385888906993926));
#2878=CARTESIAN_POINT('',(-0.0287897807905722,-0.003048,0.0381006220180803));
#2879=CARTESIAN_POINT('',(-0.0289315678564369,-0.003048,0.0376262874843232));
#2880=CARTESIAN_POINT('',(-0.0289315678564369,-0.003048,0.0376262874843232));
#2881=CARTESIAN_POINT('',(-0.0287897807905722,-0.003048,0.0381006220180803));
#2882=CARTESIAN_POINT('',(-0.0290055260388076,-0.003048,0.0376483949062558));
#2883=CARTESIAN_POINT('',(-0.0290794842211781,-0.003048,0.0376705023281885));
#2884=CARTESIAN_POINT('',(-0.0290794842211781,-0.003048,0.0376705023281885));
#2885=CARTESIAN_POINT('',(-0.0290055260388076,-0.003048,0.0376483949062558));
#2886=CARTESIAN_POINT('',(-0.0290794842211781,-0.003048,0.0378346591198057));
#2887=CARTESIAN_POINT('',(-0.0290794842211781,-0.003048,0.0379988159114228));
#2888=CARTESIAN_POINT('',(-0.0290794842211781,-0.003048,0.0379988159114228));
#2889=CARTESIAN_POINT('',(-0.0290794842211781,-0.003048,0.0378346591198057));
#2890=CARTESIAN_POINT('',(-0.029294768353356,-0.003048,0.0380461816282563));
#2891=CARTESIAN_POINT('',(-0.029510052485534,-0.003048,0.0380935473450897));
#2892=CARTESIAN_POINT('',(-0.029510052485534,-0.003048,0.0380935473450897));
#2893=CARTESIAN_POINT('',(-0.029294768353356,-0.003048,0.0380461816282563));
#2894=CARTESIAN_POINT('',(-0.0296631992121824,-0.003048,0.0378755092894528));
#2895=CARTESIAN_POINT('',(-0.0298163459388309,-0.003048,0.037657471233816));
#2896=CARTESIAN_POINT('',(-0.0298163459388309,-0.003048,0.037657471233816));
#2897=CARTESIAN_POINT('',(-0.0296631992121824,-0.003048,0.0378755092894528));
#2898=CARTESIAN_POINT('',(-0.0297622207822574,-0.003048,0.037405734994334));
#2899=CARTESIAN_POINT('',(-0.0297080956256839,-0.003048,0.0371539987548521));
#2900=CARTESIAN_POINT('',(-0.0297080956256839,-0.003048,0.0371539987548521));
#2901=CARTESIAN_POINT('',(-0.0297622207822574,-0.003048,0.037405734994334));
#2902=CARTESIAN_POINT('',(-0.0295287422999522,-0.003048,0.0371003868417427));
#2903=CARTESIAN_POINT('',(-0.0293493889742204,-0.003048,0.0370467749286333));
#2904=CARTESIAN_POINT('',(-0.0293493889742204,-0.003048,0.0370467749286333));
#2905=CARTESIAN_POINT('',(-0.0295287422999522,-0.003048,0.0371003868417427));
#2906=CARTESIAN_POINT('',(-0.0292269918781874,-0.003048,0.0372290731412508));
#2907=CARTESIAN_POINT('',(-0.0291045947821544,-0.003048,0.0374113713538683));
#2908=CARTESIAN_POINT('',(-0.0291045947821544,-0.003048,0.0374113713538683));
#2909=CARTESIAN_POINT('',(-0.0292269918781874,-0.003048,0.0372290731412508));
#2910=CARTESIAN_POINT('',(-0.0290546638755317,-0.003048,0.0373964461138907));
#2911=CARTESIAN_POINT('',(-0.029004732968909,-0.003048,0.037381520873913));
#2912=CARTESIAN_POINT('',(-0.029004732968909,-0.003048,0.037381520873913));
#2913=CARTESIAN_POINT('',(-0.0290546638755317,-0.003048,0.0373964461138907));
#2914=CARTESIAN_POINT('',(-0.029153372906647,-0.003048,0.0368842607385496));
#2915=CARTESIAN_POINT('',(-0.029302012844385,-0.003048,0.0363870006031861));
#2916=CARTESIAN_POINT('',(-0.029302012844385,-0.003048,0.0363870006031861));
#2917=CARTESIAN_POINT('',(-0.029153372906647,-0.003048,0.0368842607385496));
#2918=CARTESIAN_POINT('',(-0.0293683278194442,-0.003048,0.0364068233339118));
#2919=CARTESIAN_POINT('',(-0.0294346427945033,-0.003048,0.0364266460646374));
#2920=CARTESIAN_POINT('',(-0.0294346427945033,-0.003048,0.0364266460646374));
#2921=CARTESIAN_POINT('',(-0.0293683278194442,-0.003048,0.0364068233339118));
#2922=CARTESIAN_POINT('',(-0.0294346427945033,-0.003048,0.03658528726347));
#2923=CARTESIAN_POINT('',(-0.0294346427945033,-0.003048,0.0367439284623027));
#2924=CARTESIAN_POINT('',(-0.0294346427945033,-0.003048,0.0367439284623027));
#2925=CARTESIAN_POINT('',(-0.0294346427945033,-0.003048,0.03658528726347));
#2926=CARTESIAN_POINT('',(-0.0296507422190555,-0.003048,0.0368085244407983));
#2927=CARTESIAN_POINT('',(-0.0298668416436076,-0.003048,0.0368731204192939));
#2928=CARTESIAN_POINT('',(-0.0298668416436076,-0.003048,0.0368731204192939));
#2929=CARTESIAN_POINT('',(-0.0296507422190555,-0.003048,0.0368085244407983));
#2930=CARTESIAN_POINT('',(-0.0300243999825438,-0.003048,0.0366506953585916));
#2931=CARTESIAN_POINT('',(-0.03018195832148,-0.003048,0.0364282702978893));
#2932=CARTESIAN_POINT('',(-0.03018195832148,-0.003048,0.0364282702978893));
#2933=CARTESIAN_POINT('',(-0.0300243999825438,-0.003048,0.0366506953585916));
#2934=CARTESIAN_POINT('',(-0.0301358691569817,-0.003048,0.0361848842321954));
#2935=CARTESIAN_POINT('',(-0.0300897799924834,-0.003048,0.0359414981665015));
#2936=CARTESIAN_POINT('',(-0.0300897799924834,-0.003048,0.0359414981665015));
#2937=CARTESIAN_POINT('',(-0.0301358691569817,-0.003048,0.0361848842321954));
#2938=CARTESIAN_POINT('',(-0.0299026468224123,-0.003048,0.0358698311398478));
#2939=CARTESIAN_POINT('',(-0.0297155136523412,-0.003048,0.0357981641131941));
#2940=CARTESIAN_POINT('',(-0.0297155136523412,-0.003048,0.0357981641131941));
#2941=CARTESIAN_POINT('',(-0.0299026468224123,-0.003048,0.0358698311398478));
#2942=CARTESIAN_POINT('',(-0.0295872058154322,-0.003048,0.0359717364783892));
#2943=CARTESIAN_POINT('',(-0.0294588979785232,-0.003048,0.0361453088435842));
#2944=CARTESIAN_POINT('',(-0.0294588979785232,-0.003048,0.0361453088435842));
#2945=CARTESIAN_POINT('',(-0.0295872058154322,-0.003048,0.0359717364783892));
#2946=CARTESIAN_POINT('',(-0.029424237232807,-0.003048,0.0361196869924128));
#2947=CARTESIAN_POINT('',(-0.0293895764870907,-0.003048,0.0360940651412414));
#2948=CARTESIAN_POINT('',(-0.0293895764870907,-0.003048,0.0360940651412414));
#2949=CARTESIAN_POINT('',(-0.029424237232807,-0.003048,0.0361196869924128));
#2950=CARTESIAN_POINT('',(-0.0295266414530835,-0.003048,0.0356355279231805));
#2951=CARTESIAN_POINT('',(-0.0296637064190762,-0.003048,0.0351769907051198));
#2952=CARTESIAN_POINT('',(-0.0296637064190762,-0.003048,0.0351769907051198));
#2953=CARTESIAN_POINT('',(-0.0295266414530835,-0.003048,0.0356355279231805));
#2954=CARTESIAN_POINT('',(-0.0297412298428424,-0.003048,0.0352001638413966));
#2955=CARTESIAN_POINT('',(-0.0298187532666085,-0.003048,0.0352233369776735));
#2956=CARTESIAN_POINT('',(-0.0298187532666085,-0.003048,0.0352233369776735));
#2957=CARTESIAN_POINT('',(-0.0297412298428424,-0.003048,0.0352001638413966));
#2958=CARTESIAN_POINT('',(-0.0298187532666085,-0.003048,0.0353980299220584));
#2959=CARTESIAN_POINT('',(-0.0298187532666085,-0.003048,0.0355727228664433));
#2960=CARTESIAN_POINT('',(-0.0298187532666085,-0.003048,0.0355727228664433));
#2961=CARTESIAN_POINT('',(-0.0298187532666085,-0.003048,0.0353980299220584));
#2962=CARTESIAN_POINT('',(-0.030025359725014,-0.003048,0.0356334066086662));
#2963=CARTESIAN_POINT('',(-0.0302319661834195,-0.003048,0.0356940903508891));
#2964=CARTESIAN_POINT('',(-0.0302319661834195,-0.003048,0.0356940903508891));
#2965=CARTESIAN_POINT('',(-0.030025359725014,-0.003048,0.0356334066086662));
#2966=CARTESIAN_POINT('',(-0.0304093968133698,-0.003048,0.0354716067969173));
#2967=CARTESIAN_POINT('',(-0.0305868274433202,-0.003048,0.0352491232429455));
#2968=CARTESIAN_POINT('',(-0.0305868274433202,-0.003048,0.0352491232429455));
#2969=CARTESIAN_POINT('',(-0.0304093968133698,-0.003048,0.0354716067969173));
#2970=CARTESIAN_POINT('',(-0.0305455783908571,-0.003048,0.0349739606376588));
#2971=CARTESIAN_POINT('',(-0.030504329338394,-0.003048,0.0346987980323722));
#2972=CARTESIAN_POINT('',(-0.030504329338394,-0.003048,0.0346987980323722));
#2973=CARTESIAN_POINT('',(-0.0305455783908571,-0.003048,0.0349739606376588));
#2974=CARTESIAN_POINT('',(-0.0303077621239244,-0.003048,0.0346381364613493));
#2975=CARTESIAN_POINT('',(-0.030111194909455,-0.003048,0.0345774748903265));
#2976=CARTESIAN_POINT('',(-0.030111194909455,-0.003048,0.0345774748903265));
#2977=CARTESIAN_POINT('',(-0.0303077621239244,-0.003048,0.0346381364613493));
#2978=CARTESIAN_POINT('',(-0.0299921516574483,-0.003048,0.034751897337911));
#2979=CARTESIAN_POINT('',(-0.0298731084054416,-0.003048,0.0349263197854955));
#2980=CARTESIAN_POINT('',(-0.0298731084054416,-0.003048,0.0349263197854955));
#2981=CARTESIAN_POINT('',(-0.0299921516574483,-0.003048,0.034751897337911));
#2982=CARTESIAN_POINT('',(-0.0298103816095971,-0.003048,0.0349112347407797));
#2983=CARTESIAN_POINT('',(-0.0297476548137526,-0.003048,0.0348961496960639));
#2984=CARTESIAN_POINT('',(-0.0297476548137526,-0.003048,0.0348961496960639));
#2985=CARTESIAN_POINT('',(-0.0298103816095971,-0.003048,0.0349112347407797));
#2986=CARTESIAN_POINT('',(-0.0298906111197145,-0.003048,0.0344179035857961));
#2987=CARTESIAN_POINT('',(-0.0300335674256764,-0.003048,0.0339396574755284));
#2988=CARTESIAN_POINT('',(-0.0300335674256764,-0.003048,0.0339396574755284));
#2989=CARTESIAN_POINT('',(-0.0298906111197145,-0.003048,0.0344179035857961));
#2990=CARTESIAN_POINT('',(-0.0301082603354754,-0.003048,0.0339619845206149));
#2991=CARTESIAN_POINT('',(-0.0301829532452746,-0.003048,0.0339843115657015));
#2992=CARTESIAN_POINT('',(-0.0301829532452746,-0.003048,0.0339843115657015));
#2993=CARTESIAN_POINT('',(-0.0301082603354754,-0.003048,0.0339619845206149));
#2994=CARTESIAN_POINT('',(-0.0301829532452746,-0.003048,0.0341644317847968));
#2995=CARTESIAN_POINT('',(-0.0301829532452746,-0.003048,0.0343445520038923));
#2996=CARTESIAN_POINT('',(-0.0301829532452746,-0.003048,0.0343445520038923));
#2997=CARTESIAN_POINT('',(-0.0301829532452746,-0.003048,0.0341644317847968));
#2998=CARTESIAN_POINT('',(-0.0304195606525561,-0.003048,0.0343810897447075));
#2999=CARTESIAN_POINT('',(-0.0306561680598376,-0.003048,0.0344176274855228));
#3000=CARTESIAN_POINT('',(-0.0306561680598376,-0.003048,0.0344176274855228));
#3001=CARTESIAN_POINT('',(-0.0304195606525561,-0.003048,0.0343810897447075));
#3002=CARTESIAN_POINT('',(-0.0307880814555689,-0.003048,0.0342231408079366));
#3003=CARTESIAN_POINT('',(-0.0309199948513003,-0.003048,0.0340286541303503));
#3004=CARTESIAN_POINT('',(-0.0309199948513003,-0.003048,0.0340286541303503));
#3005=CARTESIAN_POINT('',(-0.0307880814555689,-0.003048,0.0342231408079366));
#3006=CARTESIAN_POINT('',(-0.0308946902611858,-0.003048,0.0337706803391412));
#3007=CARTESIAN_POINT('',(-0.0308693856710712,-0.003048,0.033512706547932));
#3008=CARTESIAN_POINT('',(-0.0308693856710712,-0.003048,0.033512706547932));
#3009=CARTESIAN_POINT('',(-0.0308946902611858,-0.003048,0.0337706803391412));
#3010=CARTESIAN_POINT('',(-0.0306589935702797,-0.003048,0.0334498165904666));
#3011=CARTESIAN_POINT('',(-0.0304486014694882,-0.003048,0.0333869266330012));
#3012=CARTESIAN_POINT('',(-0.0304486014694882,-0.003048,0.0333869266330012));
#3013=CARTESIAN_POINT('',(-0.0306589935702797,-0.003048,0.0334498165904666));
#3014=CARTESIAN_POINT('',(-0.0303489280700478,-0.003048,0.0335622905737595));
#3015=CARTESIAN_POINT('',(-0.0302492546706074,-0.003048,0.0337376545145176));
#3016=CARTESIAN_POINT('',(-0.0302492546706074,-0.003048,0.0337376545145176));
#3017=CARTESIAN_POINT('',(-0.0303489280700478,-0.003048,0.0335622905737595));
#3018=CARTESIAN_POINT('',(-0.030177971482556,-0.003048,0.0337163466961743));
#3019=CARTESIAN_POINT('',(-0.0301066882945044,-0.003048,0.0336950388778309));
#3020=CARTESIAN_POINT('',(-0.0301066882945044,-0.003048,0.0336950388778309));
#3021=CARTESIAN_POINT('',(-0.030177971482556,-0.003048,0.0337163466961743));
#3022=CARTESIAN_POINT('',(-0.030259262644123,-0.003048,0.033184616558642));
#3023=CARTESIAN_POINT('',(-0.0304118369937416,-0.003048,0.0326741942394533));
#3024=CARTESIAN_POINT('',(-0.0304118369937416,-0.003048,0.0326741942394533));
#3025=CARTESIAN_POINT('',(-0.030259262644123,-0.003048,0.033184616558642));
#3026=CARTESIAN_POINT('',(-0.0305017930040868,-0.003048,0.03270108369796));
#3027=CARTESIAN_POINT('',(-0.0305917490144321,-0.003048,0.0327279731564666));
#3028=CARTESIAN_POINT('',(-0.0305917490144321,-0.003048,0.0327279731564666));
#3029=CARTESIAN_POINT('',(-0.0305017930040868,-0.003048,0.03270108369796));
#3030=CARTESIAN_POINT('',(-0.0305917490144321,-0.003048,0.0329098166047123));
#3031=CARTESIAN_POINT('',(-0.0305917490144321,-0.003048,0.033091660052958));
#3032=CARTESIAN_POINT('',(-0.0305917490144321,-0.003048,0.033091660052958));
#3033=CARTESIAN_POINT('',(-0.0305917490144321,-0.003048,0.0329098166047123));
#3034=CARTESIAN_POINT('',(-0.0308076854725738,-0.003048,0.0331538839496007));
#3035=CARTESIAN_POINT('',(-0.0310236219307156,-0.003048,0.0332161078462434));
#3036=CARTESIAN_POINT('',(-0.0310236219307156,-0.003048,0.0332161078462434));
#3037=CARTESIAN_POINT('',(-0.0308076854725738,-0.003048,0.0331538839496007));
#3038=CARTESIAN_POINT('',(-0.0311649821948772,-0.003048,0.0330071350275404));
#3039=CARTESIAN_POINT('',(-0.0313063424590387,-0.003048,0.0327981622088373));
#3040=CARTESIAN_POINT('',(-0.0313063424590387,-0.003048,0.0327981622088373));
#3041=CARTESIAN_POINT('',(-0.0311649821948772,-0.003048,0.0330071350275404));
#3042=CARTESIAN_POINT('',(-0.0312779964291476,-0.003048,0.0325527970037237));
#3043=CARTESIAN_POINT('',(-0.0312496503992565,-0.003048,0.03230743179861));
#3044=CARTESIAN_POINT('',(-0.0312496503992565,-0.003048,0.03230743179861));
#3045=CARTESIAN_POINT('',(-0.0312779964291476,-0.003048,0.0325527970037237));
#3046=CARTESIAN_POINT('',(-0.0310732369615973,-0.003048,0.0322247088797193));
#3047=CARTESIAN_POINT('',(-0.0308968235239383,-0.003048,0.0321419859608287));
#3048=CARTESIAN_POINT('',(-0.0308968235239383,-0.003048,0.0321419859608287));
#3049=CARTESIAN_POINT('',(-0.0310732369615973,-0.003048,0.0322247088797193));
#3050=CARTESIAN_POINT('',(-0.0307744867149226,-0.003048,0.0323046841848281));
#3051=CARTESIAN_POINT('',(-0.030652149905907,-0.003048,0.0324673824088276));
#3052=CARTESIAN_POINT('',(-0.030652149905907,-0.003048,0.0324673824088276));
#3053=CARTESIAN_POINT('',(-0.0307744867149226,-0.003048,0.0323046841848281));
#3054=CARTESIAN_POINT('',(-0.0305702235958221,-0.003048,0.0324428931711749));
#3055=CARTESIAN_POINT('',(-0.0304882972857371,-0.003048,0.0324184039335221));
#3056=CARTESIAN_POINT('',(-0.0304882972857371,-0.003048,0.0324184039335221));
#3057=CARTESIAN_POINT('',(-0.0305702235958221,-0.003048,0.0324428931711749));
#3058=CARTESIAN_POINT('',(-0.0305851056494249,-0.003048,0.032094541176552));
#3059=CARTESIAN_POINT('',(-0.0306819140131128,-0.003048,0.0317706784195818));
#3060=CARTESIAN_POINT('',(-0.0306819140131128,-0.003048,0.0317706784195818));
#3061=CARTESIAN_POINT('',(-0.0305851056494249,-0.003048,0.032094541176552));
#3062=CARTESIAN_POINT('',(-0.028367197060159,-0.003048,0.0371697414550987));
#3063=CARTESIAN_POINT('',(-0.028367197060159,-0.003048,0.0371697414550987));
#3064=CARTESIAN_POINT('',(-0.028367197060159,-0.003048,0.0368286659924767));
#3065=CARTESIAN_POINT('',(-0.0287556399578382,-0.003048,0.0359496084516615));
#3066=CARTESIAN_POINT('',(-0.0287556399578382,-0.003048,0.0359496084516615));
#3067=CARTESIAN_POINT('',(-0.0287556399578382,-0.003048,0.0356085329890395));
#3068=CARTESIAN_POINT('',(-0.0291450252294684,-0.003048,0.0346480292524776));
#3069=CARTESIAN_POINT('',(-0.0291450252294684,-0.003048,0.0346480292524776));
#3070=CARTESIAN_POINT('',(-0.0291450252294684,-0.003048,0.0343069537898556));
#3071=CARTESIAN_POINT('',(-0.0295613911207025,-0.003048,0.0334522706320267));
#3072=CARTESIAN_POINT('',(-0.0295613911207025,-0.003048,0.0334522706320267));
#3073=CARTESIAN_POINT('',(-0.0295613911207025,-0.003048,0.0331111951694047));
#3074=CARTESIAN_POINT('',(-0.0298970524128636,-0.003048,0.0322395600245259));
#3075=CARTESIAN_POINT('',(-0.0298970524128636,-0.003048,0.0322395600245259));
#3076=CARTESIAN_POINT('',(-0.0298970524128636,-0.003048,0.0318984845619039));
#3077=CARTESIAN_POINT('',(-0.0306819140131128,-0.003048,0.0317706784195818));
#3078=CARTESIAN_POINT('',(-0.0306819140131128,-0.00254,0.0317706784195818));
#3079=CARTESIAN_POINT('',(-0.0307169026992828,-0.003048,0.031747019694223));
#3080=CARTESIAN_POINT('',(-0.0307169026992828,-0.00254,0.031747019694223));
#3081=CARTESIAN_POINT('',(-0.0307199031597402,-0.003048,0.0314875223055813));
#3082=CARTESIAN_POINT('',(-0.0307199031597402,-0.00254,0.0314875223055813));
#3083=CARTESIAN_POINT('',(-0.0306779431013371,-0.003048,0.0311801873729775));
#3084=CARTESIAN_POINT('',(-0.0306779431013371,-0.00254,0.0311801873729775));
#3085=CARTESIAN_POINT('',(-0.0306301756194331,-0.003048,0.0310612793877646));
#3086=CARTESIAN_POINT('',(-0.0306301756194331,-0.00254,0.0310612793877646));
#3087=CARTESIAN_POINT('',(-0.0305317122131256,-0.003048,0.0309619197934445));
#3088=CARTESIAN_POINT('',(-0.0305317122131256,-0.00254,0.0309619197934445));
#3089=CARTESIAN_POINT('',(-0.0302928286798965,-0.003048,0.0307598371038276));
#3090=CARTESIAN_POINT('',(-0.0302928286798965,-0.00254,0.0307598371038276));
#3091=CARTESIAN_POINT('',(-0.0300785442187208,-0.003048,0.0306275789047853));
#3092=CARTESIAN_POINT('',(-0.0300785442187208,-0.00254,0.0306275789047853));
#3093=CARTESIAN_POINT('',(-0.0299970454751471,-0.003048,0.0306367374259146));
#3094=CARTESIAN_POINT('',(-0.0299970454751471,-0.00254,0.0306367374259146));
#3095=CARTESIAN_POINT('',(-0.0306819140131128,-0.003048,0.0317706784195818));
#3096=CARTESIAN_POINT('',(-0.0307312551171679,-0.003048,0.031737314845309));
#3097=CARTESIAN_POINT('',(-0.0307035101005868,-0.003048,0.0311562626756423));
#3098=CARTESIAN_POINT('',(-0.0305682863837511,-0.003048,0.0309767479659869));
#3099=CARTESIAN_POINT('',(-0.0301191770999614,-0.003048,0.0306230127349884));
#3100=CARTESIAN_POINT('',(-0.0299970454751471,-0.003048,0.0306367374259146));
#3101=CARTESIAN_POINT('',(-0.0280070488253304,-0.003048,0.0383727999347285));
#3102=CARTESIAN_POINT('',(-0.0280070488253304,-0.003048,0.0383727999347285));
#3103=CARTESIAN_POINT('',(-0.0280070488253304,-0.003048,0.0380317244721065));
#3104=CARTESIAN_POINT('',(-0.0286819621218565,-0.003048,0.0140036631421904));
#3105=CARTESIAN_POINT('',(-0.0265564935308117,-0.003048,0.0326678466019627));
#3106=CARTESIAN_POINT('',(-0.0265564935308117,-0.003048,0.0326678466019627));
#3107=MECHANICAL_DESIGN_GEOMETRIC_PRESENTATION_REPRESENTATION('',(#1714),
#3108);
#3108=(
GEOMETRIC_REPRESENTATION_CONTEXT(3)
GLOBAL_UNCERTAINTY_ASSIGNED_CONTEXT((#3109))
GLOBAL_UNIT_ASSIGNED_CONTEXT((#3112,#3111,#3110))
REPRESENTATION_CONTEXT('Part 1','TOP_LEVEL_ASSEMBLY_PART')
);
#3109=UNCERTAINTY_MEASURE_WITH_UNIT(LENGTH_MEASURE(2.E-5),#3112,
'DISTANCE_ACCURACY_VALUE','Maximum Tolerance applied to model');
#3110=(
NAMED_UNIT(*)
SI_UNIT($,.STERADIAN.)
SOLID_ANGLE_UNIT()
);
#3111=(
NAMED_UNIT(*)
PLANE_ANGLE_UNIT()
SI_UNIT($,.RADIAN.)
);
#3112=(
LENGTH_UNIT()
NAMED_UNIT(*)
SI_UNIT($,.METRE.)
);
#3113=PRODUCT_DEFINITION_SHAPE('','',#3114);
#3114=PRODUCT_DEFINITION('','',#3116,#3115);
#3115=PRODUCT_DEFINITION_CONTEXT('',#3122,'design');
#3116=PRODUCT_DEFINITION_FORMATION_WITH_SPECIFIED_SOURCE('','',#3118,
 .NOT_KNOWN.);
#3117=PRODUCT_RELATED_PRODUCT_CATEGORY('','',(#3118));
#3118=PRODUCT('Part 1','Part 1','Part 1',(#3120));
#3119=PRODUCT_CATEGORY('','');
#3120=PRODUCT_CONTEXT('',#3122,'mechanical');
#3121=APPLICATION_PROTOCOL_DEFINITION('international standard',
'ap242_managed_model_based_3d_engineering',2020,#3122);
#3122=APPLICATION_CONTEXT('managed model based 3d engineering');
ENDSEC;
END-ISO-10303-21;
