ISO-10303-21;
HEADER;
/* Generated by software containing ST-Developer
 * from STEP Tools, Inc. (www.steptools.com) 
 */
/* OPTION: using custom renumber hook */

FILE_DESCRIPTION(
/* description */ ('STEP AP242 Edition 2',
'CAx-IF Rec.Pracs.---Representation and Presentation of Product Manufa
cturing Information (PMI)---4.0---2014-10-13',
'CAx-IF Rec.Pracs.---3D Tessellated Geometry---0.4---2014-09-14','2;1',
'CAx-IF Rec.Pracs.---User Defined Attributes---1.5---2016-08-15'),
/* implementation_level */ '2;1');

FILE_NAME(
/* name */ 'Lamp 2',
/* time_stamp */ '2026-09-08T02:25:25Z',
/* author */ (''),
/* organization */ (''),
/* preprocessor_version */ 'ST-DEVELOPER v20',
/* originating_system */ 'ONSHAPE BY PTC INC, 1.220',
/* authorisation */ '  ');

FILE_SCHEMA (('AP242_MANAGED_MODEL_BASED_3D_ENGINEERING_MIM_LF { 1 0 10303 442 3 1 4 }'));
ENDSEC;

DATA;
#10=CONICAL_SURFACE('',#495,0.00697592893581018,0.269714085961464);
#11=VERTEX_LOOP('',#259);
#12=VERTEX_LOOP('',#260);
#13=VERTEX_LOOP('',#265);
#14=DEGENERATE_TOROIDAL_SURFACE('',#489,0.000175528194355184,0.00874999353523887,
 .T.);
#15=DEGENERATE_TOROIDAL_SURFACE('',#491,3.62692318631527E-5,0.0268002595607848,
 .F.);
#16=DEGENERATE_TOROIDAL_SURFACE('',#500,4.12447541625576E-5,0.00201581198144185,
 .F.);
#17=TOROIDAL_SURFACE('',#486,0.00254,0.000583840335643385);
#18=SHAPE_REPRESENTATION_RELATIONSHIP('','',#463,#22);
#19=SHAPE_REPRESENTATION_RELATIONSHIP('','',#464,#23);
#20=SHAPE_REPRESENTATION_RELATIONSHIP('','',#465,#24);
#21=SHAPE_REPRESENTATION_RELATIONSHIP('','',#466,#25);
#22=ADVANCED_BREP_SHAPE_REPRESENTATION('',(#455),#1366);
#23=ADVANCED_BREP_SHAPE_REPRESENTATION('',(#456),#1367);
#24=ADVANCED_BREP_SHAPE_REPRESENTATION('',(#457),#1368);
#25=ADVANCED_BREP_SHAPE_REPRESENTATION('',(#458),#1369);
#26=(
BOUNDED_SURFACE()
B_SPLINE_SURFACE(3,2,((#927,#928,#929),(#930,#931,#932),(#933,#934,#935),
(#936,#937,#938),(#939,#940,#941),(#942,#943,#944),(#945,#946,#947),(#948,
#949,#950),(#951,#952,#953),(#954,#955,#956),(#957,#958,#959),(#960,#961,
#962),(#963,#964,#965),(#966,#967,#968),(#969,#970,#971),(#972,#973,#974),
(#975,#976,#977),(#978,#979,#980),(#981,#982,#983),(#984,#985,#986),(#987,
#988,#989),(#990,#991,#992),(#993,#994,#995),(#996,#997,#998),(#999,#1000,
#1001),(#1002,#1003,#1004),(#1005,#1006,#1007),(#1008,#1009,#1010)),
 .UNSPECIFIED.,.F.,.F.,.F.)
B_SPLINE_SURFACE_WITH_KNOTS((4,1,1,1,1,1,1,1,1,1,1,1,1,1,1,1,1,1,1,1,1,
1,1,1,1,4),(3,3),(0.000152356908857691,0.00111946639614205,0.00208657588342641,
0.0025701306270686,0.00305368537071078,0.00353724011435296,0.00377901748617405,
0.00389990617208459,0.00402079485799514,0.00414168354390568,0.00426257222981623,
0.00450434960163732,0.00474612697345841,0.0049879043452795,0.00547145908892168,
0.00595501383256386,0.00643856857620604,0.00668034594802713,0.00692212331984822,
0.00716390069166931,0.0074056780634904,0.00752656674940095,0.0076474554353115,
0.00776834412122204,0.00782878846417731,0.00788923280713259),(0.,1.),
 .UNSPECIFIED.)
GEOMETRIC_REPRESENTATION_ITEM()
RATIONAL_B_SPLINE_SURFACE(((1.,0.70710678118655,1.),(1.,0.70710678118655,
1.),(1.,0.70710678118654,1.),(1.,0.707106781186554,1.),(1.,0.707106781186545,
1.),(1.,0.707106781186555,1.),(1.,0.707106781186537,1.),(1.,0.707106781186556,
1.),(1.,0.70710678118654,1.),(1.,0.70710678118656,1.),(1.,0.70710678118654,
1.),(1.,0.707106781186557,1.),(1.,0.70710678118654,1.),(1.,0.707106781186553,
1.),(1.,0.707106781186544,1.),(1.,0.707106781186553,1.),(1.,0.707106781186532,
1.),(1.,0.707106781186592,1.),(1.,0.707106781186529,1.),(1.,0.70710678118659,
1.),(1.,0.707106781186506,1.),(1.,0.707106781186559,1.),(1.,0.707106781186541,
1.),(1.,0.707106781186552,1.),(1.,0.707106781186538,1.),(1.,0.707106781186557,
1.),(1.,0.70710678118655,1.),(1.,0.70710678118655,1.)))
REPRESENTATION_ITEM('')
SURFACE()
);
#27=(
BOUNDED_SURFACE()
B_SPLINE_SURFACE(3,2,((#1011,#1012,#1013),(#1014,#1015,#1016),(#1017,#1018,
#1019),(#1020,#1021,#1022),(#1023,#1024,#1025),(#1026,#1027,#1028),(#1029,
#1030,#1031),(#1032,#1033,#1034),(#1035,#1036,#1037),(#1038,#1039,#1040),
(#1041,#1042,#1043),(#1044,#1045,#1046),(#1047,#1048,#1049),(#1050,#1051,
#1052),(#1053,#1054,#1055),(#1056,#1057,#1058),(#1059,#1060,#1061),(#1062,
#1063,#1064),(#1065,#1066,#1067),(#1068,#1069,#1070),(#1071,#1072,#1073),
(#1074,#1075,#1076),(#1077,#1078,#1079),(#1080,#1081,#1082),(#1083,#1084,
#1085),(#1086,#1087,#1088),(#1089,#1090,#1091),(#1092,#1093,#1094)),
 .UNSPECIFIED.,.F.,.F.,.F.)
B_SPLINE_SURFACE_WITH_KNOTS((4,1,1,1,1,1,1,1,1,1,1,1,1,1,1,1,1,1,1,1,1,
1,1,1,1,4),(3,3),(0.000152356908857691,0.00111946639614205,0.00208657588342641,
0.0025701306270686,0.00305368537071078,0.00353724011435296,0.00377901748617405,
0.00389990617208459,0.00402079485799514,0.00414168354390568,0.00426257222981623,
0.00450434960163732,0.00474612697345841,0.0049879043452795,0.00547145908892168,
0.00595501383256386,0.00643856857620604,0.00668034594802713,0.00692212331984822,
0.00716390069166931,0.0074056780634904,0.00752656674940095,0.0076474554353115,
0.00776834412122204,0.00782878846417731,0.00788923280713259),(0.,1.),
 .UNSPECIFIED.)
GEOMETRIC_REPRESENTATION_ITEM()
RATIONAL_B_SPLINE_SURFACE(((1.,0.707106781186548,1.),(1.,0.707106781186548,
1.),(1.,0.707106781186554,1.),(1.,0.707106781186542,1.),(1.,0.70710678118655,
1.),(1.,0.70710678118654,1.),(1.,0.707106781186557,1.),(1.,0.707106781186541,
1.),(1.,0.707106781186552,1.),(1.,0.707106781186548,1.),(1.,0.707106781186552,
1.),(1.,0.707106781186541,1.),(1.,0.70710678118655,1.),(1.,0.707106781186547,
1.),(1.,0.707106781186548,1.),(1.,0.707106781186549,1.),(1.,0.707106781186541,
1.),(1.,0.70710678118658,1.),(1.,0.707106781186537,1.),(1.,0.707106781186582,
1.),(1.,0.707106781186518,1.),(1.,0.70710678118655,1.),(1.,0.70710678118655,
1.),(1.,0.70710678118655,1.),(1.,0.707106781186548,1.),(1.,0.707106781186552,
1.),(1.,0.707106781186548,1.),(1.,0.707106781186548,1.)))
REPRESENTATION_ITEM('')
SURFACE()
);
#28=PLANE('',#471);
#29=PLANE('',#472);
#30=PLANE('',#473);
#31=PLANE('',#475);
#32=PLANE('',#477);
#33=PLANE('',#478);
#34=PLANE('',#479);
#35=PLANE('',#481);
#36=PLANE('',#483);
#37=PLANE('',#488);
#38=PLANE('',#493);
#39=PLANE('',#499);
#40=CIRCLE('',#469,0.00378324273730546);
#41=CIRCLE('',#470,0.00378324273730546);
#42=CIRCLE('',#474,0.0268002595607583);
#43=CIRCLE('',#476,0.0268002595607583);
#44=CIRCLE('',#484,0.000330648374151018);
#45=CIRCLE('',#485,0.00254);
#46=CIRCLE('',#487,0.00254);
#47=CIRCLE('',#492,0.00697592893581018);
#48=CIRCLE('',#494,0.00418686125593886);
#49=CIRCLE('',#497,0.000507346967377578);
#50=CIRCLE('',#498,0.000330648374151018);
#51=CIRCLE('',#501,0.000291909707171467);
#52=CYLINDRICAL_SURFACE('',#468,0.00378324273730546);
#53=CYLINDRICAL_SURFACE('',#480,0.0268002595607583);
#54=B_SPLINE_CURVE_WITH_KNOTS('',3,(#606,#607,#608,#609),.UNSPECIFIED.,
 .F.,.F.,(4,4),(0.,2.85583917697092E-5),.UNSPECIFIED.);
#55=B_SPLINE_CURVE_WITH_KNOTS('',3,(#611,#612,#613,#614),.UNSPECIFIED.,
 .F.,.F.,(4,4),(0.0716603494756684,0.147626588370238),
 .PIECEWISE_BEZIER_KNOTS.);
#56=B_SPLINE_CURVE_WITH_KNOTS('',3,(#616,#617,#618,#619),.UNSPECIFIED.,
 .F.,.F.,(4,4),(0.,3.05742161668154E-5),.UNSPECIFIED.);
#57=B_SPLINE_CURVE_WITH_KNOTS('',3,(#623,#624,#625,#626),.UNSPECIFIED.,
 .F.,.F.,(4,4),(0.0716603494756684,0.147626588370238),
 .PIECEWISE_BEZIER_KNOTS.);
#58=B_SPLINE_CURVE_WITH_KNOTS('',3,(#664,#665,#666,#667,#668,#669,#670,
#671,#672),.UNSPECIFIED.,.F.,.F.,(4,1,1,1,1,1,4),(0.440751887990734,0.482791405806373,
0.517226921123426,0.606058227908022,0.694685366944717,0.768619865616434,
0.842539401799715),.UNSPECIFIED.);
#59=B_SPLINE_CURVE_WITH_KNOTS('',3,(#676,#677,#678,#679,#680,#681,#682,
#683,#684),.UNSPECIFIED.,.F.,.F.,(4,1,1,1,1,1,4),(0.440751887990734,0.482791405806373,
0.517226921123426,0.606058227908022,0.694685366944717,0.768619865616434,
0.842539401799715),.UNSPECIFIED.);
#60=B_SPLINE_CURVE_WITH_KNOTS('',3,(#699,#700,#701,#702,#703,#704),
 .UNSPECIFIED.,.F.,.F.,(4,1,1,4),(0.147626588370238,0.16331208185415,0.296747264967291,
0.335809359848542),.UNSPECIFIED.);
#61=B_SPLINE_CURVE_WITH_KNOTS('',3,(#710,#711,#712,#713,#714,#715),
 .UNSPECIFIED.,.F.,.F.,(4,1,1,4),(0.147626588370238,0.16331208185415,0.296747264967291,
0.335809359848542),.UNSPECIFIED.);
#62=B_SPLINE_CURVE_WITH_KNOTS('',3,(#726,#727,#728,#729),.UNSPECIFIED.,
 .F.,.F.,(4,4),(0.0716603494756684,0.147626588370238),
 .PIECEWISE_BEZIER_KNOTS.);
#63=B_SPLINE_CURVE_WITH_KNOTS('',3,(#732,#733,#734,#735),.UNSPECIFIED.,
 .F.,.F.,(4,4),(0.,2.85591330427376E-5),.UNSPECIFIED.);
#64=B_SPLINE_CURVE_WITH_KNOTS('',3,(#739,#740,#741,#742),.UNSPECIFIED.,
 .F.,.F.,(4,4),(0.0716603494756684,0.147626588370238),
 .PIECEWISE_BEZIER_KNOTS.);
#65=B_SPLINE_CURVE_WITH_KNOTS('',3,(#743,#744,#745,#746),.UNSPECIFIED.,
 .F.,.F.,(4,4),(0.,3.06192103113738E-5),.UNSPECIFIED.);
#66=B_SPLINE_CURVE_WITH_KNOTS('',3,(#755,#756,#757,#758),.UNSPECIFIED.,
 .F.,.F.,(4,4),(0.,0.0716603494756684),.PIECEWISE_BEZIER_KNOTS.);
#67=B_SPLINE_CURVE_WITH_KNOTS('',3,(#762,#763,#764,#765),.UNSPECIFIED.,
 .F.,.F.,(4,4),(0.,0.0716603494756684),.PIECEWISE_BEZIER_KNOTS.);
#68=B_SPLINE_CURVE_WITH_KNOTS('',3,(#820,#821,#822,#823,#824,#825,#826,
#827,#828,#829,#830,#831,#832,#833,#834,#835,#836,#837,#838,#839,#840,#841,
#842,#843,#844,#845),.UNSPECIFIED.,.F.,.F.,(4,1,1,1,1,1,1,1,1,1,1,1,1,1,
1,1,1,1,1,1,1,1,1,4),(-5.99999999577271E-8,0.000481180386685792,0.000962420773371542,
0.00192490154674304,0.00240614193342879,0.00288738232011454,0.00336862270680029,
0.00360924290014317,0.0037295529968146,0.00384986309348604,0.00409048328682892,
0.00433110348017179,0.00481234386685754,0.00529358425354329,0.00577482464022904,
0.00625606502691479,0.00649668522025767,0.00673730541360054,0.00697792560694342,
0.00721854580028629,0.00733885589695773,0.00745916599362917,0.0075794760903006,
0.00769978618697204),.UNSPECIFIED.);
#69=B_SPLINE_CURVE_WITH_KNOTS('',3,(#846,#847,#848,#849,#850,#851,#852,
#853,#854,#855,#856,#857,#858,#859,#860,#861,#862,#863,#864,#865,#866,#867,
#868,#869,#870,#871),.UNSPECIFIED.,.F.,.F.,(4,1,1,1,1,1,1,1,1,1,1,1,1,1,
1,1,1,1,1,1,1,1,1,4),(-5.99999653542168E-8,0.000123964883479251,0.000247989766923856,
0.000372014650368462,0.000496039533813067,0.000744089300702278,0.000992139067591488,
0.0012401888344807,0.00148823860136991,0.00198433813514833,0.00248043766892675,
0.00297653720270517,0.00347263673648359,0.0037206865033728,0.00396873627026202,
0.00409276115370662,0.00421678603715123,0.00446483580404044,0.00496093533781886,
0.00545703487159728,0.0059531344053757,0.00694533347293254,0.00744143300671096,
0.00793753254048938),.UNSPECIFIED.);
#70=B_SPLINE_CURVE_WITH_KNOTS('',3,(#873,#874,#875,#876,#877,#878,#879,
#880,#881,#882,#883,#884,#885,#886,#887,#888,#889,#890,#891,#892,#893,#894,
#895,#896,#897,#898,#899),.UNSPECIFIED.,.F.,.F.,(4,1,1,1,1,1,1,1,1,1,1,
1,1,1,1,1,1,1,1,1,1,1,1,1,4),(0.,0.000955821066171062,0.00191164213234212,
0.00238955266542765,0.00286746319851319,0.00334537373159872,0.00358432899814148,
0.00370380663141287,0.00382328426468425,0.00394276189795563,0.00406223953122701,
0.00430119479776978,0.00454015006431254,0.00477910533085531,0.00525701586394084,
0.00573492639702637,0.0062128369301119,0.00645179219665467,0.00669074746319743,
0.0069297027297402,0.00716865799628296,0.00728813562955435,0.00740761326282573,
0.00752709089609711,0.0076465685293685),.UNSPECIFIED.);
#71=B_SPLINE_CURVE_WITH_KNOTS('',3,(#901,#902,#903,#904,#905,#906,#907,
#908,#909,#910,#911,#912,#913,#914,#915,#916,#917,#918,#919,#920,#921,#922,
#923,#924,#925,#926),.UNSPECIFIED.,.F.,.F.,(4,1,1,1,1,1,1,1,1,1,1,1,1,1,
1,1,1,1,1,1,1,1,1,4),(0.,0.000122743327591258,0.000245486655182515,0.000368229982773773,
0.000490973310365031,0.000736459965547546,0.000981946620730062,0.00122743327591258,
0.00147291993109509,0.00196389324146012,0.00245486655182515,0.00294583986219019,
0.0031913265173727,0.00343681317255522,0.00368229982773773,0.00392778648292025,
0.0040505298105115,0.00417327313810276,0.00441875979328528,0.00490973310365031,
0.00540070641401534,0.00589167972438037,0.00687362634511043,0.00785557296584049),
 .UNSPECIFIED.);
#72=ORIENTED_EDGE('',*,*,#176,.F.);
#73=ORIENTED_EDGE('',*,*,#177,.T.);
#74=ORIENTED_EDGE('',*,*,#178,.T.);
#75=ORIENTED_EDGE('',*,*,#179,.T.);
#76=ORIENTED_EDGE('',*,*,#180,.T.);
#77=ORIENTED_EDGE('',*,*,#181,.F.);
#78=ORIENTED_EDGE('',*,*,#182,.F.);
#79=ORIENTED_EDGE('',*,*,#183,.F.);
#80=ORIENTED_EDGE('',*,*,#184,.T.);
#81=ORIENTED_EDGE('',*,*,#185,.T.);
#82=ORIENTED_EDGE('',*,*,#186,.T.);
#83=ORIENTED_EDGE('',*,*,#187,.F.);
#84=ORIENTED_EDGE('',*,*,#188,.F.);
#85=ORIENTED_EDGE('',*,*,#183,.T.);
#86=ORIENTED_EDGE('',*,*,#189,.F.);
#87=ORIENTED_EDGE('',*,*,#190,.F.);
#88=ORIENTED_EDGE('',*,*,#191,.T.);
#89=ORIENTED_EDGE('',*,*,#187,.T.);
#90=ORIENTED_EDGE('',*,*,#192,.F.);
#91=ORIENTED_EDGE('',*,*,#180,.F.);
#92=ORIENTED_EDGE('',*,*,#193,.F.);
#93=ORIENTED_EDGE('',*,*,#194,.F.);
#94=ORIENTED_EDGE('',*,*,#195,.T.);
#95=ORIENTED_EDGE('',*,*,#196,.T.);
#96=ORIENTED_EDGE('',*,*,#197,.F.);
#97=ORIENTED_EDGE('',*,*,#198,.T.);
#98=ORIENTED_EDGE('',*,*,#199,.F.);
#99=ORIENTED_EDGE('',*,*,#200,.T.);
#100=ORIENTED_EDGE('',*,*,#194,.T.);
#101=ORIENTED_EDGE('',*,*,#201,.T.);
#102=ORIENTED_EDGE('',*,*,#202,.F.);
#103=ORIENTED_EDGE('',*,*,#203,.F.);
#104=ORIENTED_EDGE('',*,*,#204,.T.);
#105=ORIENTED_EDGE('',*,*,#199,.T.);
#106=ORIENTED_EDGE('',*,*,#205,.T.);
#107=ORIENTED_EDGE('',*,*,#176,.T.);
#108=ORIENTED_EDGE('',*,*,#206,.T.);
#109=ORIENTED_EDGE('',*,*,#185,.F.);
#110=ORIENTED_EDGE('',*,*,#207,.F.);
#111=ORIENTED_EDGE('',*,*,#203,.T.);
#112=ORIENTED_EDGE('',*,*,#184,.F.);
#113=ORIENTED_EDGE('',*,*,#188,.T.);
#114=ORIENTED_EDGE('',*,*,#191,.F.);
#115=ORIENTED_EDGE('',*,*,#208,.T.);
#116=ORIENTED_EDGE('',*,*,#209,.F.);
#117=ORIENTED_EDGE('',*,*,#210,.F.);
#118=ORIENTED_EDGE('',*,*,#195,.F.);
#119=ORIENTED_EDGE('',*,*,#200,.F.);
#120=ORIENTED_EDGE('',*,*,#204,.F.);
#121=ORIENTED_EDGE('',*,*,#207,.T.);
#122=ORIENTED_EDGE('',*,*,#182,.T.);
#123=ORIENTED_EDGE('',*,*,#206,.F.);
#124=ORIENTED_EDGE('',*,*,#202,.T.);
#125=ORIENTED_EDGE('',*,*,#181,.T.);
#126=ORIENTED_EDGE('',*,*,#192,.T.);
#127=ORIENTED_EDGE('',*,*,#211,.T.);
#128=ORIENTED_EDGE('',*,*,#212,.T.);
#129=ORIENTED_EDGE('',*,*,#213,.F.);
#130=ORIENTED_EDGE('',*,*,#189,.T.);
#131=ORIENTED_EDGE('',*,*,#186,.F.);
#132=ORIENTED_EDGE('',*,*,#193,.T.);
#133=ORIENTED_EDGE('',*,*,#214,.T.);
#134=ORIENTED_EDGE('',*,*,#205,.F.);
#135=ORIENTED_EDGE('',*,*,#215,.T.);
#136=ORIENTED_EDGE('',*,*,#197,.T.);
#137=ORIENTED_EDGE('',*,*,#216,.T.);
#138=ORIENTED_EDGE('',*,*,#178,.F.);
#139=ORIENTED_EDGE('',*,*,#217,.T.);
#140=ORIENTED_EDGE('',*,*,#179,.F.);
#141=ORIENTED_EDGE('',*,*,#217,.F.);
#142=ORIENTED_EDGE('',*,*,#177,.F.);
#143=ORIENTED_EDGE('',*,*,#214,.F.);
#144=ORIENTED_EDGE('',*,*,#201,.F.);
#145=ORIENTED_EDGE('',*,*,#215,.F.);
#146=ORIENTED_EDGE('',*,*,#198,.F.);
#147=ORIENTED_EDGE('',*,*,#216,.F.);
#148=ORIENTED_EDGE('',*,*,#213,.T.);
#149=ORIENTED_EDGE('',*,*,#218,.F.);
#150=ORIENTED_EDGE('',*,*,#208,.F.);
#151=ORIENTED_EDGE('',*,*,#190,.T.);
#152=ORIENTED_EDGE('',*,*,#212,.F.);
#153=ORIENTED_EDGE('',*,*,#219,.F.);
#154=ORIENTED_EDGE('',*,*,#209,.T.);
#155=ORIENTED_EDGE('',*,*,#218,.T.);
#156=ORIENTED_EDGE('',*,*,#211,.F.);
#157=ORIENTED_EDGE('',*,*,#196,.F.);
#158=ORIENTED_EDGE('',*,*,#210,.T.);
#159=ORIENTED_EDGE('',*,*,#219,.T.);
#160=ORIENTED_EDGE('',*,*,#220,.F.);
#161=ORIENTED_EDGE('',*,*,#221,.T.);
#162=ORIENTED_EDGE('',*,*,#222,.T.);
#163=ORIENTED_EDGE('',*,*,#221,.F.);
#164=ORIENTED_EDGE('',*,*,#222,.F.);
#165=ORIENTED_EDGE('',*,*,#220,.T.);
#166=ORIENTED_EDGE('',*,*,#223,.T.);
#167=ORIENTED_EDGE('',*,*,#224,.F.);
#168=ORIENTED_EDGE('',*,*,#224,.T.);
#169=ORIENTED_EDGE('',*,*,#223,.F.);
#170=ORIENTED_EDGE('',*,*,#225,.T.);
#171=ORIENTED_EDGE('',*,*,#226,.F.);
#172=ORIENTED_EDGE('',*,*,#226,.T.);
#173=ORIENTED_EDGE('',*,*,#227,.F.);
#174=ORIENTED_EDGE('',*,*,#225,.F.);
#175=ORIENTED_EDGE('',*,*,#227,.T.);
#176=EDGE_CURVE('',#228,#229,#267,.T.);
#177=EDGE_CURVE('',#228,#230,#54,.T.);
#178=EDGE_CURVE('',#230,#231,#55,.T.);
#179=EDGE_CURVE('',#231,#232,#56,.T.);
#180=EDGE_CURVE('',#232,#233,#268,.T.);
#181=EDGE_CURVE('',#229,#233,#57,.T.);
#182=EDGE_CURVE('',#234,#235,#40,.F.);
#183=EDGE_CURVE('',#236,#234,#269,.T.);
#184=EDGE_CURVE('',#236,#237,#41,.F.);
#185=EDGE_CURVE('',#237,#235,#270,.T.);
#186=EDGE_CURVE('',#234,#238,#271,.F.);
#187=EDGE_CURVE('',#239,#238,#272,.T.);
#188=EDGE_CURVE('',#236,#239,#273,.T.);
#189=EDGE_CURVE('',#240,#238,#58,.T.);
#190=EDGE_CURVE('',#241,#240,#274,.T.);
#191=EDGE_CURVE('',#241,#239,#59,.T.);
#192=EDGE_CURVE('',#233,#242,#60,.T.);
#193=EDGE_CURVE('',#243,#232,#275,.T.);
#194=EDGE_CURVE('',#244,#243,#276,.T.);
#195=EDGE_CURVE('',#244,#245,#61,.T.);
#196=EDGE_CURVE('',#245,#242,#277,.T.);
#197=EDGE_CURVE('',#246,#247,#62,.T.);
#198=EDGE_CURVE('',#246,#248,#63,.T.);
#199=EDGE_CURVE('',#249,#248,#278,.T.);
#200=EDGE_CURVE('',#249,#244,#64,.T.);
#201=EDGE_CURVE('',#243,#247,#65,.T.);
#202=EDGE_CURVE('',#250,#229,#66,.T.);
#203=EDGE_CURVE('',#251,#250,#279,.T.);
#204=EDGE_CURVE('',#251,#249,#67,.T.);
#205=EDGE_CURVE('',#248,#228,#280,.T.);
#206=EDGE_CURVE('',#250,#235,#281,.F.);
#207=EDGE_CURVE('',#251,#237,#282,.T.);
#208=EDGE_CURVE('',#241,#252,#283,.T.);
#209=EDGE_CURVE('',#253,#252,#42,.T.);
#210=EDGE_CURVE('',#245,#253,#284,.T.);
#211=EDGE_CURVE('',#242,#254,#285,.T.);
#212=EDGE_CURVE('',#254,#255,#43,.T.);
#213=EDGE_CURVE('',#240,#255,#286,.T.);
#214=EDGE_CURVE('',#232,#228,#68,.T.);
#215=EDGE_CURVE('',#248,#243,#69,.T.);
#216=EDGE_CURVE('',#247,#246,#70,.T.);
#217=EDGE_CURVE('',#230,#231,#71,.T.);
#218=EDGE_CURVE('',#252,#255,#287,.T.);
#219=EDGE_CURVE('',#253,#254,#288,.T.);
#220=EDGE_CURVE('',#256,#256,#44,.T.);
#221=EDGE_CURVE('',#257,#257,#45,.T.);
#222=EDGE_CURVE('',#258,#258,#46,.T.);
#223=EDGE_CURVE('',#261,#261,#47,.T.);
#224=EDGE_CURVE('',#262,#262,#48,.T.);
#225=EDGE_CURVE('',#263,#263,#49,.T.);
#226=EDGE_CURVE('',#264,#264,#50,.T.);
#227=EDGE_CURVE('',#266,#266,#51,.T.);
#228=VERTEX_POINT('',#604);
#229=VERTEX_POINT('',#605);
#230=VERTEX_POINT('',#610);
#231=VERTEX_POINT('',#615);
#232=VERTEX_POINT('',#620);
#233=VERTEX_POINT('',#622);
#234=VERTEX_POINT('',#629);
#235=VERTEX_POINT('',#630);
#236=VERTEX_POINT('',#632);
#237=VERTEX_POINT('',#634);
#238=VERTEX_POINT('',#638);
#239=VERTEX_POINT('',#640);
#240=VERTEX_POINT('',#673);
#241=VERTEX_POINT('',#675);
#242=VERTEX_POINT('',#705);
#243=VERTEX_POINT('',#707);
#244=VERTEX_POINT('',#709);
#245=VERTEX_POINT('',#716);
#246=VERTEX_POINT('',#730);
#247=VERTEX_POINT('',#731);
#248=VERTEX_POINT('',#736);
#249=VERTEX_POINT('',#738);
#250=VERTEX_POINT('',#759);
#251=VERTEX_POINT('',#761);
#252=VERTEX_POINT('',#772);
#253=VERTEX_POINT('',#774);
#254=VERTEX_POINT('',#778);
#255=VERTEX_POINT('',#780);
#256=VERTEX_POINT('',#1103);
#257=VERTEX_POINT('',#1105);
#258=VERTEX_POINT('',#1108);
#259=VERTEX_POINT('',#1111);
#260=VERTEX_POINT('',#1114);
#261=VERTEX_POINT('',#1116);
#262=VERTEX_POINT('',#1119);
#263=VERTEX_POINT('',#1310);
#264=VERTEX_POINT('',#1312);
#265=VERTEX_POINT('',#1315);
#266=VERTEX_POINT('',#1317);
#267=LINE('',#603,#289);
#268=LINE('',#621,#290);
#269=LINE('',#631,#291);
#270=LINE('',#635,#292);
#271=LINE('',#637,#293);
#272=LINE('',#639,#294);
#273=LINE('',#641,#295);
#274=LINE('',#674,#296);
#275=LINE('',#706,#297);
#276=LINE('',#708,#298);
#277=LINE('',#717,#299);
#278=LINE('',#737,#300);
#279=LINE('',#760,#301);
#280=LINE('',#766,#302);
#281=LINE('',#768,#303);
#282=LINE('',#769,#304);
#283=LINE('',#771,#305);
#284=LINE('',#775,#306);
#285=LINE('',#777,#307);
#286=LINE('',#781,#308);
#287=LINE('',#1096,#309);
#288=LINE('',#1098,#310);
#289=VECTOR('',#504,1.);
#290=VECTOR('',#505,1.);
#291=VECTOR('',#510,1.);
#292=VECTOR('',#513,1.);
#293=VECTOR('',#516,1.);
#294=VECTOR('',#517,1.);
#295=VECTOR('',#518,1.);
#296=VECTOR('',#519,1.);
#297=VECTOR('',#520,1.);
#298=VECTOR('',#521,1.);
#299=VECTOR('',#522,1.);
#300=VECTOR('',#523,1.);
#301=VECTOR('',#524,1.);
#302=VECTOR('',#525,1.);
#303=VECTOR('',#528,1.);
#304=VECTOR('',#529,1.);
#305=VECTOR('',#532,1.);
#306=VECTOR('',#535,1.);
#307=VECTOR('',#538,1.);
#308=VECTOR('',#541,1.);
#309=VECTOR('',#548,1.);
#310=VECTOR('',#551,1.);
#311=EDGE_LOOP('',(#72,#73,#74,#75,#76,#77));
#312=EDGE_LOOP('',(#78,#79,#80,#81));
#313=EDGE_LOOP('',(#82,#83,#84,#85));
#314=EDGE_LOOP('',(#86,#87,#88,#89));
#315=EDGE_LOOP('',(#90,#91,#92,#93,#94,#95));
#316=EDGE_LOOP('',(#96,#97,#98,#99,#100,#101));
#317=EDGE_LOOP('',(#102,#103,#104,#105,#106,#107));
#318=EDGE_LOOP('',(#108,#109,#110,#111));
#319=EDGE_LOOP('',(#112,#113,#114,#115,#116,#117,#118,#119,#120,#121));
#320=EDGE_LOOP('',(#122,#123,#124,#125,#126,#127,#128,#129,#130,#131));
#321=EDGE_LOOP('',(#132,#133,#134,#135));
#322=EDGE_LOOP('',(#136,#137));
#323=EDGE_LOOP('',(#138,#139));
#324=EDGE_LOOP('',(#140,#141,#142,#143));
#325=EDGE_LOOP('',(#144,#145,#146,#147));
#326=EDGE_LOOP('',(#148,#149,#150,#151));
#327=EDGE_LOOP('',(#152,#153,#154,#155));
#328=EDGE_LOOP('',(#156,#157,#158,#159));
#329=EDGE_LOOP('',(#160));
#330=EDGE_LOOP('',(#161));
#331=EDGE_LOOP('',(#162));
#332=EDGE_LOOP('',(#163));
#333=EDGE_LOOP('',(#164));
#334=EDGE_LOOP('',(#165));
#335=EDGE_LOOP('',(#166));
#336=EDGE_LOOP('',(#167));
#337=EDGE_LOOP('',(#168));
#338=EDGE_LOOP('',(#169));
#339=EDGE_LOOP('',(#170));
#340=EDGE_LOOP('',(#171));
#341=EDGE_LOOP('',(#172));
#342=EDGE_LOOP('',(#173));
#343=EDGE_LOOP('',(#174));
#344=EDGE_LOOP('',(#175));
#345=FACE_BOUND('',#311,.T.);
#346=FACE_BOUND('',#312,.T.);
#347=FACE_BOUND('',#313,.T.);
#348=FACE_BOUND('',#314,.T.);
#349=FACE_BOUND('',#315,.T.);
#350=FACE_BOUND('',#316,.T.);
#351=FACE_BOUND('',#317,.T.);
#352=FACE_BOUND('',#318,.T.);
#353=FACE_BOUND('',#319,.T.);
#354=FACE_BOUND('',#320,.T.);
#355=FACE_BOUND('',#321,.T.);
#356=FACE_BOUND('',#322,.T.);
#357=FACE_BOUND('',#323,.T.);
#358=FACE_BOUND('',#324,.T.);
#359=FACE_BOUND('',#325,.T.);
#360=FACE_BOUND('',#326,.T.);
#361=FACE_BOUND('',#327,.T.);
#362=FACE_BOUND('',#328,.T.);
#363=FACE_BOUND('',#329,.T.);
#364=FACE_BOUND('',#330,.T.);
#365=FACE_BOUND('',#331,.T.);
#366=FACE_BOUND('',#332,.T.);
#367=FACE_BOUND('',#333,.T.);
#368=FACE_BOUND('',#11,.T.);
#369=FACE_BOUND('',#334,.T.);
#370=FACE_BOUND('',#12,.T.);
#371=FACE_BOUND('',#335,.T.);
#372=FACE_BOUND('',#336,.T.);
#373=FACE_BOUND('',#337,.T.);
#374=FACE_BOUND('',#338,.T.);
#375=FACE_BOUND('',#339,.T.);
#376=FACE_BOUND('',#340,.T.);
#377=FACE_BOUND('',#341,.T.);
#378=FACE_BOUND('',#13,.T.);
#379=FACE_BOUND('',#342,.T.);
#380=FACE_BOUND('',#343,.T.);
#381=FACE_BOUND('',#344,.T.);
#382=B_SPLINE_SURFACE_WITH_KNOTS('',3,1,((#595,#596),(#597,#598),(#599,
#600),(#601,#602)),.SURF_OF_LINEAR_EXTRUSION.,.F.,.F.,.F.,(4,4),(2,2),(0.0716603494756684,
0.147626588370238),(0.,1.),.PIECEWISE_BEZIER_KNOTS.);
#383=B_SPLINE_SURFACE_WITH_KNOTS('',3,1,((#642,#643),(#644,#645),(#646,
#647),(#648,#649),(#650,#651),(#652,#653),(#654,#655),(#656,#657),(#658,
#659),(#660,#661),(#662,#663)),.SURF_OF_LINEAR_EXTRUSION.,.F.,.F.,.F.,(4,
1,1,1,1,1,1,1,4),(2,2),(0.440751887990734,0.490975327216856,0.541198766442979,
0.591422205669102,0.641645644895224,0.691869084121347,0.74209252334747,
0.792315962573592,0.842539401799715),(0.,1.),.UNSPECIFIED.);
#384=B_SPLINE_SURFACE_WITH_KNOTS('',3,1,((#685,#686),(#687,#688),(#689,
#690),(#691,#692),(#693,#694),(#695,#696),(#697,#698)),
 .SURF_OF_LINEAR_EXTRUSION.,.F.,.F.,.F.,(4,1,1,1,4),(2,2),(0.147626588370238,
0.194672281239814,0.24171797410939,0.288763666978966,0.335809359848542),
(0.,1.),.UNSPECIFIED.);
#385=B_SPLINE_SURFACE_WITH_KNOTS('',3,1,((#718,#719),(#720,#721),(#722,
#723),(#724,#725)),.SURF_OF_LINEAR_EXTRUSION.,.F.,.F.,.F.,(4,4),(2,2),(0.0716603494697597,
0.147626588370238),(0.,1.),.PIECEWISE_BEZIER_KNOTS.);
#386=B_SPLINE_SURFACE_WITH_KNOTS('',3,1,((#747,#748),(#749,#750),(#751,
#752),(#753,#754)),.SURF_OF_LINEAR_EXTRUSION.,.F.,.F.,.F.,(4,4),(2,2),(0.,
0.0716603494756684),(0.,1.),.PIECEWISE_BEZIER_KNOTS.);
#387=B_SPLINE_SURFACE_WITH_KNOTS('',3,1,((#782,#783),(#784,#785),(#786,
#787),(#788,#789),(#790,#791),(#792,#793),(#794,#795),(#796,#797),(#798,
#799),(#800,#801),(#802,#803),(#804,#805),(#806,#807),(#808,#809),(#810,
#811),(#812,#813),(#814,#815),(#816,#817),(#818,#819)),
 .SURF_OF_LINEAR_EXTRUSION.,.F.,.F.,.F.,(4,1,1,1,1,1,1,1,1,1,1,1,1,1,1,
1,4),(2,2),(0.,0.0542190121333807,0.108438024266761,0.162657036400142,0.216876048533523,
0.271095060666904,0.325314072800284,0.379533084933665,0.433752097067046,
0.487971109200427,0.542190121333807,0.650628145600569,0.70484715773395,
0.75906616986733,0.813285182000711,0.840394688067402,0.867504194134092),
(0.,1.),.UNSPECIFIED.);
#388=B_SPLINE_SURFACE_WITH_KNOTS('',3,3,((#1122,#1123,#1124,#1125,#1126,
#1127,#1128,#1129,#1130,#1131,#1132),(#1133,#1134,#1135,#1136,#1137,#1138,
#1139,#1140,#1141,#1142,#1143),(#1144,#1145,#1146,#1147,#1148,#1149,#1150,
#1151,#1152,#1153,#1154),(#1155,#1156,#1157,#1158,#1159,#1160,#1161,#1162,
#1163,#1164,#1165),(#1166,#1167,#1168,#1169,#1170,#1171,#1172,#1173,#1174,
#1175,#1176),(#1177,#1178,#1179,#1180,#1181,#1182,#1183,#1184,#1185,#1186,
#1187),(#1188,#1189,#1190,#1191,#1192,#1193,#1194,#1195,#1196,#1197,#1198),
(#1199,#1200,#1201,#1202,#1203,#1204,#1205,#1206,#1207,#1208,#1209),(#1210,
#1211,#1212,#1213,#1214,#1215,#1216,#1217,#1218,#1219,#1220),(#1221,#1222,
#1223,#1224,#1225,#1226,#1227,#1228,#1229,#1230,#1231),(#1232,#1233,#1234,
#1235,#1236,#1237,#1238,#1239,#1240,#1241,#1242),(#1243,#1244,#1245,#1246,
#1247,#1248,#1249,#1250,#1251,#1252,#1253),(#1254,#1255,#1256,#1257,#1258,
#1259,#1260,#1261,#1262,#1263,#1264),(#1265,#1266,#1267,#1268,#1269,#1270,
#1271,#1272,#1273,#1274,#1275),(#1276,#1277,#1278,#1279,#1280,#1281,#1282,
#1283,#1284,#1285,#1286),(#1287,#1288,#1289,#1290,#1291,#1292,#1293,#1294,
#1295,#1296,#1297),(#1298,#1299,#1300,#1301,#1302,#1303,#1304,#1305,#1306,
#1307,#1308)),.UNSPECIFIED.,.F.,.T.,.F.,(4,1,1,1,1,1,1,1,1,1,1,1,1,1,4),
(1,1,1,1,1,1,1,1,1,1,1,1,1,1,1),(0.,0.0554333580780751,0.0831500371171126,
0.11086671615615,0.138583395195188,0.166300074234225,0.194016753273263,
0.2217334323123,0.249450111351338,0.277166790390375,0.304883469429413,0.33260014846845,
0.360316827507488,0.388033506546525,0.4434668646246),(-2.35619449019234,
-1.5707963267949,-0.785398163397448,0.,0.785398163397448,1.5707963267949,
2.35619449019234,3.14159265358979,3.92699081698724,4.71238898038469,5.49778714378214,
6.28318530717959,7.06858347057703,7.85398163397448,8.63937979737193),
 .UNSPECIFIED.);
#389=B_SPLINE_SURFACE_WITH_KNOTS('',3,3,((#1318,#1319,#1320,#1321,#1322,
#1323,#1324,#1325,#1326,#1327,#1328),(#1329,#1330,#1331,#1332,#1333,#1334,
#1335,#1336,#1337,#1338,#1339),(#1340,#1341,#1342,#1343,#1344,#1345,#1346,
#1347,#1348,#1349,#1350),(#1351,#1352,#1353,#1354,#1355,#1356,#1357,#1358,
#1359,#1360,#1361)),.UNSPECIFIED.,.F.,.T.,.F.,(4,4),(1,1,1,1,1,1,1,1,1,
1,1,1,1,1,1),(0.960605378484809,1.),(-2.35619449019234,-1.5707963267949,
-0.785398163397448,0.,0.785398163397448,1.5707963267949,2.35619449019234,
3.14159265358979,3.92699081698724,4.71238898038469,5.49778714378214,6.28318530717959,
7.06858347057703,7.85398163397448,8.63937979737193),.UNSPECIFIED.);
#390=ADVANCED_FACE('',(#345),#382,.T.);
#391=ADVANCED_FACE('',(#346),#52,.F.);
#392=ADVANCED_FACE('',(#347),#28,.F.);
#393=ADVANCED_FACE('',(#348),#383,.T.);
#394=ADVANCED_FACE('',(#349),#384,.T.);
#395=ADVANCED_FACE('',(#350),#385,.T.);
#396=ADVANCED_FACE('',(#351),#386,.T.);
#397=ADVANCED_FACE('',(#352),#29,.F.);
#398=ADVANCED_FACE('',(#353),#30,.T.);
#399=ADVANCED_FACE('',(#354),#31,.F.);
#400=ADVANCED_FACE('',(#355),#387,.F.);
#401=ADVANCED_FACE('',(#356),#32,.T.);
#402=ADVANCED_FACE('',(#357),#33,.F.);
#403=ADVANCED_FACE('',(#358),#26,.T.);
#404=ADVANCED_FACE('',(#359),#27,.T.);
#405=ADVANCED_FACE('',(#360),#34,.F.);
#406=ADVANCED_FACE('',(#361),#53,.F.);
#407=ADVANCED_FACE('',(#362),#35,.T.);
#408=ADVANCED_FACE('',(#363,#364),#36,.F.);
#409=ADVANCED_FACE('',(#365,#366),#17,.T.);
#410=ADVANCED_FACE('',(#367),#37,.T.);
#411=ADVANCED_FACE('',(#368,#369),#14,.F.);
#412=ADVANCED_FACE('',(#370,#371),#15,.F.);
#413=ADVANCED_FACE('',(#372),#38,.T.);
#414=ADVANCED_FACE('',(#373,#374),#10,.T.);
#415=ADVANCED_FACE('',(#375,#376),#388,.T.);
#416=ADVANCED_FACE('',(#377),#39,.F.);
#417=ADVANCED_FACE('',(#378,#379),#16,.T.);
#418=ADVANCED_FACE('',(#380,#381),#389,.F.);
#419=CLOSED_SHELL('',(#390,#391,#392,#393,#394,#395,#396,#397,#398,#399,
#400,#401,#402,#403,#404,#405,#406,#407));
#420=CLOSED_SHELL('',(#408,#409,#410,#411));
#421=CLOSED_SHELL('',(#412,#413,#414));
#422=CLOSED_SHELL('',(#415,#416,#417,#418));
#423=STYLED_ITEM('',(#427),#455);
#424=STYLED_ITEM('',(#428),#456);
#425=STYLED_ITEM('',(#429),#457);
#426=STYLED_ITEM('',(#430),#458);
#427=PRESENTATION_STYLE_ASSIGNMENT((#431));
#428=PRESENTATION_STYLE_ASSIGNMENT((#432));
#429=PRESENTATION_STYLE_ASSIGNMENT((#433));
#430=PRESENTATION_STYLE_ASSIGNMENT((#434));
#431=SURFACE_STYLE_USAGE(.BOTH.,#435);
#432=SURFACE_STYLE_USAGE(.BOTH.,#436);
#433=SURFACE_STYLE_USAGE(.BOTH.,#437);
#434=SURFACE_STYLE_USAGE(.BOTH.,#438);
#435=SURFACE_SIDE_STYLE('',(#439));
#436=SURFACE_SIDE_STYLE('',(#440));
#437=SURFACE_SIDE_STYLE('',(#441));
#438=SURFACE_SIDE_STYLE('',(#442));
#439=SURFACE_STYLE_FILL_AREA(#443);
#440=SURFACE_STYLE_FILL_AREA(#444);
#441=SURFACE_STYLE_FILL_AREA(#445);
#442=SURFACE_STYLE_FILL_AREA(#446);
#443=FILL_AREA_STYLE('',(#447));
#444=FILL_AREA_STYLE('',(#448));
#445=FILL_AREA_STYLE('',(#449));
#446=FILL_AREA_STYLE('',(#450));
#447=FILL_AREA_STYLE_COLOUR('',#451);
#448=FILL_AREA_STYLE_COLOUR('',#452);
#449=FILL_AREA_STYLE_COLOUR('',#453);
#450=FILL_AREA_STYLE_COLOUR('',#454);
#451=COLOUR_RGB('',0.231372549019608,0.380392156862745,0.705882352941177);
#452=COLOUR_RGB('',0.615686274509804,0.811764705882353,0.929411764705882);
#453=COLOUR_RGB('',0.917647058823529,0.917647058823529,0.917647058823529);
#454=COLOUR_RGB('',0.647058823529412,0.647058823529412,0.647058823529412);
#455=MANIFOLD_SOLID_BREP('Part 3',#419);
#456=MANIFOLD_SOLID_BREP('Part 1',#420);
#457=MANIFOLD_SOLID_BREP('Part 4',#421);
#458=MANIFOLD_SOLID_BREP('Part 2',#422);
#459=SHAPE_DEFINITION_REPRESENTATION(#1386,#463);
#460=SHAPE_DEFINITION_REPRESENTATION(#1387,#464);
#461=SHAPE_DEFINITION_REPRESENTATION(#1388,#465);
#462=SHAPE_DEFINITION_REPRESENTATION(#1389,#466);
#463=SHAPE_REPRESENTATION('Part 3',(#467),#1366);
#464=SHAPE_REPRESENTATION('Part 1',(#482),#1367);
#465=SHAPE_REPRESENTATION('Part 4',(#490),#1368);
#466=SHAPE_REPRESENTATION('Part 2',(#496),#1369);
#467=AXIS2_PLACEMENT_3D('',#594,#502,#503);
#468=AXIS2_PLACEMENT_3D('',#627,#506,#507);
#469=AXIS2_PLACEMENT_3D('',#628,#508,#509);
#470=AXIS2_PLACEMENT_3D('',#633,#511,#512);
#471=AXIS2_PLACEMENT_3D('',#636,#514,#515);
#472=AXIS2_PLACEMENT_3D('',#767,#526,#527);
#473=AXIS2_PLACEMENT_3D('',#770,#530,#531);
#474=AXIS2_PLACEMENT_3D('',#773,#533,#534);
#475=AXIS2_PLACEMENT_3D('',#776,#536,#537);
#476=AXIS2_PLACEMENT_3D('',#779,#539,#540);
#477=AXIS2_PLACEMENT_3D('',#872,#542,#543);
#478=AXIS2_PLACEMENT_3D('',#900,#544,#545);
#479=AXIS2_PLACEMENT_3D('',#1095,#546,#547);
#480=AXIS2_PLACEMENT_3D('',#1097,#549,#550);
#481=AXIS2_PLACEMENT_3D('',#1099,#552,#553);
#482=AXIS2_PLACEMENT_3D('',#1100,#554,#555);
#483=AXIS2_PLACEMENT_3D('',#1101,#556,#557);
#484=AXIS2_PLACEMENT_3D('',#1102,#558,#559);
#485=AXIS2_PLACEMENT_3D('',#1104,#560,#561);
#486=AXIS2_PLACEMENT_3D('',#1106,#562,#563);
#487=AXIS2_PLACEMENT_3D('',#1107,#564,#565);
#488=AXIS2_PLACEMENT_3D('',#1109,#566,#567);
#489=AXIS2_PLACEMENT_3D('',#1110,#568,#569);
#490=AXIS2_PLACEMENT_3D('',#1112,#570,#571);
#491=AXIS2_PLACEMENT_3D('',#1113,#572,#573);
#492=AXIS2_PLACEMENT_3D('',#1115,#574,#575);
#493=AXIS2_PLACEMENT_3D('',#1117,#576,#577);
#494=AXIS2_PLACEMENT_3D('',#1118,#578,#579);
#495=AXIS2_PLACEMENT_3D('',#1120,#580,#581);
#496=AXIS2_PLACEMENT_3D('',#1121,#582,#583);
#497=AXIS2_PLACEMENT_3D('',#1309,#584,#585);
#498=AXIS2_PLACEMENT_3D('',#1311,#586,#587);
#499=AXIS2_PLACEMENT_3D('',#1313,#588,#589);
#500=AXIS2_PLACEMENT_3D('',#1314,#590,#591);
#501=AXIS2_PLACEMENT_3D('',#1316,#592,#593);
#502=DIRECTION('',(0.,0.,1.));
#503=DIRECTION('',(1.,0.,0.));
#504=DIRECTION('',(0.,1.,0.));
#505=DIRECTION('',(0.,1.,0.));
#506=DIRECTION('',(0.,1.,0.));
#507=DIRECTION('',(-0.00303719730560544,0.,0.999995387705627));
#508=DIRECTION('',(0.,1.,0.));
#509=DIRECTION('',(0.,0.,1.));
#510=DIRECTION('',(0.,1.,0.));
#511=DIRECTION('',(0.,1.,0.));
#512=DIRECTION('',(0.,0.,1.));
#513=DIRECTION('',(0.,1.,0.));
#514=DIRECTION('',(-0.142114995115182,1.18505702055868E-25,0.989850154398842));
#515=DIRECTION('',(-0.989850154398842,-4.8406255818015E-17,-0.142114995115182));
#516=DIRECTION('',(-0.989850154398842,-4.8406255818015E-17,-0.142114995115182));
#517=DIRECTION('',(0.,1.,0.));
#518=DIRECTION('',(0.989850154398842,0.,0.142114995115182));
#519=DIRECTION('',(0.,1.,0.));
#520=DIRECTION('',(0.,1.,0.));
#521=DIRECTION('',(0.,1.,0.));
#522=DIRECTION('',(0.,1.,0.));
#523=DIRECTION('',(0.,1.,0.));
#524=DIRECTION('',(0.,1.,0.));
#525=DIRECTION('',(0.,1.,0.));
#526=DIRECTION('',(0.147482049971681,6.38561461597791E-26,0.989064732429658));
#527=DIRECTION('',(-0.989064732429658,1.93071619866025E-16,0.147482049971681));
#528=DIRECTION('',(-0.989064732429658,1.93071619866025E-16,0.147482049971681));
#529=DIRECTION('',(0.989064732429658,0.,-0.147482049971681));
#530=DIRECTION('',(0.,-1.,0.));
#531=DIRECTION('',(1.,0.,0.));
#532=DIRECTION('',(0.870888325910129,0.,0.49148094957328));
#533=DIRECTION('',(0.,-1.,0.));
#534=DIRECTION('',(0.,0.,-1.));
#535=DIRECTION('',(0.200547084132727,0.,0.979684064913715));
#536=DIRECTION('',(0.,-1.,0.));
#537=DIRECTION('',(1.,0.,0.));
#538=DIRECTION('',(0.200547084132727,0.,0.979684064913715));
#539=DIRECTION('',(0.,-1.,0.));
#540=DIRECTION('',(0.,0.,-1.));
#541=DIRECTION('',(0.870888325910129,0.,0.49148094957328));
#542=DIRECTION('',(0.,-1.,0.));
#543=DIRECTION('',(1.,0.,0.));
#544=DIRECTION('',(0.,-1.,0.));
#545=DIRECTION('',(1.,0.,0.));
#546=DIRECTION('',(-0.49148094957328,0.,0.870888325910129));
#547=DIRECTION('',(0.870888325910129,0.,0.49148094957328));
#548=DIRECTION('',(0.,1.,0.));
#549=DIRECTION('',(0.,1.,0.));
#550=DIRECTION('',(0.,0.,1.));
#551=DIRECTION('',(0.,1.,0.));
#552=DIRECTION('',(-0.979684064913715,0.,0.200547084132727));
#553=DIRECTION('',(0.200547084132727,0.,0.979684064913716));
#554=DIRECTION('',(0.,0.,1.));
#555=DIRECTION('',(1.,0.,0.));
#556=DIRECTION('',(0.,0.,-1.));
#557=DIRECTION('',(-1.,0.,0.));
#558=DIRECTION('',(0.,0.,1.));
#559=DIRECTION('',(1.,0.,0.));
#560=DIRECTION('',(0.,0.,1.));
#561=DIRECTION('',(1.,0.,0.));
#562=DIRECTION('',(0.,0.,1.));
#563=DIRECTION('',(1.,0.,0.));
#564=DIRECTION('',(0.,0.,1.));
#565=DIRECTION('',(1.,0.,0.));
#566=DIRECTION('',(0.,0.,-1.));
#567=DIRECTION('',(-1.,0.,0.));
#568=DIRECTION('',(0.,0.,1.));
#569=DIRECTION('',(-1.,0.,-3.83395915510604E-15));
#570=DIRECTION('',(0.,0.,1.));
#571=DIRECTION('',(1.,0.,0.));
#572=DIRECTION('',(-0.493130025767101,0.,-0.869955618228274));
#573=DIRECTION('',(-0.869955618228274,0.,0.493130025767101));
#574=DIRECTION('',(-0.493130025767101,0.,-0.869955618228274));
#575=DIRECTION('',(-0.869955618228274,0.,0.493130025767101));
#576=DIRECTION('',(0.493130025767101,0.,0.869955618228274));
#577=DIRECTION('',(0.869955618228274,0.,-0.493130025767101));
#578=DIRECTION('',(-0.493130025767101,0.,-0.869955618228274));
#579=DIRECTION('',(-0.869955618228274,0.,0.493130025767101));
#580=DIRECTION('',(-0.493130025767101,0.,-0.869955618228274));
#581=DIRECTION('',(-0.869955618228274,0.,0.493130025767101));
#582=DIRECTION('',(0.,0.,1.));
#583=DIRECTION('',(1.,0.,0.));
#584=DIRECTION('',(0.,0.,-1.));
#585=DIRECTION('',(-1.,0.,0.));
#586=DIRECTION('',(0.,0.,-1.));
#587=DIRECTION('',(-1.,0.,0.));
#588=DIRECTION('',(0.,0.,1.));
#589=DIRECTION('',(1.,0.,0.));
#590=DIRECTION('',(0.,0.,-1.));
#591=DIRECTION('',(-1.,0.,0.));
#592=DIRECTION('',(0.,0.,-1.));
#593=DIRECTION('',(-1.,0.,0.));
#594=CARTESIAN_POINT('',(0.,0.,0.));
#595=CARTESIAN_POINT('',(-0.0155097518469667,0.000616734605999986,0.00613282924070141));
#596=CARTESIAN_POINT('',(-0.0155097518469667,0.000762,0.00613282924070141));
#597=CARTESIAN_POINT('',(-0.0154757160606754,0.000616734605999986,0.00643047013367701));
#598=CARTESIAN_POINT('',(-0.0154757160606754,0.000762,0.00643047013367701));
#599=CARTESIAN_POINT('',(-0.0154683475427341,0.000616734605999986,0.00666433865573229));
#600=CARTESIAN_POINT('',(-0.0154683475427341,0.000762,0.00666433865573229));
#601=CARTESIAN_POINT('',(-0.0154186831463829,0.000616734605999986,0.0070469096025984));
#602=CARTESIAN_POINT('',(-0.0154186831463829,0.000762,0.0070469096025984));
#603=CARTESIAN_POINT('',(-0.0155097518469706,-0.000762,0.00613282924066669));
#604=CARTESIAN_POINT('',(-0.0155097518469706,0.000617601,0.00613282924066669));
#605=CARTESIAN_POINT('',(-0.0155097518469706,0.000762,0.00613282924066669));
#606=CARTESIAN_POINT('',(-0.0155097518469706,0.000617601,0.00613282924066669));
#607=CARTESIAN_POINT('',(-0.0155097518469706,0.000627263634192821,0.00613282924066669));
#608=CARTESIAN_POINT('',(-0.0155086725478187,0.000635000000000003,0.00614226685327508));
#609=CARTESIAN_POINT('',(-0.0155076033167153,0.000635,0.00615184682798184));
#610=CARTESIAN_POINT('',(-0.0155076033167152,0.000635,0.00615184682798184));
#611=CARTESIAN_POINT('',(-0.0155097518469667,0.000635,0.00613282924070141));
#612=CARTESIAN_POINT('',(-0.0154757160606754,0.000635,0.00643047013367701));
#613=CARTESIAN_POINT('',(-0.0154683475427341,0.000635,0.00666433865573229));
#614=CARTESIAN_POINT('',(-0.0154186831463829,0.000635,0.0070469096025984));
#615=CARTESIAN_POINT('',(-0.0154214516351532,0.000635,0.00702539631001718));
#616=CARTESIAN_POINT('',(-0.0154214516351532,0.000635,0.00702539631001718));
#617=CARTESIAN_POINT('',(-0.0154201441172647,0.000635000000000009,0.00703564703101177));
#618=CARTESIAN_POINT('',(-0.0154186831488463,0.000628004140904565,0.00704690958362242));
#619=CARTESIAN_POINT('',(-0.0154186831488463,0.000617600999999986,0.00704690958362241));
#620=CARTESIAN_POINT('',(-0.0154186831488464,0.000617601,0.00704690958362251));
#621=CARTESIAN_POINT('',(-0.0154186831488464,-0.000762,0.00704690958362251));
#622=CARTESIAN_POINT('',(-0.0154186831488464,0.000762,0.00704690958362251));
#623=CARTESIAN_POINT('',(-0.0155097518469667,0.000762,0.00613282924070141));
#624=CARTESIAN_POINT('',(-0.0154757160606754,0.000762,0.00643047013367701));
#625=CARTESIAN_POINT('',(-0.0154683475427341,0.000762,0.00666433865573229));
#626=CARTESIAN_POINT('',(-0.0154186831463829,0.000762,0.0070469096025984));
#627=CARTESIAN_POINT('',(-0.0150248524102124,-0.000762,0.00160843855673415));
#628=CARTESIAN_POINT('',(-0.0150248524102124,0.000762,0.00160843855673415));
#629=CARTESIAN_POINT('',(-0.014726876044538,0.000762,0.00538010328666542));
#630=CARTESIAN_POINT('',(-0.0153107676807785,0.000762,0.00538050835417736));
#631=CARTESIAN_POINT('',(-0.014726846787833,-0.000762,0.00538027790523713));
#632=CARTESIAN_POINT('',(-0.014726876044538,-0.000762,0.00538010328666542));
#633=CARTESIAN_POINT('',(-0.0150248524102124,-0.000762,0.00160843855673415));
#634=CARTESIAN_POINT('',(-0.0153107571114358,-0.000762,0.0053804641379315));
#635=CARTESIAN_POINT('',(-0.015310666202176,-0.000762,0.00538027790523713));
#636=CARTESIAN_POINT('',(-0.0145392218648672,-0.000762000000368062,0.00540709430768375));
#637=CARTESIAN_POINT('',(-0.0145392218648672,0.000762,0.00540709430768375));
#638=CARTESIAN_POINT('',(-0.0143281532392119,0.000762,0.00543719197826062));
#639=CARTESIAN_POINT('',(-0.0143281532392119,-0.000762,0.00543719197826062));
#640=CARTESIAN_POINT('',(-0.0143281532392119,-0.000762,0.00543719197826062));
#641=CARTESIAN_POINT('',(-0.0145392218648672,-0.000762,0.00540709430768375));
#642=CARTESIAN_POINT('',(-0.0133521716622102,-0.000762,0.00904001108736047));
#643=CARTESIAN_POINT('',(-0.0133521716622102,0.000761999999999999,0.00904001108736047));
#644=CARTESIAN_POINT('',(-0.0131959092576529,-0.000762,0.00896478480056109));
#645=CARTESIAN_POINT('',(-0.0131959092576529,0.000761999999999999,0.00896478480056109));
#646=CARTESIAN_POINT('',(-0.0130230895074954,-0.000762,0.00888473858482508));
#647=CARTESIAN_POINT('',(-0.0130230895074954,0.000761999999999999,0.00888473858482508));
#648=CARTESIAN_POINT('',(-0.0133812353503487,-0.000762,0.00865870658003781));
#649=CARTESIAN_POINT('',(-0.0133812353503487,0.000761999999999999,0.00865870658003781));
#650=CARTESIAN_POINT('',(-0.0139032282980972,-0.000762,0.00815219642258522));
#651=CARTESIAN_POINT('',(-0.0139032282980972,0.000761999999999999,0.00815219642258522));
#652=CARTESIAN_POINT('',(-0.0142834137694515,-0.000762,0.00756370833480977));
#653=CARTESIAN_POINT('',(-0.0142834137694515,0.000761999999999999,0.00756370833480977));
#654=CARTESIAN_POINT('',(-0.014458982081006,-0.000762,0.0069734984053799));
#655=CARTESIAN_POINT('',(-0.014458982081006,0.000761999999999999,0.0069734984053799));
#656=CARTESIAN_POINT('',(-0.0145105256535494,-0.000762,0.00650465246402898));
#657=CARTESIAN_POINT('',(-0.0145105256535494,0.000761999999999999,0.00650465246402898));
#658=CARTESIAN_POINT('',(-0.0143603223597362,-0.000762,0.00591062590816722));
#659=CARTESIAN_POINT('',(-0.0143603223597362,0.000761999999999999,0.00591062590816722));
#660=CARTESIAN_POINT('',(-0.0142728732281434,-0.000762,0.0055238510271822));
#661=CARTESIAN_POINT('',(-0.0142728732281434,0.000761999999999999,0.0055238510271822));
#662=CARTESIAN_POINT('',(-0.0143281532392119,-0.000762,0.00543719197826062));
#663=CARTESIAN_POINT('',(-0.0143281532392119,0.000761999999999999,0.00543719197826062));
#664=CARTESIAN_POINT('',(-0.0133521716622102,0.000762,0.00904001108736047));
#665=CARTESIAN_POINT('',(-0.0132213722537761,0.000762,0.00897704294195194));
#666=CARTESIAN_POINT('',(-0.0130608954639879,0.000762,0.00890010481922475));
#667=CARTESIAN_POINT('',(-0.0132740746565929,0.000762,0.00873224624572516));
#668=CARTESIAN_POINT('',(-0.0141167311602454,0.000762,0.00800842451243983));
#669=CARTESIAN_POINT('',(-0.0144944746291966,0.000762,0.00697023042439231));
#670=CARTESIAN_POINT('',(-0.0144964066064267,0.000762,0.00625934845834668));
#671=CARTESIAN_POINT('',(-0.0142467913722957,0.000762,0.00556473793690209));
#672=CARTESIAN_POINT('',(-0.0143281532392119,0.000762,0.00543719197826062));
#673=CARTESIAN_POINT('',(-0.0133521716622102,0.000762,0.00904001108736047));
#674=CARTESIAN_POINT('',(-0.0133521716622102,-0.000762,0.00904001108736047));
#675=CARTESIAN_POINT('',(-0.0133521716622102,-0.000762,0.00904001108736047));
#676=CARTESIAN_POINT('',(-0.0133521716622102,-0.000762,0.00904001108736047));
#677=CARTESIAN_POINT('',(-0.0132213722537761,-0.000762,0.00897704294195194));
#678=CARTESIAN_POINT('',(-0.0130608954639879,-0.000762,0.00890010481922475));
#679=CARTESIAN_POINT('',(-0.0132740746565929,-0.000762,0.00873224624572516));
#680=CARTESIAN_POINT('',(-0.0141167311602454,-0.000762,0.00800842451243983));
#681=CARTESIAN_POINT('',(-0.0144944746291966,-0.000762,0.00697023042439231));
#682=CARTESIAN_POINT('',(-0.0144964066064267,-0.000762,0.00625934845834668));
#683=CARTESIAN_POINT('',(-0.0142467913722957,-0.000762,0.00556473793690209));
#684=CARTESIAN_POINT('',(-0.0143281532392119,-0.000762,0.00543719197826062));
#685=CARTESIAN_POINT('',(-0.0154186831463859,-0.000762,0.00704690960257664));
#686=CARTESIAN_POINT('',(-0.0154186831463859,0.000762,0.00704690960257664));
#687=CARTESIAN_POINT('',(-0.0153879261157463,-0.000762,0.00728383478840888));
#688=CARTESIAN_POINT('',(-0.0153879261157463,0.000762,0.00728383478840888));
#689=CARTESIAN_POINT('',(-0.0152841401131998,-0.000762,0.00791533808392175));
#690=CARTESIAN_POINT('',(-0.0152841401131998,0.000762,0.00791533808392175));
#691=CARTESIAN_POINT('',(-0.0150414897369527,-0.000762,0.00901995457579192));
#692=CARTESIAN_POINT('',(-0.0150414897369527,0.000762,0.00901995457579192));
#693=CARTESIAN_POINT('',(-0.0147767633399317,-0.000762,0.00981087241175005));
#694=CARTESIAN_POINT('',(-0.0147767633399317,0.000762,0.00981087241175005));
#695=CARTESIAN_POINT('',(-0.0146594277356293,-0.000762,0.00977234169527422));
#696=CARTESIAN_POINT('',(-0.0146594277356293,0.000762,0.00977234169527422));
#697=CARTESIAN_POINT('',(-0.0145402287729441,-0.000762,0.00970194876396996));
#698=CARTESIAN_POINT('',(-0.0145402287729441,0.000762,0.00970194876396996));
#699=CARTESIAN_POINT('',(-0.0154186831463859,0.000762,0.00704690960257664));
#700=CARTESIAN_POINT('',(-0.0154084284519759,0.000762,0.00712590277351046));
#701=CARTESIAN_POINT('',(-0.0152937946907572,0.000762,0.00793715587089545));
#702=CARTESIAN_POINT('',(-0.0148742187330676,0.000762,0.00989734464947621));
#703=CARTESIAN_POINT('',(-0.0146391998137801,0.000762,0.00976039609875998));
#704=CARTESIAN_POINT('',(-0.0145402287729441,0.000762,0.00970194876396996));
#705=CARTESIAN_POINT('',(-0.0145402287729441,0.000762,0.00970194876396996));
#706=CARTESIAN_POINT('',(-0.0154186831488464,-0.000635,0.00704690958362251));
#707=CARTESIAN_POINT('',(-0.0154186831488464,-0.000617601,0.00704690958362251));
#708=CARTESIAN_POINT('',(-0.0154186831488464,-0.000762,0.00704690958362251));
#709=CARTESIAN_POINT('',(-0.0154186831488464,-0.000762,0.00704690958362251));
#710=CARTESIAN_POINT('',(-0.0154186831463859,-0.000762,0.00704690960257664));
#711=CARTESIAN_POINT('',(-0.0154084284519759,-0.000762,0.00712590277351046));
#712=CARTESIAN_POINT('',(-0.0152937946907572,-0.000762,0.00793715587089545));
#713=CARTESIAN_POINT('',(-0.0148742187330676,-0.000762,0.00989734464947621));
#714=CARTESIAN_POINT('',(-0.0146391998137801,-0.000762,0.00976039609875998));
#715=CARTESIAN_POINT('',(-0.0145402287729441,-0.000762,0.00970194876396996));
#716=CARTESIAN_POINT('',(-0.0145402287729441,-0.000762,0.00970194876396996));
#717=CARTESIAN_POINT('',(-0.0145402287729441,-0.000762,0.00970194876396996));
#718=CARTESIAN_POINT('',(-0.0155097518469667,-0.000762,0.00613282924070141));
#719=CARTESIAN_POINT('',(-0.0155097518469667,-0.000616734606,0.00613282924070141));
#720=CARTESIAN_POINT('',(-0.0154757160606755,-0.000762,0.00643047013367701));
#721=CARTESIAN_POINT('',(-0.0154757160606755,-0.000616734606,0.00643047013367701));
#722=CARTESIAN_POINT('',(-0.015468347542738,-0.000762,0.00666433865570253));
#723=CARTESIAN_POINT('',(-0.015468347542738,-0.000616734606,0.00666433865570253));
#724=CARTESIAN_POINT('',(-0.0154186831463829,-0.000762,0.0070469096025984));
#725=CARTESIAN_POINT('',(-0.0154186831463829,-0.000616734606,0.0070469096025984));
#726=CARTESIAN_POINT('',(-0.0155097518469667,-0.000635,0.00613282924070141));
#727=CARTESIAN_POINT('',(-0.0154757160606754,-0.000635,0.00643047013367701));
#728=CARTESIAN_POINT('',(-0.0154683475427341,-0.000635,0.00666433865573229));
#729=CARTESIAN_POINT('',(-0.0154186831463829,-0.000635,0.0070469096025984));
#730=CARTESIAN_POINT('',(-0.0155076033167152,-0.000635,0.00615184682798184));
#731=CARTESIAN_POINT('',(-0.0154214516351532,-0.000635,0.00702539631001718));
#732=CARTESIAN_POINT('',(-0.0155076033167152,-0.000635,0.00615184682798184));
#733=CARTESIAN_POINT('',(-0.0155086740856416,-0.000635000000000003,0.00614225307521882));
#734=CARTESIAN_POINT('',(-0.0155097518469667,-0.000627284900189249,0.00613282924070141));
#735=CARTESIAN_POINT('',(-0.0155097518469667,-0.000617601,0.00613282924070141));
#736=CARTESIAN_POINT('',(-0.0155097518469706,-0.000617601,0.00613282924066669));
#737=CARTESIAN_POINT('',(-0.0155097518469706,-0.000762,0.00613282924066669));
#738=CARTESIAN_POINT('',(-0.0155097518469706,-0.000762,0.00613282924066669));
#739=CARTESIAN_POINT('',(-0.0155097518469667,-0.000762,0.00613282924070141));
#740=CARTESIAN_POINT('',(-0.0154757160606754,-0.000762,0.00643047013367701));
#741=CARTESIAN_POINT('',(-0.0154683475427341,-0.000762,0.00666433865573229));
#742=CARTESIAN_POINT('',(-0.0154186831463829,-0.000762,0.0070469096025984));
#743=CARTESIAN_POINT('',(-0.0154186831488464,-0.000617601,0.00704690958362251));
#744=CARTESIAN_POINT('',(-0.0154186831488464,-0.000627971829089882,0.00704690958362251));
#745=CARTESIAN_POINT('',(-0.0154201459254316,-0.000635000000000009,0.00703563285532249));
#746=CARTESIAN_POINT('',(-0.0154214516351532,-0.000635,0.00702539631001718));
#747=CARTESIAN_POINT('',(-0.0155261034623821,-0.000762,0.0054123149360293));
#748=CARTESIAN_POINT('',(-0.0155261034623821,0.000762,0.0054123149360293));
#749=CARTESIAN_POINT('',(-0.0155976948698291,-0.000762,0.00551454117344252));
#750=CARTESIAN_POINT('',(-0.0155976948698291,0.000762,0.00551454117344252));
#751=CARTESIAN_POINT('',(-0.0155418584297853,-0.000762,0.00585205911543498));
#752=CARTESIAN_POINT('',(-0.0155418584297853,0.000762,0.00585205911543498));
#753=CARTESIAN_POINT('',(-0.0155097518469667,-0.000762,0.00613282924070141));
#754=CARTESIAN_POINT('',(-0.0155097518469667,0.000762,0.00613282924070141));
#755=CARTESIAN_POINT('',(-0.0155261034623821,0.000762,0.0054123149360293));
#756=CARTESIAN_POINT('',(-0.0155976948698291,0.000762,0.00551454117344252));
#757=CARTESIAN_POINT('',(-0.0155418584297853,0.000762,0.00585205911543498));
#758=CARTESIAN_POINT('',(-0.0155097518469667,0.000762,0.00613282924070141));
#759=CARTESIAN_POINT('',(-0.0155261034623821,0.000762,0.0054123149360293));
#760=CARTESIAN_POINT('',(-0.0155261034623821,-0.000762,0.0054123149360293));
#761=CARTESIAN_POINT('',(-0.0155261034623821,-0.000762,0.0054123149360293));
#762=CARTESIAN_POINT('',(-0.0155261034623821,-0.000762,0.0054123149360293));
#763=CARTESIAN_POINT('',(-0.0155976948698291,-0.000762,0.00551454117344252));
#764=CARTESIAN_POINT('',(-0.0155418584297853,-0.000762,0.00585205911543498));
#765=CARTESIAN_POINT('',(-0.0155097518469667,-0.000762,0.00613282924070141));
#766=CARTESIAN_POINT('',(-0.0155097518469706,-0.000635,0.00613282924066669));
#767=CARTESIAN_POINT('',(-0.0154139801874564,-0.000762000000368062,0.00539553764566325));
#768=CARTESIAN_POINT('',(-0.0154139801874564,0.000762,0.00539553764566325));
#769=CARTESIAN_POINT('',(-0.0154139801874564,-0.000762,0.00539553764566325));
#770=CARTESIAN_POINT('',(-0.0118634392165479,-0.000762,0.00882910645574431));
#771=CARTESIAN_POINT('',(-0.0131975687348556,-0.000762,0.00912726039806705));
#772=CARTESIAN_POINT('',(-0.0130429657936718,-0.000762,0.00921450970211584));
#773=CARTESIAN_POINT('',(-0.000217390958858335,-0.000762,0.0327465844657363));
#774=CARTESIAN_POINT('',(-0.0144690252256457,-0.000762,0.0100497821964791));
#775=CARTESIAN_POINT('',(-0.0145046269992949,-0.000762,0.00987586548022465));
#776=CARTESIAN_POINT('',(-0.0118634392165479,0.000762,0.00882910645574431));
#777=CARTESIAN_POINT('',(-0.0145046269992949,0.000762,0.00987586548022465));
#778=CARTESIAN_POINT('',(-0.0144690252256457,0.000762,0.0100497821964791));
#779=CARTESIAN_POINT('',(-0.000217390958858335,0.000762,0.0327465844657363));
#780=CARTESIAN_POINT('',(-0.0130429657936718,0.000762,0.00921450970211584));
#781=CARTESIAN_POINT('',(-0.0131975687348556,0.000762,0.00912726039806705));
#782=CARTESIAN_POINT('',(-0.0154186831488464,-0.000617601,0.00704690958362251));
#783=CARTESIAN_POINT('',(-0.0154186831488464,0.000617601,0.00704690958362251));
#784=CARTESIAN_POINT('',(-0.0154967520659926,-0.000617601,0.00712229410810486));
#785=CARTESIAN_POINT('',(-0.0154967520659926,0.000617601,0.00712229410810486));
#786=CARTESIAN_POINT('',(-0.0157101056118299,-0.000617601,0.00737583575729888));
#787=CARTESIAN_POINT('',(-0.0157101056118299,0.000617601,0.00737583575729888));
#788=CARTESIAN_POINT('',(-0.0161788880915084,-0.000617601,0.00772392035554688));
#789=CARTESIAN_POINT('',(-0.0161788880915084,0.000617601,0.00772392035554688));
#790=CARTESIAN_POINT('',(-0.0167488464519896,-0.000617601,0.00784964241342289));
#791=CARTESIAN_POINT('',(-0.0167488464519896,0.000617601,0.00784964241342289));
#792=CARTESIAN_POINT('',(-0.017321620961194,-0.000617601,0.00776493183382967));
#793=CARTESIAN_POINT('',(-0.017321620961194,0.000617601,0.00776493183382967));
#794=CARTESIAN_POINT('',(-0.0178588484898457,-0.000617601,0.00752295826756631));
#795=CARTESIAN_POINT('',(-0.0178588484898457,0.000617601,0.00752295826756631));
#796=CARTESIAN_POINT('',(-0.0184082933154014,-0.000617601,0.00726450820370243));
#797=CARTESIAN_POINT('',(-0.0184082933154014,0.000617601,0.00726450820370243));
#798=CARTESIAN_POINT('',(-0.0187828205860746,-0.000617601,0.00703996683602986));
#799=CARTESIAN_POINT('',(-0.0187828205860746,0.000617601,0.00703996683602986));
#800=CARTESIAN_POINT('',(-0.0187230798434653,-0.000617601,0.00681833468605581));
#801=CARTESIAN_POINT('',(-0.0187230798434653,0.000617601,0.00681833468605581));
#802=CARTESIAN_POINT('',(-0.0184075914505246,-0.000617601,0.00647280571575917));
#803=CARTESIAN_POINT('',(-0.0184075914505246,0.000617601,0.00647280571575917));
#804=CARTESIAN_POINT('',(-0.0178515946181402,-0.000617601,0.00597026363205809));
#805=CARTESIAN_POINT('',(-0.0178515946181402,0.000617601,0.00597026363205809));
#806=CARTESIAN_POINT('',(-0.0171403135711672,-0.000617601,0.0056985636730763));
#807=CARTESIAN_POINT('',(-0.0171403135711672,0.000617601,0.0056985636730763));
#808=CARTESIAN_POINT('',(-0.0164557417790219,-0.000617601,0.00580528635238204));
#809=CARTESIAN_POINT('',(-0.0164557417790219,0.000617601,0.00580528635238204));
#810=CARTESIAN_POINT('',(-0.0160173836762699,-0.000617601,0.00601048037039229));
#811=CARTESIAN_POINT('',(-0.0160173836762699,0.000617601,0.00601048037039229));
#812=CARTESIAN_POINT('',(-0.0157674031587122,-0.000617601,0.00629685235995046));
#813=CARTESIAN_POINT('',(-0.0157674031587122,0.000617601,0.00629685235995046));
#814=CARTESIAN_POINT('',(-0.0156139550904876,-0.000617601,0.00619211310895641));
#815=CARTESIAN_POINT('',(-0.0156139550904876,0.000617601,0.00619211310895641));
#816=CARTESIAN_POINT('',(-0.0155448628742915,-0.000617601,0.00612130426643093));
#817=CARTESIAN_POINT('',(-0.0155448628742915,0.000617601,0.00612130426643093));
#818=CARTESIAN_POINT('',(-0.0155097518469706,-0.000617601,0.00613282924066669));
#819=CARTESIAN_POINT('',(-0.0155097518469706,0.000617601,0.00613282924066669));
#820=CARTESIAN_POINT('',(-0.0154186831488464,0.000617601,0.00704690958362251));
#821=CARTESIAN_POINT('',(-0.0155340791855522,0.000617601,0.00715833773803029));
#822=CARTESIAN_POINT('',(-0.0157425449537159,0.000617601,0.0074038877466993));
#823=CARTESIAN_POINT('',(-0.0162691427844768,0.000617601,0.00778635812242841));
#824=CARTESIAN_POINT('',(-0.0169389834974963,0.000617601,0.00786599522098233));
#825=CARTESIAN_POINT('',(-0.017552846514219,0.000617601,0.00766685687299781));
#826=CARTESIAN_POINT('',(-0.017987940441652,0.000617601,0.00745878641225706));
#827=CARTESIAN_POINT('',(-0.0183550185532991,0.000617601,0.0072894805077229));
#828=CARTESIAN_POINT('',(-0.0185962145143138,0.000617601,0.00714946766435676));
#829=CARTESIAN_POINT('',(-0.0187254758684609,0.000617600999999999,0.0070444295967998));
#830=CARTESIAN_POINT('',(-0.0187555015398837,0.000617601,0.00687684974159615));
#831=CARTESIAN_POINT('',(-0.0186181504620354,0.000617601,0.00670912477404148));
#832=CARTESIAN_POINT('',(-0.0184108779941505,0.000617601,0.00647747722573272));
#833=CARTESIAN_POINT('',(-0.0181133484648613,0.000617601,0.00620666871089393));
#834=CARTESIAN_POINT('',(-0.0177263120192115,0.000617601,0.0059325245887655));
#835=CARTESIAN_POINT('',(-0.0172725991281044,0.000617601,0.0057660344422443));
#836=CARTESIAN_POINT('',(-0.0168697864858292,0.000617601,0.00574456717093971));
#837=CARTESIAN_POINT('',(-0.0165577576706974,0.000617601,0.00579553617100328));
#838=CARTESIAN_POINT('',(-0.0163275669753846,0.000617601,0.00587003896381476));
#839=CARTESIAN_POINT('',(-0.0161158874263946,0.000617601,0.00597430286594047));
#840=CARTESIAN_POINT('',(-0.0159551765359108,0.000617601,0.00609786664486353));
#841=CARTESIAN_POINT('',(-0.0158362004507906,0.000617601,0.00619798402214559));
#842=CARTESIAN_POINT('',(-0.0157183064958228,0.000617601,0.00626828285699796));
#843=CARTESIAN_POINT('',(-0.0156131823972813,0.000617601,0.00619158627786697));
#844=CARTESIAN_POINT('',(-0.0155491535409947,0.000617601,0.00611989588202917));
#845=CARTESIAN_POINT('',(-0.0155097518469706,0.000617601,0.00613282924066669));
#846=CARTESIAN_POINT('',(-0.0155097518469706,-0.000617601,0.00613282924066669));
#847=CARTESIAN_POINT('',(-0.0155490395168635,-0.000617601,0.00611996031744951));
#848=CARTESIAN_POINT('',(-0.0156132354954338,-0.000617601,0.00619155660833669));
#849=CARTESIAN_POINT('',(-0.0157182925463371,-0.000617600999999999,0.00626829082440062));
#850=CARTESIAN_POINT('',(-0.0158362042998505,-0.000617601,0.00619798180590266));
#851=CARTESIAN_POINT('',(-0.0159551745355389,-0.000617601,0.00609786773813978));
#852=CARTESIAN_POINT('',(-0.0161158883043213,-0.000617601,0.00597430236369486));
#853=CARTESIAN_POINT('',(-0.0163275669426639,-0.000617601,0.00587003900811409));
#854=CARTESIAN_POINT('',(-0.0165577578876956,-0.000617601,0.00579553610237085));
#855=CARTESIAN_POINT('',(-0.016869786621861,-0.000617601,0.00574456718144367));
#856=CARTESIAN_POINT('',(-0.017272599295867,-0.000617601,0.00576603446848765));
#857=CARTESIAN_POINT('',(-0.0177263121497477,-0.000617601,0.00593252466532381));
#858=CARTESIAN_POINT('',(-0.0181133485753079,-0.000617601,0.0062066688025299));
#859=CARTESIAN_POINT('',(-0.0184108780978343,-0.000617601,0.00647747732613355));
#860=CARTESIAN_POINT('',(-0.0186181505411767,-0.000617600999999999,0.00670912486777779));
#861=CARTESIAN_POINT('',(-0.0187555016254776,-0.000617601,0.00687684988680218));
#862=CARTESIAN_POINT('',(-0.0187254757759933,-0.000617601,0.00704442970565909));
#863=CARTESIAN_POINT('',(-0.0185962144089283,-0.000617601,0.00714946772617578));
#864=CARTESIAN_POINT('',(-0.0183550184418283,-0.000617600999999999,0.00728948056594557));
#865=CARTESIAN_POINT('',(-0.0179879403275001,-0.000617601,0.00745878645217002));
#866=CARTESIAN_POINT('',(-0.0175528464505655,-0.000617601,0.0076668569523867));
#867=CARTESIAN_POINT('',(-0.0169389831993036,-0.000617600999999999,0.00786599503935257));
#868=CARTESIAN_POINT('',(-0.0162691439308932,-0.000617601000000001,0.00778635928234934));
#869=CARTESIAN_POINT('',(-0.0157425427894795,-0.000617601,0.00740388565001561));
#870=CARTESIAN_POINT('',(-0.0155340838240255,-0.000617601,0.0071583422170101));
#871=CARTESIAN_POINT('',(-0.0154186831488464,-0.000617601,0.00704690958362251));
#872=CARTESIAN_POINT('',(-0.0118634392165479,-0.000635,0.00882910645574431));
#873=CARTESIAN_POINT('',(-0.0154214516351532,-0.000635,0.00702539631001718));
#874=CARTESIAN_POINT('',(-0.0156506552565772,-0.000635,0.00724671878562328));
#875=CARTESIAN_POINT('',(-0.0160837590736844,-0.000635,0.00774953191863444));
#876=CARTESIAN_POINT('',(-0.0169285189382041,-0.000635,0.00784888043837128));
#877=CARTESIAN_POINT('',(-0.0175372312486263,-0.000635,0.00765454755802504));
#878=CARTESIAN_POINT('',(-0.0179698775226487,-0.000635,0.00744813112913065));
#879=CARTESIAN_POINT('',(-0.0183344739521717,-0.000634999999999999,0.00728036773894325));
#880=CARTESIAN_POINT('',(-0.018574362354249,-0.000635,0.00714193872803539));
#881=CARTESIAN_POINT('',(-0.0187055950383255,-0.000635,0.00704197705213265));
#882=CARTESIAN_POINT('',(-0.0187335515184194,-0.000635,0.00691756460288781));
#883=CARTESIAN_POINT('',(-0.0186700679507574,-0.000634999999999999,0.00681019490314464));
#884=CARTESIAN_POINT('',(-0.0185772676667374,-0.000635,0.00668301846673853));
#885=CARTESIAN_POINT('',(-0.0184407976678188,-0.000634999999999999,0.00653940022856944));
#886=CARTESIAN_POINT('',(-0.0182710541602315,-0.000635000000000001,0.00637545454032451));
#887=CARTESIAN_POINT('',(-0.0180311011047783,-0.000635,0.00616837472653417));
#888=CARTESIAN_POINT('',(-0.0177090139125746,-0.000635,0.00594318293521337));
#889=CARTESIAN_POINT('',(-0.017257441614376,-0.000635000000000001,0.00578084094072426));
#890=CARTESIAN_POINT('',(-0.0168572190455152,-0.000635,0.00576257199378956));
#891=CARTESIAN_POINT('',(-0.0165476511952334,-0.000635,0.00581595575628356));
#892=CARTESIAN_POINT('',(-0.0163197937400683,-0.000634999999999999,0.00589208677585775));
#893=CARTESIAN_POINT('',(-0.0161107135060739,-0.000635,0.00599790052895568));
#894=CARTESIAN_POINT('',(-0.0159528386626532,-0.000635,0.00612275572366338));
#895=CARTESIAN_POINT('',(-0.0158336292912011,-0.000635,0.00622245202727338));
#896=CARTESIAN_POINT('',(-0.0157139564514643,-0.000635,0.00628308771042263));
#897=CARTESIAN_POINT('',(-0.015607622471907,-0.000635,0.00621213431569778));
#898=CARTESIAN_POINT('',(-0.01554649516332,-0.000635,0.0061390808235581));
#899=CARTESIAN_POINT('',(-0.0155076033167152,-0.000635,0.00615184682798184));
#900=CARTESIAN_POINT('',(-0.0118634392165479,0.000635,0.00882910645574431));
#901=CARTESIAN_POINT('',(-0.0155076033167152,0.000635,0.00615184682798184));
#902=CARTESIAN_POINT('',(-0.0155464937951479,0.000635,0.006139081272652));
#903=CARTESIAN_POINT('',(-0.0156076203692686,0.000634999999999999,0.00621212951381947));
#904=CARTESIAN_POINT('',(-0.0157139466192923,0.000635,0.00628308660669835));
#905=CARTESIAN_POINT('',(-0.0158336191295228,0.000635,0.00622245994037756));
#906=CARTESIAN_POINT('',(-0.0159528249140724,0.000635,0.00612276761701635));
#907=CARTESIAN_POINT('',(-0.0161106927046162,0.000635,0.00599791419173505));
#908=CARTESIAN_POINT('',(-0.016319762901845,0.000635,0.00589210003679465));
#909=CARTESIAN_POINT('',(-0.016547611349266,0.000635,0.0058159663767709));
#910=CARTESIAN_POINT('',(-0.0168571624822201,0.000635,0.00576257539621933));
#911=CARTESIAN_POINT('',(-0.017257406536476,0.000634999999999999,0.00578083030577639));
#912=CARTESIAN_POINT('',(-0.0177088242630566,0.000635000000000001,0.00594314292690396));
#913=CARTESIAN_POINT('',(-0.0180313634898055,0.000635,0.00616831815192295));
#914=CARTESIAN_POINT('',(-0.0182703857865408,0.000634999999999999,0.00637537643870091));
#915=CARTESIAN_POINT('',(-0.0184429621143549,0.000635,0.0065393364688086));
#916=CARTESIAN_POINT('',(-0.0185960810045903,0.000634999999999999,0.00671157849372942));
#917=CARTESIAN_POINT('',(-0.0187383959492656,0.000635,0.00687591386006437));
#918=CARTESIAN_POINT('',(-0.0187065158529306,0.000635,0.00704185761728544));
#919=CARTESIAN_POINT('',(-0.0185740166205441,0.000635,0.00714187171004378));
#920=CARTESIAN_POINT('',(-0.0183349259926554,0.000635,0.00728030767688518));
#921=CARTESIAN_POINT('',(-0.0179698658306912,0.000634999999999999,0.00744808262386794));
#922=CARTESIAN_POINT('',(-0.0175373487396783,0.000635000000000001,0.00765451062692344));
#923=CARTESIAN_POINT('',(-0.0169285733442646,0.000634999999999999,0.00784887731889238));
#924=CARTESIAN_POINT('',(-0.0160837963206805,0.000634999999999999,0.00774955933258037));
#925=CARTESIAN_POINT('',(-0.0156506643112356,0.000635,0.00724672752893806));
#926=CARTESIAN_POINT('',(-0.0154214516351532,0.000635,0.00702539631001718));
#927=CARTESIAN_POINT('',(-0.015388452970789,0.000635,0.00699353230174625));
#928=CARTESIAN_POINT('',(-0.01537636708703,0.000635,0.00700604855576914));
#929=CARTESIAN_POINT('',(-0.01537636708703,0.000617601,0.00700604855576914));
#930=CARTESIAN_POINT('',(-0.0156203602509048,0.000635,0.00721746547098442));
#931=CARTESIAN_POINT('',(-0.0156082743674018,0.000635000000010009,0.00722998172512382));
#932=CARTESIAN_POINT('',(-0.015608274367146,0.000617601,0.00722998172500724));
#933=CARTESIAN_POINT('',(-0.0160511563528157,0.000635,0.0077330359022766));
#934=CARTESIAN_POINT('',(-0.016041329860347,0.000634999999995236,0.0077488168654474));
#935=CARTESIAN_POINT('',(-0.0160413298604688,0.000617601,0.00774881686550289));
#936=CARTESIAN_POINT('',(-0.0169031654610644,0.000634999999999999,0.00785283965620983));
#937=CARTESIAN_POINT('',(-0.0169048278253864,0.000635000000000591,0.00787080632297314));
#938=CARTESIAN_POINT('',(-0.0169048278253713,0.000617601,0.00787080632296625));
#939=CARTESIAN_POINT('',(-0.0175214243032659,0.000635,0.00766153394272485));
#940=CARTESIAN_POINT('',(-0.0175282362073915,0.000634999999999889,0.00767764277933025));
#941=CARTESIAN_POINT('',(-0.0175282362073943,0.000617601,0.00767764277933155));
#942=CARTESIAN_POINT('',(-0.0179595284756742,0.000634999999999999,0.00745315735066781));
#943=CARTESIAN_POINT('',(-0.0179670505702328,0.000635000000000029,0.0074685612021836));
#944=CARTESIAN_POINT('',(-0.017967050570232,0.000617600999999999,0.00746856120218325));
#945=CARTESIAN_POINT('',(-0.0183285230457218,0.000635000000000001,0.00728335348397912));
#946=CARTESIAN_POINT('',(-0.0183364339576394,0.000634999999999997,0.00729969237287074));
#947=CARTESIAN_POINT('',(-0.0183364339576395,0.000617601000000001,0.00729969237287079));
#948=CARTESIAN_POINT('',(-0.0185715432801292,0.000634999999999999,0.00714372263683111));
#949=CARTESIAN_POINT('',(-0.0185800298959516,0.000634999999999999,0.00715775080711328));
#950=CARTESIAN_POINT('',(-0.0185800298959516,0.000617600999999999,0.00715775080711328));
#951=CARTESIAN_POINT('',(-0.0187048603981738,0.000635000000000001,0.00704323373839277));
#952=CARTESIAN_POINT('',(-0.0187187419220108,0.000635000000000001,0.00705700864370253));
#953=CARTESIAN_POINT('',(-0.0187187419220108,0.000617601000000001,0.00705700864370253));
#954=CARTESIAN_POINT('',(-0.0187339212094681,0.000634999999999999,0.00691748823726987));
#955=CARTESIAN_POINT('',(-0.0187523853505428,0.000634999999999999,0.00691064417262662));
#956=CARTESIAN_POINT('',(-0.0187523853505428,0.000617600999999999,0.00691064417262662));
#957=CARTESIAN_POINT('',(-0.0186692455909203,0.000635000000000001,0.00680889742427582));
#958=CARTESIAN_POINT('',(-0.0186833309308581,0.000635000000000001,0.00679947494789803));
#959=CARTESIAN_POINT('',(-0.0186833309308581,0.000617601,0.00679947494789803));
#960=CARTESIAN_POINT('',(-0.0185751190146306,0.000634999999999999,0.00668042601885266));
#961=CARTESIAN_POINT('',(-0.0185884435213559,0.000634999999999999,0.00666873679595147));
#962=CARTESIAN_POINT('',(-0.0185884435213559,0.000617601,0.00666873679595147));
#963=CARTESIAN_POINT('',(-0.0184367627674014,0.000635000000000001,0.00653532896958941));
#964=CARTESIAN_POINT('',(-0.0184489574363054,0.000635000000000001,0.0065230541477557));
#965=CARTESIAN_POINT('',(-0.0184489574363054,0.000617601,0.0065230541477557));
#966=CARTESIAN_POINT('',(-0.0182647779980066,0.000634999999999999,0.00636961182192545));
#967=CARTESIAN_POINT('',(-0.018276574000594,0.000634999999999999,0.00635677424010701));
#968=CARTESIAN_POINT('',(-0.018276574000594,0.000617600999999999,0.00635677424010701));
#969=CARTESIAN_POINT('',(-0.0180213711002708,0.000635000000000001,0.00616068779114037));
#970=CARTESIAN_POINT('',(-0.0180319677755527,0.000635,0.00614687007324125));
#971=CARTESIAN_POINT('',(-0.0180319677755527,0.000617601,0.00614687007324126));
#972=CARTESIAN_POINT('',(-0.0176941605075145,0.000635,0.00593450385012787));
#973=CARTESIAN_POINT('',(-0.0177025137505992,0.000635,0.00591899045614154));
#974=CARTESIAN_POINT('',(-0.0177025137505992,0.000617601,0.00591899045614154));
#975=CARTESIAN_POINT('',(-0.0172348195963957,0.000635,0.00577612925686309));
#976=CARTESIAN_POINT('',(-0.0172378708037208,0.000635000000000001,0.0057587047012981));
#977=CARTESIAN_POINT('',(-0.0172378708037208,0.000617601,0.0057587047012981));
#978=CARTESIAN_POINT('',(-0.0168297624203675,0.000634999999999999,0.00576375046221924));
#979=CARTESIAN_POINT('',(-0.0168286330126262,0.000634999999999998,0.00574625188719252));
#980=CARTESIAN_POINT('',(-0.0168286330126262,0.000617601,0.00574625188719252));
#981=CARTESIAN_POINT('',(-0.0165170527447115,0.000635,0.00582384606743787));
#982=CARTESIAN_POINT('',(-0.0165124471886525,0.000635000000000001,0.00580698068434608));
#983=CARTESIAN_POINT('',(-0.0165124471886525,0.000617601,0.00580698068434608));
#984=CARTESIAN_POINT('',(-0.0162883910885993,0.000635,0.00590530902577857));
#985=CARTESIAN_POINT('',(-0.0162813885506766,0.000634999999999998,0.00588938310834575));
#986=CARTESIAN_POINT('',(-0.0162813885506766,0.000617601,0.00588938310834575));
#987=CARTESIAN_POINT('',(-0.0160795081575136,0.000635000000000001,0.00601836611404707));
#988=CARTESIAN_POINT('',(-0.0160695259393345,0.000635000000000002,0.00600362764385879));
#989=CARTESIAN_POINT('',(-0.0160695259393345,0.000617601,0.00600362764385879));
#990=CARTESIAN_POINT('',(-0.0159232035471792,0.000634999999999999,0.00614713752059091));
#991=CARTESIAN_POINT('',(-0.0159123232616216,0.000634999999999999,0.00613474340608962));
#992=CARTESIAN_POINT('',(-0.0159123232616216,0.000617601,0.00613474340608962));
#993=CARTESIAN_POINT('',(-0.0157994491356819,0.000635,0.00625052910810598));
#994=CARTESIAN_POINT('',(-0.0157884854508537,0.000635,0.00623497722570963));
#995=CARTESIAN_POINT('',(-0.0157884854508537,0.000617601,0.00623497722570963));
#996=CARTESIAN_POINT('',(-0.0156649222121436,0.000635,0.00627170278767878));
#997=CARTESIAN_POINT('',(-0.015672856629537,0.000634999999999999,0.00625378868431877));
#998=CARTESIAN_POINT('',(-0.015672856629537,0.000617601,0.00625378868431877));
#999=CARTESIAN_POINT('',(-0.0155955893499819,0.000635,0.00618691751215021));
#1000=CARTESIAN_POINT('',(-0.0156155825563868,0.000635000000000001,0.00617740065586352));
#1001=CARTESIAN_POINT('',(-0.0156155825563868,0.000617601,0.00617740065586352));
#1002=CARTESIAN_POINT('',(-0.0155230787078836,0.000635,0.00613536453206758));
#1003=CARTESIAN_POINT('',(-0.015519095035588,0.000634999999999999,0.00611612556408164));
#1004=CARTESIAN_POINT('',(-0.015519095035588,0.000617601,0.00611612556408163));
#1005=CARTESIAN_POINT('',(-0.0154825613545463,0.000635,0.00616006669481093));
#1006=CARTESIAN_POINT('',(-0.0154771350892499,0.000635,0.00614353548656911));
#1007=CARTESIAN_POINT('',(-0.0154771350892499,0.000617601,0.00614353548656914));
#1008=CARTESIAN_POINT('',(-0.0154629464430024,0.000635,0.00616650516635187));
#1009=CARTESIAN_POINT('',(-0.015457520177706,0.000635,0.00614997395811009));
#1010=CARTESIAN_POINT('',(-0.015457520177706,0.000617601,0.00614997395811009));
#1011=CARTESIAN_POINT('',(-0.01537636708703,-0.000617601,0.00700604855576914));
#1012=CARTESIAN_POINT('',(-0.01537636708703,-0.000635,0.00700604855576914));
#1013=CARTESIAN_POINT('',(-0.015388452970789,-0.000635,0.00699353230174625));
#1014=CARTESIAN_POINT('',(-0.015608274367146,-0.000617601,0.00722998172500724));
#1015=CARTESIAN_POINT('',(-0.0156082743674022,-0.000635000000010046,0.00722998172512382));
#1016=CARTESIAN_POINT('',(-0.0156203602509048,-0.000635,0.00721746547098442));
#1017=CARTESIAN_POINT('',(-0.0160413298604688,-0.000617600999999999,0.00774881686550289));
#1018=CARTESIAN_POINT('',(-0.0160413298603468,-0.000634999999995217,0.0077488168654474));
#1019=CARTESIAN_POINT('',(-0.0160511563528157,-0.000634999999999999,0.0077330359022766));
#1020=CARTESIAN_POINT('',(-0.0169048278253713,-0.000617601,0.00787080632296625));
#1021=CARTESIAN_POINT('',(-0.0169048278253864,-0.000635000000000594,0.00787080632297314));
#1022=CARTESIAN_POINT('',(-0.0169031654610644,-0.000635000000000001,0.00785283965620983));
#1023=CARTESIAN_POINT('',(-0.0175282362073943,-0.000617601,0.00767764277933155));
#1024=CARTESIAN_POINT('',(-0.0175282362073915,-0.000634999999999887,0.00767764277933025));
#1025=CARTESIAN_POINT('',(-0.0175214243032659,-0.000635,0.00766153394272485));
#1026=CARTESIAN_POINT('',(-0.017967050570232,-0.000617601000000001,0.00746856120218325));
#1027=CARTESIAN_POINT('',(-0.0179670505702328,-0.000635000000000032,0.0074685612021836));
#1028=CARTESIAN_POINT('',(-0.0179595284756742,-0.000635000000000001,0.00745315735066781));
#1029=CARTESIAN_POINT('',(-0.0183364339576395,-0.000617601,0.00729969237287079));
#1030=CARTESIAN_POINT('',(-0.0183364339576393,-0.000634999999999995,0.00729969237287074));
#1031=CARTESIAN_POINT('',(-0.0183285230457218,-0.000634999999999999,0.00728335348397912));
#1032=CARTESIAN_POINT('',(-0.0185800298959516,-0.000617601,0.00715775080711328));
#1033=CARTESIAN_POINT('',(-0.0185800298959516,-0.000635000000000001,0.00715775080711329));
#1034=CARTESIAN_POINT('',(-0.0185715432801292,-0.000635000000000001,0.00714372263683111));
#1035=CARTESIAN_POINT('',(-0.0187187419220108,-0.000617600999999999,0.00705700864370253));
#1036=CARTESIAN_POINT('',(-0.0187187419220108,-0.000634999999999999,0.00705700864370253));
#1037=CARTESIAN_POINT('',(-0.0187048603981738,-0.000634999999999999,0.00704323373839277));
#1038=CARTESIAN_POINT('',(-0.0187523853505428,-0.000617601,0.00691064417262662));
#1039=CARTESIAN_POINT('',(-0.0187523853505428,-0.000635,0.00691064417262662));
#1040=CARTESIAN_POINT('',(-0.0187339212094681,-0.000635000000000001,0.00691748823726987));
#1041=CARTESIAN_POINT('',(-0.0186833309308581,-0.000617601,0.00679947494789803));
#1042=CARTESIAN_POINT('',(-0.0186833309308581,-0.000634999999999999,0.00679947494789803));
#1043=CARTESIAN_POINT('',(-0.0186692455909203,-0.000634999999999999,0.00680889742427582));
#1044=CARTESIAN_POINT('',(-0.0185884435213559,-0.000617601000000001,0.00666873679595147));
#1045=CARTESIAN_POINT('',(-0.0185884435213559,-0.000635000000000001,0.00666873679595147));
#1046=CARTESIAN_POINT('',(-0.0185751190146306,-0.000635000000000001,0.00668042601885266));
#1047=CARTESIAN_POINT('',(-0.0184489574363054,-0.000617601,0.0065230541477557));
#1048=CARTESIAN_POINT('',(-0.0184489574363054,-0.000635,0.0065230541477557));
#1049=CARTESIAN_POINT('',(-0.0184367627674014,-0.000634999999999999,0.00653532896958941));
#1050=CARTESIAN_POINT('',(-0.018276574000594,-0.000617601,0.00635677424010701));
#1051=CARTESIAN_POINT('',(-0.018276574000594,-0.000635,0.00635677424010701));
#1052=CARTESIAN_POINT('',(-0.0182647779980066,-0.000635,0.00636961182192545));
#1053=CARTESIAN_POINT('',(-0.0180319677755527,-0.000617601,0.00614687007324126));
#1054=CARTESIAN_POINT('',(-0.0180319677755527,-0.000635,0.00614687007324125));
#1055=CARTESIAN_POINT('',(-0.0180213711002708,-0.000635,0.00616068779114037));
#1056=CARTESIAN_POINT('',(-0.0177025137505992,-0.000617601,0.00591899045614154));
#1057=CARTESIAN_POINT('',(-0.0177025137505992,-0.000635,0.00591899045614154));
#1058=CARTESIAN_POINT('',(-0.0176941605075145,-0.000635,0.00593450385012787));
#1059=CARTESIAN_POINT('',(-0.0172378708037208,-0.000617601,0.0057587047012981));
#1060=CARTESIAN_POINT('',(-0.0172378708037208,-0.000635,0.0057587047012981));
#1061=CARTESIAN_POINT('',(-0.0172348195963957,-0.000634999999999999,0.00577612925686309));
#1062=CARTESIAN_POINT('',(-0.0168286330126262,-0.000617601000000001,0.00574625188719252));
#1063=CARTESIAN_POINT('',(-0.0168286330126262,-0.000634999999999999,0.00574625188719252));
#1064=CARTESIAN_POINT('',(-0.0168297624203675,-0.000635000000000001,0.00576375046221924));
#1065=CARTESIAN_POINT('',(-0.0165124471886525,-0.000617600999999999,0.00580698068434608));
#1066=CARTESIAN_POINT('',(-0.0165124471886525,-0.000635,0.00580698068434608));
#1067=CARTESIAN_POINT('',(-0.0165170527447115,-0.000634999999999999,0.00582384606743787));
#1068=CARTESIAN_POINT('',(-0.0162813885506766,-0.000617601,0.00588938310834575));
#1069=CARTESIAN_POINT('',(-0.0162813885506766,-0.000634999999999998,0.00588938310834575));
#1070=CARTESIAN_POINT('',(-0.0162883910885993,-0.000635,0.00590530902577857));
#1071=CARTESIAN_POINT('',(-0.0160695259393345,-0.000617601,0.00600362764385879));
#1072=CARTESIAN_POINT('',(-0.0160695259393345,-0.000635000000000001,0.00600362764385879));
#1073=CARTESIAN_POINT('',(-0.0160795081575136,-0.000634999999999999,0.00601836611404707));
#1074=CARTESIAN_POINT('',(-0.0159123232616216,-0.000617601,0.00613474340608962));
#1075=CARTESIAN_POINT('',(-0.0159123232616217,-0.000635,0.00613474340608962));
#1076=CARTESIAN_POINT('',(-0.0159232035471792,-0.000635,0.00614713752059091));
#1077=CARTESIAN_POINT('',(-0.0157884854508537,-0.000617601,0.00623497722570963));
#1078=CARTESIAN_POINT('',(-0.0157884854508537,-0.000635,0.00623497722570963));
#1079=CARTESIAN_POINT('',(-0.0157994491356819,-0.000635,0.00625052910810598));
#1080=CARTESIAN_POINT('',(-0.015672856629537,-0.000617601,0.00625378868431877));
#1081=CARTESIAN_POINT('',(-0.015672856629537,-0.000635,0.00625378868431876));
#1082=CARTESIAN_POINT('',(-0.0156649222121436,-0.000635,0.00627170278767878));
#1083=CARTESIAN_POINT('',(-0.0156155825563868,-0.000617601,0.00617740065586352));
#1084=CARTESIAN_POINT('',(-0.0156155825563868,-0.000635,0.00617740065586353));
#1085=CARTESIAN_POINT('',(-0.0155955893499819,-0.000634999999999999,0.00618691751215021));
#1086=CARTESIAN_POINT('',(-0.015519095035588,-0.000617601,0.00611612556408163));
#1087=CARTESIAN_POINT('',(-0.015519095035588,-0.000635,0.00611612556408162));
#1088=CARTESIAN_POINT('',(-0.0155230787078836,-0.000635,0.00613536453206758));
#1089=CARTESIAN_POINT('',(-0.0154771350892499,-0.000617601,0.00614353548656914));
#1090=CARTESIAN_POINT('',(-0.0154771350892499,-0.000635,0.00614353548656915));
#1091=CARTESIAN_POINT('',(-0.0154825613545463,-0.000635,0.00616006669481093));
#1092=CARTESIAN_POINT('',(-0.015457520177706,-0.000617601,0.00614997395811009));
#1093=CARTESIAN_POINT('',(-0.015457520177706,-0.000635,0.00614997395811009));
#1094=CARTESIAN_POINT('',(-0.0154629464430024,-0.000635,0.00616650516635187));
#1095=CARTESIAN_POINT('',(-0.0131975687348556,-0.000762,0.00912726039806705));
#1096=CARTESIAN_POINT('',(-0.0130429657936718,-0.000762,0.00921450970211584));
#1097=CARTESIAN_POINT('',(-0.000217390958858335,-0.000762,0.0327465844657363));
#1098=CARTESIAN_POINT('',(-0.0144690252256457,-0.000762,0.0100497821964791));
#1099=CARTESIAN_POINT('',(-0.0145046269992949,-0.000762,0.00987586548022465));
#1100=CARTESIAN_POINT('',(0.,0.,0.));
#1101=CARTESIAN_POINT('',(-0.01645408068208,0.,-0.00128917841610174));
#1102=CARTESIAN_POINT('',(-0.0150187564950045,0.,-0.00128917841610174));
#1103=CARTESIAN_POINT('',(-0.0146881056141065,-4.04930542926969E-20,-0.00128931979176634));
#1104=CARTESIAN_POINT('',(-0.0150187564950045,0.,-0.00128917841610175));
#1105=CARTESIAN_POINT('',(-0.0124787564950045,0.,-0.00128917841610175));
#1106=CARTESIAN_POINT('',(-0.0150187564950045,0.,-0.00187301875174513));
#1107=CARTESIAN_POINT('',(-0.0150187564950045,0.,-0.00245685908738852));
#1108=CARTESIAN_POINT('',(-0.0124787564950045,0.,-0.00245685908738852));
#1109=CARTESIAN_POINT('',(-0.0162887564950045,0.,-0.00245685908738852));
#1110=CARTESIAN_POINT('',(-0.0150187564950045,0.,0.00745929860309132));
#1111=CARTESIAN_POINT('',(-0.0150187564950045,0.,-0.00128893417385903));
#1112=CARTESIAN_POINT('',(0.,0.,0.));
#1113=CARTESIAN_POINT('',(-0.000248943580873645,0.,0.0327644699130026));
#1114=CARTESIAN_POINT('',(-0.013464944166308,0.,0.00944945488847267));
#1115=CARTESIAN_POINT('',(-0.013004559710838,0.,0.0102616423900512));
#1116=CARTESIAN_POINT('',(-0.0190733082809072,0.,0.0137016824059167));
#1117=CARTESIAN_POINT('',(-0.0098506337310703,0.,0.0200708326660231));
#1118=CARTESIAN_POINT('',(-0.00802944199489715,0.,0.0190384991665109));
#1119=CARTESIAN_POINT('',(-0.0116718254672435,0.,0.0211031661655353));
#1120=CARTESIAN_POINT('',(-0.013004559710838,0.,0.0102616423900512));
#1121=CARTESIAN_POINT('',(0.,0.,0.));
#1122=CARTESIAN_POINT('',(-0.0152778564047406,-0.000259099909736146,-0.00128917841610174));
#1123=CARTESIAN_POINT('',(-0.015385179101363,3.25260651745651E-20,-0.00128917841610174));
#1124=CARTESIAN_POINT('',(-0.0152778564047406,0.000259099909736146,-0.00128917841610174));
#1125=CARTESIAN_POINT('',(-0.0150187564950045,0.000366422606358502,-0.00128917841610174));
#1126=CARTESIAN_POINT('',(-0.0147596565852684,0.000259099909736146,-0.00128917841610174));
#1127=CARTESIAN_POINT('',(-0.014652333888646,2.83844057758409E-20,-0.00128917841610174));
#1128=CARTESIAN_POINT('',(-0.0147596565852684,-0.000259099909736146,-0.00128917841610174));
#1129=CARTESIAN_POINT('',(-0.0150187564950045,-0.000366422606358502,-0.00128917841610174));
#1130=CARTESIAN_POINT('',(-0.0152778564047406,-0.000259099909736146,-0.00128917841610174));
#1131=CARTESIAN_POINT('',(-0.015385179101363,3.25260651745651E-20,-0.00128917841610174));
#1132=CARTESIAN_POINT('',(-0.0152778564047406,0.000259099909736146,-0.00128917841610174));
#1133=CARTESIAN_POINT('',(-0.0154531510544508,-0.000434394559446326,-0.00128197078916133));
#1134=CARTESIAN_POINT('',(-0.0156330831723946,2.05197867290998E-19,-0.00128197078916133));
#1135=CARTESIAN_POINT('',(-0.0154531510544508,0.000434394559446325,-0.00128197078916133));
#1136=CARTESIAN_POINT('',(-0.0150187564950045,0.000614326677390079,-0.00128197078916133));
#1137=CARTESIAN_POINT('',(-0.0145843619355582,0.000434394559446325,-0.00128197078916133));
#1138=CARTESIAN_POINT('',(-0.0144044298176144,2.04141477855485E-19,-0.00128197078916133));
#1139=CARTESIAN_POINT('',(-0.0145843619355582,-0.000434394559446326,-0.00128197078916133));
#1140=CARTESIAN_POINT('',(-0.0150187564950045,-0.000614326677390079,-0.00128197078916133));
#1141=CARTESIAN_POINT('',(-0.0154531510544508,-0.000434394559446326,-0.00128197078916133));
#1142=CARTESIAN_POINT('',(-0.0156330831723946,2.05197867290998E-19,-0.00128197078916133));
#1143=CARTESIAN_POINT('',(-0.0154531510544508,0.000434394559446325,-0.00128197078916133));
#1144=CARTESIAN_POINT('',(-0.0159891229643067,-0.000970366469302166,-0.00126435370979677));
#1145=CARTESIAN_POINT('',(-0.0163910619163637,-3.63459850744966E-20,-0.00126435370979677));
#1146=CARTESIAN_POINT('',(-0.0159891229643066,0.000970366469302166,-0.00126435370979677));
#1147=CARTESIAN_POINT('',(-0.0150187564950045,0.00137230542135922,-0.00126435370979677));
#1148=CARTESIAN_POINT('',(-0.0140483900257023,0.000970366469302166,-0.00126435370979677));
#1149=CARTESIAN_POINT('',(-0.0136464510736453,-1.74335181574311E-20,-0.00126435370979677));
#1150=CARTESIAN_POINT('',(-0.0140483900257023,-0.000970366469302165,-0.00126435370979677));
#1151=CARTESIAN_POINT('',(-0.0150187564950045,-0.00137230542135922,-0.00126435370979677));
#1152=CARTESIAN_POINT('',(-0.0159891229643067,-0.000970366469302166,-0.00126435370979677));
#1153=CARTESIAN_POINT('',(-0.0163910619163637,-3.63459850744966E-20,-0.00126435370979677));
#1154=CARTESIAN_POINT('',(-0.0159891229643066,0.000970366469302166,-0.00126435370979677));
#1155=CARTESIAN_POINT('',(-0.016618697182801,-0.00159994068779654,-0.000879322564739804));
#1156=CARTESIAN_POINT('',(-0.0172814143146789,2.52385874090349E-19,-0.000879322564739804));
#1157=CARTESIAN_POINT('',(-0.016618697182801,0.00159994068779654,-0.000879322564739804));
#1158=CARTESIAN_POINT('',(-0.0150187564950045,0.0022626578196744,-0.000879322564739804));
#1159=CARTESIAN_POINT('',(-0.013418815807208,0.00159994068779654,-0.000879322564739804));
#1160=CARTESIAN_POINT('',(-0.0127560986753301,3.47581331098771E-19,-0.000879322564739804));
#1161=CARTESIAN_POINT('',(-0.013418815807208,-0.00159994068779654,-0.000879322564739804));
#1162=CARTESIAN_POINT('',(-0.0150187564950045,-0.0022626578196744,-0.000879322564739803));
#1163=CARTESIAN_POINT('',(-0.016618697182801,-0.00159994068779654,-0.000879322564739804));
#1164=CARTESIAN_POINT('',(-0.0172814143146789,2.52385874090349E-19,-0.000879322564739804));
#1165=CARTESIAN_POINT('',(-0.016618697182801,0.00159994068779654,-0.000879322564739804));
#1166=CARTESIAN_POINT('',(-0.0170086342812088,-0.00198987778620431,-0.000442775223538618));
#1167=CARTESIAN_POINT('',(-0.0178328686477196,3.85766391602753E-19,-0.000442775223538618));
#1168=CARTESIAN_POINT('',(-0.0170086342812088,0.00198987778620431,-0.000442775223538618));
#1169=CARTESIAN_POINT('',(-0.0150187564950045,0.00281411215271509,-0.000442775223538618));
#1170=CARTESIAN_POINT('',(-0.0130288787088002,0.00198987778620431,-0.000442775223538618));
#1171=CARTESIAN_POINT('',(-0.0122046443422894,4.13055242443642E-19,-0.000442775223538618));
#1172=CARTESIAN_POINT('',(-0.0130288787088002,-0.00198987778620431,-0.000442775223538618));
#1173=CARTESIAN_POINT('',(-0.0150187564950045,-0.00281411215271508,-0.000442775223538618));
#1174=CARTESIAN_POINT('',(-0.0170086342812088,-0.00198987778620431,-0.000442775223538618));
#1175=CARTESIAN_POINT('',(-0.0178328686477196,3.85766391602753E-19,-0.000442775223538618));
#1176=CARTESIAN_POINT('',(-0.0170086342812088,0.00198987778620431,-0.000442775223538618));
#1177=CARTESIAN_POINT('',(-0.0173256031756051,-0.00230684668060063,5.40126438873506E-5));
#1178=CARTESIAN_POINT('',(-0.0182811303570253,6.76529512765588E-19,5.40126438873507E-5));
#1179=CARTESIAN_POINT('',(-0.0173256031756051,0.00230684668060063,5.40126438873507E-5));
#1180=CARTESIAN_POINT('',(-0.0150187564950045,0.00326237386202076,5.40126438873506E-5));
#1181=CARTESIAN_POINT('',(-0.0127119098144039,0.00230684668060063,5.40126438873506E-5));
#1182=CARTESIAN_POINT('',(-0.0117563826329837,6.90375503512809E-19,5.40126438873506E-5));
#1183=CARTESIAN_POINT('',(-0.0127119098144039,-0.00230684668060063,5.40126438873506E-5));
#1184=CARTESIAN_POINT('',(-0.0150187564950045,-0.00326237386202076,5.40126438873507E-5));
#1185=CARTESIAN_POINT('',(-0.0173256031756051,-0.00230684668060063,5.40126438873506E-5));
#1186=CARTESIAN_POINT('',(-0.0182811303570253,6.76529512765588E-19,5.40126438873507E-5));
#1187=CARTESIAN_POINT('',(-0.0173256031756051,0.00230684668060063,5.40126438873507E-5));
#1188=CARTESIAN_POINT('',(-0.0175686756694179,-0.00254991917441339,0.000550294139170228));
#1189=CARTESIAN_POINT('',(-0.0186248867744151,2.9082633548967E-19,0.000550294139170228));
#1190=CARTESIAN_POINT('',(-0.0175686756694179,0.00254991917441339,0.000550294139170228));
#1191=CARTESIAN_POINT('',(-0.0150187564950045,0.00360613027941062,0.000550294139170228));
#1192=CARTESIAN_POINT('',(-0.0124688373205911,0.00254991917441339,0.000550294139170228));
#1193=CARTESIAN_POINT('',(-0.0114126262155939,1.55993168753117E-19,0.000550294139170228));
#1194=CARTESIAN_POINT('',(-0.0124688373205911,-0.00254991917441339,0.000550294139170228));
#1195=CARTESIAN_POINT('',(-0.0150187564950045,-0.00360613027941062,0.000550294139170228));
#1196=CARTESIAN_POINT('',(-0.0175686756694179,-0.00254991917441339,0.000550294139170228));
#1197=CARTESIAN_POINT('',(-0.0186248867744151,2.9082633548967E-19,0.000550294139170228));
#1198=CARTESIAN_POINT('',(-0.0175686756694179,0.00254991917441339,0.000550294139170228));
#1199=CARTESIAN_POINT('',(-0.0177540467422387,-0.00273529024723421,0.00110286810004137));
#1200=CARTESIAN_POINT('',(-0.01888704105967,7.62250359240943E-19,0.00110286810004137));
#1201=CARTESIAN_POINT('',(-0.0177540467422387,0.00273529024723421,0.00110286810004137));
#1202=CARTESIAN_POINT('',(-0.0150187564950045,0.00386828456466548,0.00110286810004137));
#1203=CARTESIAN_POINT('',(-0.0122834662477703,0.00273529024723421,0.00110286810004137));
#1204=CARTESIAN_POINT('',(-0.011150471930339,3.06499268536536E-19,0.00110286810004137));
#1205=CARTESIAN_POINT('',(-0.0122834662477703,-0.00273529024723421,0.00110286810004137));
#1206=CARTESIAN_POINT('',(-0.0150187564950045,-0.00386828456466548,0.00110286810004137));
#1207=CARTESIAN_POINT('',(-0.0177540467422387,-0.00273529024723421,0.00110286810004137));
#1208=CARTESIAN_POINT('',(-0.01888704105967,7.62250359240943E-19,0.00110286810004137));
#1209=CARTESIAN_POINT('',(-0.0177540467422387,0.00273529024723421,0.00110286810004137));
#1210=CARTESIAN_POINT('',(-0.0179018910434647,-0.00288313454846022,0.00177526702397602));
#1211=CARTESIAN_POINT('',(-0.0190961244755834,3.03091527097852E-19,0.00177526702397602));
#1212=CARTESIAN_POINT('',(-0.0179018910434647,0.00288313454846022,0.00177526702397602));
#1213=CARTESIAN_POINT('',(-0.0150187564950045,0.00407736798057887,0.00177526702397602));
#1214=CARTESIAN_POINT('',(-0.0121356219465443,0.00288313454846022,0.00177526702397602));
#1215=CARTESIAN_POINT('',(-0.0109413885144256,5.79980737444623E-19,0.00177526702397602));
#1216=CARTESIAN_POINT('',(-0.0121356219465443,-0.00288313454846022,0.00177526702397602));
#1217=CARTESIAN_POINT('',(-0.0150187564950045,-0.00407736798057887,0.00177526702397602));
#1218=CARTESIAN_POINT('',(-0.0179018910434647,-0.00288313454846022,0.00177526702397602));
#1219=CARTESIAN_POINT('',(-0.0190961244755834,3.03091527097852E-19,0.00177526702397602));
#1220=CARTESIAN_POINT('',(-0.0179018910434647,0.00288313454846022,0.00177526702397602));
#1221=CARTESIAN_POINT('',(-0.0179988680659517,-0.00298011157094717,0.00254773284514655));
#1222=CARTESIAN_POINT('',(-0.019233270696023,3.67260224936338E-19,0.00254773284514655));
#1223=CARTESIAN_POINT('',(-0.0179988680659517,0.00298011157094717,0.00254773284514655));
#1224=CARTESIAN_POINT('',(-0.0150187564950045,0.00421451420101848,0.00254773284514655));
#1225=CARTESIAN_POINT('',(-0.0120386449240573,0.00298011157094717,0.00254773284514655));
#1226=CARTESIAN_POINT('',(-0.010804242293986,8.5203472894242E-20,0.00254773284514655));
#1227=CARTESIAN_POINT('',(-0.0120386449240573,-0.00298011157094717,0.00254773284514655));
#1228=CARTESIAN_POINT('',(-0.0150187564950045,-0.00421451420101848,0.00254773284514655));
#1229=CARTESIAN_POINT('',(-0.0179988680659517,-0.00298011157094717,0.00254773284514655));
#1230=CARTESIAN_POINT('',(-0.019233270696023,3.67260224936338E-19,0.00254773284514655));
#1231=CARTESIAN_POINT('',(-0.0179988680659517,0.00298011157094717,0.00254773284514655));
#1232=CARTESIAN_POINT('',(-0.0180132738854956,-0.0029945173904911,0.00335295272721478));
#1233=CARTESIAN_POINT('',(-0.0192536436013991,3.09535744328965E-19,0.00335295272721478));
#1234=CARTESIAN_POINT('',(-0.0180132738854956,0.0029945173904911,0.00335295272721478));
#1235=CARTESIAN_POINT('',(-0.0150187564950045,0.0042348871063946,0.00335295272721478));
#1236=CARTESIAN_POINT('',(-0.0120242391045134,0.0029945173904911,0.00335295272721478));
#1237=CARTESIAN_POINT('',(-0.0107838693886099,-6.70611917891821E-21,0.00335295272721478));
#1238=CARTESIAN_POINT('',(-0.0120242391045134,-0.00299451739049109,0.00335295272721478));
#1239=CARTESIAN_POINT('',(-0.0150187564950045,-0.0042348871063946,0.00335295272721478));
#1240=CARTESIAN_POINT('',(-0.0180132738854956,-0.0029945173904911,0.00335295272721478));
#1241=CARTESIAN_POINT('',(-0.0192536436013991,3.09535744328965E-19,0.00335295272721478));
#1242=CARTESIAN_POINT('',(-0.0180132738854956,0.0029945173904911,0.00335295272721478));
#1243=CARTESIAN_POINT('',(-0.0179181834065976,-0.00289942691159309,0.00413967109068233));
#1244=CARTESIAN_POINT('',(-0.019119165356489,4.7626496891997E-19,0.00413967109068232));
#1245=CARTESIAN_POINT('',(-0.0179181834065976,0.00289942691159308,0.00413967109068233));
#1246=CARTESIAN_POINT('',(-0.0150187564950045,0.00410040886148448,0.00413967109068232));
#1247=CARTESIAN_POINT('',(-0.0121193295834114,0.00289942691159309,0.00413967109068233));
#1248=CARTESIAN_POINT('',(-0.01091834763352,8.12813740017857E-19,0.00413967109068232));
#1249=CARTESIAN_POINT('',(-0.0121193295834114,-0.00289942691159309,0.00413967109068232));
#1250=CARTESIAN_POINT('',(-0.0150187564950045,-0.00410040886148448,0.00413967109068232));
#1251=CARTESIAN_POINT('',(-0.0179181834065976,-0.00289942691159309,0.00413967109068233));
#1252=CARTESIAN_POINT('',(-0.019119165356489,4.7626496891997E-19,0.00413967109068232));
#1253=CARTESIAN_POINT('',(-0.0179181834065976,0.00289942691159308,0.00413967109068233));
#1254=CARTESIAN_POINT('',(-0.0176839958331599,-0.00266523933815541,0.00482934804942467));
#1255=CARTESIAN_POINT('',(-0.0187879741139942,6.47698115352887E-19,0.00482934804942467));
#1256=CARTESIAN_POINT('',(-0.0176839958331599,0.00266523933815541,0.00482934804942467));
#1257=CARTESIAN_POINT('',(-0.0150187564950045,0.00376921761898967,0.00482934804942467));
#1258=CARTESIAN_POINT('',(-0.0123535171568491,0.00266523933815541,0.00482934804942466));
#1259=CARTESIAN_POINT('',(-0.0112495388760148,4.72063547171725E-19,0.00482934804942467));
#1260=CARTESIAN_POINT('',(-0.0123535171568491,-0.00266523933815541,0.00482934804942467));
#1261=CARTESIAN_POINT('',(-0.0150187564950045,-0.00376921761898967,0.00482934804942466));
#1262=CARTESIAN_POINT('',(-0.0176839958331599,-0.00266523933815541,0.00482934804942467));
#1263=CARTESIAN_POINT('',(-0.0187879741139942,6.47698115352887E-19,0.00482934804942467));
#1264=CARTESIAN_POINT('',(-0.0176839958331599,0.00266523933815541,0.00482934804942467));
#1265=CARTESIAN_POINT('',(-0.0172887476385509,-0.00226999114354643,0.0053340560258785));
#1266=CARTESIAN_POINT('',(-0.0182290087566747,5.54448264267353E-20,0.0053340560258785));
#1267=CARTESIAN_POINT('',(-0.0172887476385509,0.00226999114354643,0.00533405602587849));
#1268=CARTESIAN_POINT('',(-0.0150187564950045,0.00321025226167017,0.0053340560258785));
#1269=CARTESIAN_POINT('',(-0.0127487653514581,0.00226999114354643,0.0053340560258785));
#1270=CARTESIAN_POINT('',(-0.0118085042333343,8.30720465255516E-20,0.0053340560258785));
#1271=CARTESIAN_POINT('',(-0.0127487653514581,-0.00226999114354643,0.0053340560258785));
#1272=CARTESIAN_POINT('',(-0.0150187564950045,-0.00321025226167017,0.00533405602587849));
#1273=CARTESIAN_POINT('',(-0.0172887476385509,-0.00226999114354643,0.0053340560258785));
#1274=CARTESIAN_POINT('',(-0.0182290087566747,5.54448264267353E-20,0.0053340560258785));
#1275=CARTESIAN_POINT('',(-0.0172887476385509,0.00226999114354643,0.00533405602587849));
#1276=CARTESIAN_POINT('',(-0.0164825678731265,-0.001463811378122,0.0056091011502088));
#1277=CARTESIAN_POINT('',(-0.0170888983987007,5.56938639088125E-19,0.0056091011502088));
#1278=CARTESIAN_POINT('',(-0.0164825678731265,0.001463811378122,0.0056091011502088));
#1279=CARTESIAN_POINT('',(-0.0150187564950045,0.00207014190369618,0.0056091011502088));
#1280=CARTESIAN_POINT('',(-0.0135549451168825,0.001463811378122,0.0056091011502088));
#1281=CARTESIAN_POINT('',(-0.0129486145913083,7.45039492210891E-19,0.0056091011502088));
#1282=CARTESIAN_POINT('',(-0.0135549451168825,-0.001463811378122,0.0056091011502088));
#1283=CARTESIAN_POINT('',(-0.0150187564950045,-0.00207014190369618,0.0056091011502088));
#1284=CARTESIAN_POINT('',(-0.0164825678731265,-0.001463811378122,0.0056091011502088));
#1285=CARTESIAN_POINT('',(-0.0170888983987007,5.56938639088125E-19,0.0056091011502088));
#1286=CARTESIAN_POINT('',(-0.0164825678731265,0.001463811378122,0.0056091011502088));
#1287=CARTESIAN_POINT('',(-0.0157378728565279,-0.000719116361523337,0.00547168945389525));
#1288=CARTESIAN_POINT('',(-0.0160357406063952,-2.1883820005736E-19,0.00547168945389525));
#1289=CARTESIAN_POINT('',(-0.0157378728565278,0.000719116361523337,0.00547168945389525));
#1290=CARTESIAN_POINT('',(-0.0150187564950045,0.0010169841113907,0.00547168945389525));
#1291=CARTESIAN_POINT('',(-0.0142996401334812,0.000719116361523336,0.00547168945389525));
#1292=CARTESIAN_POINT('',(-0.0140017723836138,-2.37885317659693E-19,0.00547168945389525));
#1293=CARTESIAN_POINT('',(-0.0142996401334812,-0.000719116361523335,0.00547168945389525));
#1294=CARTESIAN_POINT('',(-0.0150187564950045,-0.0010169841113907,0.00547168945389525));
#1295=CARTESIAN_POINT('',(-0.0157378728565279,-0.000719116361523337,0.00547168945389525));
#1296=CARTESIAN_POINT('',(-0.0160357406063952,-2.1883820005736E-19,0.00547168945389525));
#1297=CARTESIAN_POINT('',(-0.0157378728565278,0.000719116361523337,0.00547168945389525));
#1298=CARTESIAN_POINT('',(-0.0154163194802479,-0.000397562985243425,0.00541231493674503));
#1299=CARTESIAN_POINT('',(-0.0155809954606333,6.50521303491303E-20,0.00541231493674503));
#1300=CARTESIAN_POINT('',(-0.0154163194802479,0.000397562985243424,0.00541231493674503));
#1301=CARTESIAN_POINT('',(-0.0150187564950045,0.000562238965628786,0.00541231493674503));
#1302=CARTESIAN_POINT('',(-0.0146211935097611,0.000397562985243425,0.00541231493674503));
#1303=CARTESIAN_POINT('',(-0.0144565175293757,5.4683600332767E-20,0.00541231493674503));
#1304=CARTESIAN_POINT('',(-0.0146211935097611,-0.000397562985243424,0.00541231493674503));
#1305=CARTESIAN_POINT('',(-0.0150187564950045,-0.000562238965628785,0.00541231493674503));
#1306=CARTESIAN_POINT('',(-0.0154163194802479,-0.000397562985243425,0.00541231493674503));
#1307=CARTESIAN_POINT('',(-0.0155809954606333,6.50521303491303E-20,0.00541231493674503));
#1308=CARTESIAN_POINT('',(-0.0154163194802479,0.000397562985243424,0.00541231493674503));
#1309=CARTESIAN_POINT('',(-0.0150187564950045,0.,0.0054123149360293));
#1310=CARTESIAN_POINT('',(-0.0155261034623821,0.,0.0054123149360293));
#1311=CARTESIAN_POINT('',(-0.0150187564950045,0.,-0.00128917841610174));
#1312=CARTESIAN_POINT('',(-0.0153494048691555,0.,-0.00128917841610174));
#1313=CARTESIAN_POINT('',(-0.0151840806820847,0.,-0.00128917841610174));
#1314=CARTESIAN_POINT('',(-0.0150187564950045,0.,0.00736893307701207));
#1315=CARTESIAN_POINT('',(-0.0150187564950045,0.,0.00535354308627117));
#1316=CARTESIAN_POINT('',(-0.0150187564950045,0.,0.00538027790523713));
#1317=CARTESIAN_POINT('',(-0.015310666202176,0.,0.00538027790523713));
#1318=CARTESIAN_POINT('',(-0.0152475003349627,-0.00022874383995818,0.00538027790523713));
#1319=CARTESIAN_POINT('',(-0.0153422491357827,-6.7762635780344E-20,0.00538027790523713));
#1320=CARTESIAN_POINT('',(-0.0152475003349627,0.000228743839958181,0.00538027790523713));
#1321=CARTESIAN_POINT('',(-0.0150187564950045,0.00032349264077816,0.00538027790523713));
#1322=CARTESIAN_POINT('',(-0.0147900126550463,0.000228743839958181,0.00538027790523713));
#1323=CARTESIAN_POINT('',(-0.0146952638542263,3.82753013040537E-20,0.00538027790523713));
#1324=CARTESIAN_POINT('',(-0.0147900126550463,-0.000228743839958181,0.00538027790523713));
#1325=CARTESIAN_POINT('',(-0.0150187564950045,-0.00032349264077816,0.00538027790523713));
#1326=CARTESIAN_POINT('',(-0.0152475003349627,-0.00022874383995818,0.00538027790523713));
#1327=CARTESIAN_POINT('',(-0.0153422491357827,-6.7762635780344E-20,0.00538027790523713));
#1328=CARTESIAN_POINT('',(-0.0152475003349627,0.000228743839958181,0.00538027790523713));
#1329=CARTESIAN_POINT('',(-0.0153244613482827,-0.000305704853278231,0.00537102774180267));
#1330=CARTESIAN_POINT('',(-0.0154510884445939,-1.01643953670516E-19,0.00537102774180267));
#1331=CARTESIAN_POINT('',(-0.0153244613482827,0.000305704853278232,0.00537102774180267));
#1332=CARTESIAN_POINT('',(-0.0150187564950045,0.000432331949589352,0.00537102774180267));
#1333=CARTESIAN_POINT('',(-0.0147130516417263,0.000305704853278232,0.00537102774180267));
#1334=CARTESIAN_POINT('',(-0.0145864245454151,5.0821976835258E-20,0.00537102774180267));
#1335=CARTESIAN_POINT('',(-0.0147130516417263,-0.000305704853278232,0.00537102774180267));
#1336=CARTESIAN_POINT('',(-0.0150187564950045,-0.000432331949589352,0.00537102774180267));
#1337=CARTESIAN_POINT('',(-0.0153244613482827,-0.000305704853278231,0.00537102774180267));
#1338=CARTESIAN_POINT('',(-0.0154510884445939,-1.01643953670516E-19,0.00537102774180267));
#1339=CARTESIAN_POINT('',(-0.0153244613482827,0.000305704853278232,0.00537102774180267));
#1340=CARTESIAN_POINT('',(-0.0153854790921948,-0.000366722597190282,0.00535611699726517));
#1341=CARTESIAN_POINT('',(-0.0155373805655797,-8.80914265144472E-20,0.00535611699726517));
#1342=CARTESIAN_POINT('',(-0.0153854790921948,0.000366722597190282,0.00535611699726517));
#1343=CARTESIAN_POINT('',(-0.0150187564950045,0.000518624070575183,0.00535611699726517));
#1344=CARTESIAN_POINT('',(-0.0146520338978142,0.000366722597190283,0.00535611699726517));
#1345=CARTESIAN_POINT('',(-0.0145001324244293,3.48342299558331E-20,0.00535611699726517));
#1346=CARTESIAN_POINT('',(-0.0146520338978142,-0.000366722597190282,0.00535611699726517));
#1347=CARTESIAN_POINT('',(-0.0150187564950045,-0.000518624070575183,0.00535611699726517));
#1348=CARTESIAN_POINT('',(-0.0153854790921948,-0.000366722597190282,0.00535611699726517));
#1349=CARTESIAN_POINT('',(-0.0155373805655797,-8.80914265144472E-20,0.00535611699726517));
#1350=CARTESIAN_POINT('',(-0.0153854790921948,0.000366722597190282,0.00535611699726517));
#1351=CARTESIAN_POINT('',(-0.0154163194764949,-0.000397562981490395,0.0054123149360293));
#1352=CARTESIAN_POINT('',(-0.0155809954553257,-9.48676900924816E-20,0.0054123149360293));
#1353=CARTESIAN_POINT('',(-0.0154163194764949,0.000397562981490395,0.0054123149360293));
#1354=CARTESIAN_POINT('',(-0.0150187564950045,0.0005622389603212,0.0054123149360293));
#1355=CARTESIAN_POINT('',(-0.0146211935135141,0.000397562981490395,0.0054123149360293));
#1356=CARTESIAN_POINT('',(-0.0144565175346833,9.73029098158378E-20,0.0054123149360293));
#1357=CARTESIAN_POINT('',(-0.0146211935135141,-0.000397562981490395,0.0054123149360293));
#1358=CARTESIAN_POINT('',(-0.0150187564950045,-0.000562238960321201,0.0054123149360293));
#1359=CARTESIAN_POINT('',(-0.0154163194764949,-0.000397562981490395,0.0054123149360293));
#1360=CARTESIAN_POINT('',(-0.0155809954553257,-9.48676900924816E-20,0.0054123149360293));
#1361=CARTESIAN_POINT('',(-0.0154163194764949,0.000397562981490395,0.0054123149360293));
#1362=MECHANICAL_DESIGN_GEOMETRIC_PRESENTATION_REPRESENTATION('',(#423),
#1366);
#1363=MECHANICAL_DESIGN_GEOMETRIC_PRESENTATION_REPRESENTATION('',(#424),
#1367);
#1364=MECHANICAL_DESIGN_GEOMETRIC_PRESENTATION_REPRESENTATION('',(#425),
#1368);
#1365=MECHANICAL_DESIGN_GEOMETRIC_PRESENTATION_REPRESENTATION('',(#426),
#1369);
#1366=(
GEOMETRIC_REPRESENTATION_CONTEXT(3)
GLOBAL_UNCERTAINTY_ASSIGNED_CONTEXT((#1370))
GLOBAL_UNIT_ASSIGNED_CONTEXT((#1382,#1378,#1374))
REPRESENTATION_CONTEXT('Part 3','TOP_LEVEL_ASSEMBLY_PART')
);
#1367=(
GEOMETRIC_REPRESENTATION_CONTEXT(3)
GLOBAL_UNCERTAINTY_ASSIGNED_CONTEXT((#1371))
GLOBAL_UNIT_ASSIGNED_CONTEXT((#1383,#1379,#1375))
REPRESENTATION_CONTEXT('Part 1','TOP_LEVEL_ASSEMBLY_PART')
);
#1368=(
GEOMETRIC_REPRESENTATION_CONTEXT(3)
GLOBAL_UNCERTAINTY_ASSIGNED_CONTEXT((#1372))
GLOBAL_UNIT_ASSIGNED_CONTEXT((#1384,#1380,#1376))
REPRESENTATION_CONTEXT('Part 4','TOP_LEVEL_ASSEMBLY_PART')
);
#1369=(
GEOMETRIC_REPRESENTATION_CONTEXT(3)
GLOBAL_UNCERTAINTY_ASSIGNED_CONTEXT((#1373))
GLOBAL_UNIT_ASSIGNED_CONTEXT((#1385,#1381,#1377))
REPRESENTATION_CONTEXT('Part 2','TOP_LEVEL_ASSEMBLY_PART')
);
#1370=UNCERTAINTY_MEASURE_WITH_UNIT(LENGTH_MEASURE(2.E-5),#1382,
'DISTANCE_ACCURACY_VALUE','Maximum Tolerance applied to model');
#1371=UNCERTAINTY_MEASURE_WITH_UNIT(LENGTH_MEASURE(1.E-6),#1383,
'DISTANCE_ACCURACY_VALUE','Maximum Tolerance applied to model');
#1372=UNCERTAINTY_MEASURE_WITH_UNIT(LENGTH_MEASURE(1.E-8),#1384,
'DISTANCE_ACCURACY_VALUE','Maximum Tolerance applied to model');
#1373=UNCERTAINTY_MEASURE_WITH_UNIT(LENGTH_MEASURE(2.E-5),#1385,
'DISTANCE_ACCURACY_VALUE','Maximum Tolerance applied to model');
#1374=(
NAMED_UNIT(*)
SI_UNIT($,.STERADIAN.)
SOLID_ANGLE_UNIT()
);
#1375=(
NAMED_UNIT(*)
SI_UNIT($,.STERADIAN.)
SOLID_ANGLE_UNIT()
);
#1376=(
NAMED_UNIT(*)
SI_UNIT($,.STERADIAN.)
SOLID_ANGLE_UNIT()
);
#1377=(
NAMED_UNIT(*)
SI_UNIT($,.STERADIAN.)
SOLID_ANGLE_UNIT()
);
#1378=(
NAMED_UNIT(*)
PLANE_ANGLE_UNIT()
SI_UNIT($,.RADIAN.)
);
#1379=(
NAMED_UNIT(*)
PLANE_ANGLE_UNIT()
SI_UNIT($,.RADIAN.)
);
#1380=(
NAMED_UNIT(*)
PLANE_ANGLE_UNIT()
SI_UNIT($,.RADIAN.)
);
#1381=(
NAMED_UNIT(*)
PLANE_ANGLE_UNIT()
SI_UNIT($,.RADIAN.)
);
#1382=(
LENGTH_UNIT()
NAMED_UNIT(*)
SI_UNIT($,.METRE.)
);
#1383=(
LENGTH_UNIT()
NAMED_UNIT(*)
SI_UNIT($,.METRE.)
);
#1384=(
LENGTH_UNIT()
NAMED_UNIT(*)
SI_UNIT($,.METRE.)
);
#1385=(
LENGTH_UNIT()
NAMED_UNIT(*)
SI_UNIT($,.METRE.)
);
#1386=PRODUCT_DEFINITION_SHAPE('','',#1390);
#1387=PRODUCT_DEFINITION_SHAPE('','',#1391);
#1388=PRODUCT_DEFINITION_SHAPE('','',#1392);
#1389=PRODUCT_DEFINITION_SHAPE('','',#1393);
#1390=PRODUCT_DEFINITION('','',#1398,#1394);
#1391=PRODUCT_DEFINITION('','',#1399,#1395);
#1392=PRODUCT_DEFINITION('','',#1400,#1396);
#1393=PRODUCT_DEFINITION('','',#1401,#1397);
#1394=PRODUCT_DEFINITION_CONTEXT('',#1422,'design');
#1395=PRODUCT_DEFINITION_CONTEXT('',#1423,'design');
#1396=PRODUCT_DEFINITION_CONTEXT('',#1424,'design');
#1397=PRODUCT_DEFINITION_CONTEXT('',#1425,'design');
#1398=PRODUCT_DEFINITION_FORMATION_WITH_SPECIFIED_SOURCE('','',#1406,
 .NOT_KNOWN.);
#1399=PRODUCT_DEFINITION_FORMATION_WITH_SPECIFIED_SOURCE('','',#1407,
 .NOT_KNOWN.);
#1400=PRODUCT_DEFINITION_FORMATION_WITH_SPECIFIED_SOURCE('','',#1408,
 .NOT_KNOWN.);
#1401=PRODUCT_DEFINITION_FORMATION_WITH_SPECIFIED_SOURCE('','',#1409,
 .NOT_KNOWN.);
#1402=PRODUCT_RELATED_PRODUCT_CATEGORY('','',(#1406));
#1403=PRODUCT_RELATED_PRODUCT_CATEGORY('','',(#1407));
#1404=PRODUCT_RELATED_PRODUCT_CATEGORY('','',(#1408));
#1405=PRODUCT_RELATED_PRODUCT_CATEGORY('','',(#1409));
#1406=PRODUCT('Part 3','Part 3','Part 3',(#1414));
#1407=PRODUCT('Part 1','Part 1','Part 1',(#1415));
#1408=PRODUCT('Part 4','Part 4','Part 4',(#1416));
#1409=PRODUCT('Part 2','Part 2','Part 2',(#1417));
#1410=PRODUCT_CATEGORY('','');
#1411=PRODUCT_CATEGORY('','');
#1412=PRODUCT_CATEGORY('','');
#1413=PRODUCT_CATEGORY('','');
#1414=PRODUCT_CONTEXT('',#1422,'mechanical');
#1415=PRODUCT_CONTEXT('',#1423,'mechanical');
#1416=PRODUCT_CONTEXT('',#1424,'mechanical');
#1417=PRODUCT_CONTEXT('',#1425,'mechanical');
#1418=APPLICATION_PROTOCOL_DEFINITION('international standard',
'ap242_managed_model_based_3d_engineering',2020,#1422);
#1419=APPLICATION_PROTOCOL_DEFINITION('international standard',
'ap242_managed_model_based_3d_engineering',2020,#1423);
#1420=APPLICATION_PROTOCOL_DEFINITION('international standard',
'ap242_managed_model_based_3d_engineering',2020,#1424);
#1421=APPLICATION_PROTOCOL_DEFINITION('international standard',
'ap242_managed_model_based_3d_engineering',2020,#1425);
#1422=APPLICATION_CONTEXT('managed model based 3d engineering');
#1423=APPLICATION_CONTEXT('managed model based 3d engineering');
#1424=APPLICATION_CONTEXT('managed model based 3d engineering');
#1425=APPLICATION_CONTEXT('managed model based 3d engineering');
ENDSEC;
END-ISO-10303-21;
