ISO-10303-21;
HEADER;
/* Generated by software containing ST-Developer
 * from STEP Tools, Inc. (www.steptools.com) 
 */
/* OPTION: using custom renumber hook */

FILE_DESCRIPTION(
/* description */ ('STEP AP242 Edition 2',
'CAx-IF Rec.Pracs.---Representation and Presentation of Product Manufa
cturing Information (PMI)---4.0---2014-10-13',
'CAx-IF Rec.Pracs.---3D Tessellated Geometry---0.4---2014-09-14','2;1',
'CAx-IF Rec.Pracs.---User Defined Attributes---1.5---2016-08-15'),
/* implementation_level */ '2;1');

FILE_NAME(
/* name */ 'surfboard',
/* time_stamp */ '2026-09-08T02:26:14Z',
/* author */ (''),
/* organization */ (''),
/* preprocessor_version */ 'ST-DEVELOPER v20',
/* originating_system */ 'ONSHAPE BY PTC INC, 1.220',
/* authorisation */ '  ');

FILE_SCHEMA (('AP242_MANAGED_MODEL_BASED_3D_ENGINEERING_MIM_LF { 1 0 10303 442 3 1 4 }'));
ENDSEC;

DATA;
#10=SHAPE_REPRESENTATION_RELATIONSHIP('','',#135,#11);
#11=ADVANCED_BREP_SHAPE_REPRESENTATION('',(#133),#1459);
#12=CIRCLE('',#139,0.000254);
#13=CIRCLE('',#140,0.000254);
#14=(
BOUNDED_SURFACE()
B_SPLINE_SURFACE(3,2,((#501,#502,#503),(#504,#505,#506),(#507,#508,#509),
(#510,#511,#512),(#513,#514,#515),(#516,#517,#518),(#519,#520,#521),(#522,
#523,#524),(#525,#526,#527),(#528,#529,#530),(#531,#532,#533),(#534,#535,
#536),(#537,#538,#539),(#540,#541,#542),(#543,#544,#545),(#546,#547,#548),
(#549,#550,#551),(#552,#553,#554),(#555,#556,#557),(#558,#559,#560),(#561,
#562,#563),(#564,#565,#566),(#567,#568,#569),(#570,#571,#572),(#573,#574,
#575),(#576,#577,#578),(#579,#580,#581),(#582,#583,#584),(#585,#586,#587),
(#588,#589,#590),(#591,#592,#593),(#594,#595,#596),(#597,#598,#599),(#600,
#601,#602),(#603,#604,#605),(#606,#607,#608),(#609,#610,#611),(#612,#613,
#614),(#615,#616,#617),(#618,#619,#620),(#621,#622,#623)),.UNSPECIFIED.,
 .F.,.F.,.F.)
B_SPLINE_SURFACE_WITH_KNOTS((4,1,1,1,1,1,1,1,1,1,1,1,1,1,1,1,1,1,1,1,1,
1,1,1,1,1,1,1,1,1,1,1,1,1,1,1,1,1,4),(3,3),(0.0467000134605362,0.0475545819043553,
0.0484091503481744,0.0492637187919935,0.0501182872358127,0.0509728556796318,
0.0518274241234509,0.0535365610110891,0.0552456978987274,0.0569548347863656,
0.0603731085616421,0.0637913823369186,0.0672096561121951,0.0740462036627481,
0.080882751213301,0.087719298763854,0.094555846314407,0.10139239386496,
0.108228941415513,0.115065488966066,0.121902036516619,0.128738584067172,
0.135575131617725,0.138993405393001,0.142411679168278,0.145829952943554,
0.149248226718831,0.150957363606469,0.152666500494107,0.153521068937926,
0.154375637381745,0.154802921603655,0.155230205825565,0.155337026881042,
0.155390437408781,0.155443847936519,0.155550668991997,0.155657490047474,
0.156084774269384),(0.,1.),.UNSPECIFIED.)
GEOMETRIC_REPRESENTATION_ITEM()
RATIONAL_B_SPLINE_SURFACE(((1.,0.707106781186547,1.),(1.,0.707106781186547,
1.),(1.,0.707106781186565,1.),(1.,0.707106781186544,1.),(1.,0.70710678118655,
1.),(1.,0.707106781186539,1.),(1.,0.707106781186558,1.),(1.,0.707106781186534,
1.),(1.,0.707106781186552,1.),(1.,0.707106781186546,1.),(1.,0.707106781186548,
1.),(1.,0.707106781186548,1.),(1.,0.707106781186547,1.),(1.,0.707106781186549,
1.),(1.,0.707106781186547,1.),(1.,0.707106781186547,1.),(1.,0.707106781186548,
1.),(1.,0.707106781186547,1.),(1.,0.707106781186549,1.),(1.,0.707106781186544,
1.),(1.,0.707106781186547,1.),(1.,0.707106781186547,1.),(1.,0.707106781186545,
1.),(1.,0.707106781186547,1.),(1.,0.707106781186548,1.),(1.,0.707106781186547,
1.),(1.,0.707106781186547,1.),(1.,0.707106781186551,1.),(1.,0.70710678118654,
1.),(1.,0.70710678118655,1.),(1.,0.707106781186545,1.),(1.,0.707106781186552,
1.),(1.,0.707106781186541,1.),(1.,0.707106781186547,1.),(1.,0.707106781186548,
1.),(1.,0.707106781186546,1.),(1.,0.70710678118655,1.),(1.,0.707106781186533,
1.),(1.,0.707106781186565,1.),(1.,0.707106781186547,1.),(1.,0.707106781186547,
1.)))
REPRESENTATION_ITEM('')
SURFACE()
);
#15=(
BOUNDED_SURFACE()
B_SPLINE_SURFACE(3,2,((#629,#630,#631),(#632,#633,#634),(#635,#636,#637),
(#638,#639,#640),(#641,#642,#643),(#644,#645,#646),(#647,#648,#649),(#650,
#651,#652),(#653,#654,#655),(#656,#657,#658),(#659,#660,#661),(#662,#663,
#664),(#665,#666,#667),(#668,#669,#670),(#671,#672,#673),(#674,#675,#676),
(#677,#678,#679),(#680,#681,#682),(#683,#684,#685),(#686,#687,#688),(#689,
#690,#691),(#692,#693,#694),(#695,#696,#697),(#698,#699,#700),(#701,#702,
#703),(#704,#705,#706),(#707,#708,#709),(#710,#711,#712),(#713,#714,#715),
(#716,#717,#718),(#719,#720,#721),(#722,#723,#724),(#725,#726,#727),(#728,
#729,#730),(#731,#732,#733),(#734,#735,#736),(#737,#738,#739),(#740,#741,
#742),(#743,#744,#745),(#746,#747,#748),(#749,#750,#751),(#752,#753,#754)),
 .UNSPECIFIED.,.F.,.F.,.F.)
B_SPLINE_SURFACE_WITH_KNOTS((4,1,1,1,1,1,1,1,1,1,1,1,1,1,1,1,1,1,1,1,1,
1,1,1,1,1,1,1,1,1,1,1,1,1,1,1,1,1,1,4),(3,3),(6.93889390390723E-18,0.00172547162868725,
0.00345094325737448,0.0043136790717181,0.00517641488606172,0.00603915070040534,
0.00647051860757715,0.00690188651474896,0.00776462232909258,0.0086273581434362,
0.00949009395777982,0.0103528297721234,0.0120783014008107,0.0138037730294979,
0.0155292446581852,0.0172547162868724,0.0207056595442469,0.0241566028016213,
0.0276075460589958,0.0345094325737448,0.0414113190884937,0.0483132056032427,
0.0552150921179916,0.0621169786327406,0.0690188651474895,0.0759207516622385,
0.0828226381769875,0.0897245246917364,0.0966264112064854,0.10007735446386,
0.103528297721234,0.106979240978609,0.107841976792952,0.108704712607296,
0.109136080514468,0.10956744842164,0.109675290398433,0.109783132375226,
0.109998816328811,0.110430184235983),(0.,1.),.UNSPECIFIED.)
GEOMETRIC_REPRESENTATION_ITEM()
RATIONAL_B_SPLINE_SURFACE(((1.,0.707106781186547,1.),(1.,0.707106781186547,
1.),(1.,0.707106781186546,1.),(1.,0.707106781186548,1.),(1.,0.707106781186548,
1.),(1.,0.707106781186548,1.),(1.,0.707106781186547,1.),(1.,0.707106781186548,
1.),(1.,0.707106781186547,1.),(1.,0.707106781186547,1.),(1.,0.707106781186548,
1.),(1.,0.707106781186547,1.),(1.,0.707106781186547,1.),(1.,0.707106781186547,
1.),(1.,0.707106781186548,1.),(1.,0.707106781186548,1.),(1.,0.707106781186548,
1.),(1.,0.707106781186547,1.),(1.,0.707106781186548,1.),(1.,0.707106781186547,
1.),(1.,0.707106781186548,1.),(1.,0.707106781186547,1.),(1.,0.707106781186548,
1.),(1.,0.707106781186546,1.),(1.,0.707106781186549,1.),(1.,0.707106781186546,
1.),(1.,0.707106781186549,1.),(1.,0.707106781186545,1.),(1.,0.707106781186548,
1.),(1.,0.707106781186547,1.),(1.,0.707106781186548,1.),(1.,0.707106781186546,
1.),(1.,0.707106781186572,1.),(1.,0.707106781186545,1.),(1.,0.707106781186546,
1.),(1.,0.707106781186552,1.),(1.,0.707106781186549,1.),(1.,0.707106781186547,
1.),(1.,0.707106781186552,1.),(1.,0.707106781186559,1.),(1.,0.707106781186548,
1.),(1.,0.707106781186548,1.)))
REPRESENTATION_ITEM('')
SURFACE()
);
#16=(
BOUNDED_SURFACE()
B_SPLINE_SURFACE(3,2,((#975,#976,#977),(#978,#979,#980),(#981,#982,#983),
(#984,#985,#986),(#987,#988,#989),(#990,#991,#992),(#993,#994,#995),(#996,
#997,#998),(#999,#1000,#1001),(#1002,#1003,#1004),(#1005,#1006,#1007),(#1008,
#1009,#1010),(#1011,#1012,#1013),(#1014,#1015,#1016),(#1017,#1018,#1019),
(#1020,#1021,#1022),(#1023,#1024,#1025),(#1026,#1027,#1028),(#1029,#1030,
#1031),(#1032,#1033,#1034),(#1035,#1036,#1037),(#1038,#1039,#1040),(#1041,
#1042,#1043),(#1044,#1045,#1046),(#1047,#1048,#1049),(#1050,#1051,#1052),
(#1053,#1054,#1055),(#1056,#1057,#1058),(#1059,#1060,#1061),(#1062,#1063,
#1064),(#1065,#1066,#1067),(#1068,#1069,#1070),(#1071,#1072,#1073),(#1074,
#1075,#1076),(#1077,#1078,#1079),(#1080,#1081,#1082),(#1083,#1084,#1085),
(#1086,#1087,#1088),(#1089,#1090,#1091),(#1092,#1093,#1094),(#1095,#1096,
#1097)),.UNSPECIFIED.,.F.,.F.,.F.)
B_SPLINE_SURFACE_WITH_KNOTS((4,1,1,1,1,1,1,1,1,1,1,1,1,1,1,1,1,1,1,1,1,
1,1,1,1,1,1,1,1,1,1,1,1,1,1,1,1,1,4),(3,3),(0.0470881017529881,0.0479430727759116,
0.048798043798835,0.0496530148217585,0.0505079858446819,0.0513629568676054,
0.0522179278905288,0.0539278699363757,0.0556378119822226,0.0573477540280695,
0.0607676381197633,0.0641875222114571,0.0676074063031509,0.0744471744865384,
0.081286942669926,0.0881267108533136,0.0949664790367012,0.101806247220089,
0.108646015403476,0.115485783586864,0.122325551770251,0.129165319953639,
0.136005088137027,0.13942497222872,0.142844856320414,0.146264740412108,
0.149684624503802,0.151394566549649,0.153104508595496,0.153959479618419,
0.154814450641342,0.155241936152804,0.155669421664266,0.155776293042131,
0.155829728731064,0.155883164419997,0.155990035797862,0.156096907175728,
0.156524392687189),(0.,1.),.UNSPECIFIED.)
GEOMETRIC_REPRESENTATION_ITEM()
RATIONAL_B_SPLINE_SURFACE(((1.,0.707106781186548,1.),(1.,0.707106781186548,
1.),(1.,0.707106781186547,1.),(1.,0.70710678118655,1.),(1.,0.707106781186547,
1.),(1.,0.707106781186549,1.),(1.,0.707106781186546,1.),(1.,0.707106781186555,
1.),(1.,0.707106781186547,1.),(1.,0.707106781186542,1.),(1.,0.70710678118655,
1.),(1.,0.707106781186545,1.),(1.,0.707106781186549,1.),(1.,0.707106781186545,
1.),(1.,0.707106781186548,1.),(1.,0.707106781186547,1.),(1.,0.707106781186549,
1.),(1.,0.707106781186547,1.),(1.,0.707106781186548,1.),(1.,0.707106781186548,
1.),(1.,0.707106781186547,1.),(1.,0.707106781186548,1.),(1.,0.707106781186547,
1.),(1.,0.707106781186545,1.),(1.,0.707106781186546,1.),(1.,0.707106781186554,
1.),(1.,0.707106781186547,1.),(1.,0.707106781186545,1.),(1.,0.70710678118655,
1.),(1.,0.707106781186545,1.),(1.,0.707106781186552,1.),(1.,0.707106781186554,
1.),(1.,0.707106781186548,1.),(1.,0.707106781186539,1.),(1.,0.707106781186554,
1.),(1.,0.707106781186547,1.),(1.,0.707106781186548,1.),(1.,0.707106781186551,
1.),(1.,0.707106781186542,1.),(1.,0.707106781186556,1.),(1.,0.707106781186556,
1.)))
REPRESENTATION_ITEM('')
SURFACE()
);
#17=(
BOUNDED_SURFACE()
B_SPLINE_SURFACE(3,2,((#1103,#1104,#1105),(#1106,#1107,#1108),(#1109,#1110,
#1111),(#1112,#1113,#1114),(#1115,#1116,#1117),(#1118,#1119,#1120),(#1121,
#1122,#1123),(#1124,#1125,#1126),(#1127,#1128,#1129),(#1130,#1131,#1132),
(#1133,#1134,#1135),(#1136,#1137,#1138),(#1139,#1140,#1141),(#1142,#1143,
#1144),(#1145,#1146,#1147),(#1148,#1149,#1150),(#1151,#1152,#1153),(#1154,
#1155,#1156),(#1157,#1158,#1159),(#1160,#1161,#1162),(#1163,#1164,#1165),
(#1166,#1167,#1168),(#1169,#1170,#1171),(#1172,#1173,#1174),(#1175,#1176,
#1177),(#1178,#1179,#1180),(#1181,#1182,#1183),(#1184,#1185,#1186),(#1187,
#1188,#1189),(#1190,#1191,#1192),(#1193,#1194,#1195),(#1196,#1197,#1198),
(#1199,#1200,#1201),(#1202,#1203,#1204),(#1205,#1206,#1207),(#1208,#1209,
#1210),(#1211,#1212,#1213),(#1214,#1215,#1216),(#1217,#1218,#1219),(#1220,
#1221,#1222),(#1223,#1224,#1225),(#1226,#1227,#1228),(#1229,#1230,#1231),
(#1232,#1233,#1234),(#1235,#1236,#1237)),.UNSPECIFIED.,.F.,.F.,.F.)
B_SPLINE_SURFACE_WITH_KNOTS((4,1,1,1,1,1,1,1,1,1,1,1,1,1,1,1,1,1,1,1,1,
1,1,1,1,1,1,1,1,1,1,1,1,1,1,1,1,1,1,1,1,1,4),(3,3),(-2.08166817117217E-17,
0.0017690373671465,0.00353807473429302,0.00442259341786628,0.00530711210143954,
0.0061916307850128,0.00663389012679943,0.00707614946858606,0.00751840881037269,
0.00796066815215932,0.00884518683573258,0.00972970551930584,0.0106142242028791,
0.0123832615700256,0.0141522989371721,0.0159213363043187,0.0176903736714652,
0.0212284484057582,0.0247665231400513,0.0283045978743443,0.0353807473429304,
0.0424568968115164,0.0495330462801025,0.0566091957486886,0.0636853452172747,
0.0707614946858608,0.0778376441544468,0.0849137936230329,0.091989943091619,
0.095528017825912,0.0990660925602051,0.102604167294498,0.106142242028791,
0.107911279395938,0.109680316763084,0.110564835446657,0.111449354130231,
0.111891613472017,0.112333872813804,0.112444437649251,0.112555002484697,
0.112776132155591,0.113218391497377),(0.,1.),.UNSPECIFIED.)
GEOMETRIC_REPRESENTATION_ITEM()
RATIONAL_B_SPLINE_SURFACE(((1.,0.707106781186548,1.),(1.,0.707106781186548,
1.),(1.,0.707106781186546,1.),(1.,0.707106781186554,1.),(1.,0.707106781186536,
1.),(1.,0.707106781186535,1.),(1.,0.707106781186549,1.),(1.,0.707106781186548,
1.),(1.,0.707106781186547,1.),(1.,0.707106781186547,1.),(1.,0.707106781186546,
1.),(1.,0.707106781186548,1.),(1.,0.707106781186546,1.),(1.,0.707106781186549,
1.),(1.,0.707106781186553,1.),(1.,0.707106781186545,1.),(1.,0.707106781186549,
1.),(1.,0.707106781186546,1.),(1.,0.707106781186548,1.),(1.,0.707106781186547,
1.),(1.,0.707106781186548,1.),(1.,0.707106781186546,1.),(1.,0.707106781186548,
1.),(1.,0.707106781186549,1.),(1.,0.707106781186536,1.),(1.,0.707106781186535,
1.),(1.,0.707106781186552,1.),(1.,0.707106781186546,1.),(1.,0.707106781186547,
1.),(1.,0.707106781186548,1.),(1.,0.707106781186548,1.),(1.,0.707106781186548,
1.),(1.,0.707106781186545,1.),(1.,0.707106781186555,1.),(1.,0.707106781186547,
1.),(1.,0.707106781186545,1.),(1.,0.707106781186552,1.),(1.,0.707106781186559,
1.),(1.,0.707106781186543,1.),(1.,0.707106781186528,1.),(1.,0.707106781186557,
1.),(1.,0.707106781186556,1.),(1.,0.707106781186528,1.),(1.,0.70710678118654,
1.),(1.,0.70710678118654,1.)))
REPRESENTATION_ITEM('')
SURFACE()
);
#18=PLANE('',#137);
#19=PLANE('',#138);
#20=ORIENTED_EDGE('',*,*,#52,.T.);
#21=ORIENTED_EDGE('',*,*,#53,.T.);
#22=ORIENTED_EDGE('',*,*,#54,.T.);
#23=ORIENTED_EDGE('',*,*,#55,.T.);
#24=ORIENTED_EDGE('',*,*,#56,.T.);
#25=ORIENTED_EDGE('',*,*,#57,.T.);
#26=ORIENTED_EDGE('',*,*,#58,.T.);
#27=ORIENTED_EDGE('',*,*,#59,.T.);
#28=ORIENTED_EDGE('',*,*,#60,.T.);
#29=ORIENTED_EDGE('',*,*,#61,.T.);
#30=ORIENTED_EDGE('',*,*,#62,.F.);
#31=ORIENTED_EDGE('',*,*,#52,.F.);
#32=ORIENTED_EDGE('',*,*,#63,.F.);
#33=ORIENTED_EDGE('',*,*,#61,.F.);
#34=ORIENTED_EDGE('',*,*,#63,.T.);
#35=ORIENTED_EDGE('',*,*,#54,.F.);
#36=ORIENTED_EDGE('',*,*,#64,.F.);
#37=ORIENTED_EDGE('',*,*,#60,.F.);
#38=ORIENTED_EDGE('',*,*,#53,.F.);
#39=ORIENTED_EDGE('',*,*,#62,.T.);
#40=ORIENTED_EDGE('',*,*,#64,.T.);
#41=ORIENTED_EDGE('',*,*,#65,.F.);
#42=ORIENTED_EDGE('',*,*,#58,.F.);
#43=ORIENTED_EDGE('',*,*,#66,.F.);
#44=ORIENTED_EDGE('',*,*,#56,.F.);
#45=ORIENTED_EDGE('',*,*,#66,.T.);
#46=ORIENTED_EDGE('',*,*,#59,.F.);
#47=ORIENTED_EDGE('',*,*,#67,.F.);
#48=ORIENTED_EDGE('',*,*,#57,.F.);
#49=ORIENTED_EDGE('',*,*,#65,.T.);
#50=ORIENTED_EDGE('',*,*,#55,.F.);
#51=ORIENTED_EDGE('',*,*,#67,.T.);
#52=EDGE_CURVE('',#68,#69,#78,.T.);
#53=EDGE_CURVE('',#69,#70,#79,.T.);
#54=EDGE_CURVE('',#70,#68,#80,.T.);
#55=EDGE_CURVE('',#71,#72,#81,.T.);
#56=EDGE_CURVE('',#72,#73,#82,.T.);
#57=EDGE_CURVE('',#73,#71,#83,.T.);
#58=EDGE_CURVE('',#74,#75,#84,.T.);
#59=EDGE_CURVE('',#75,#74,#85,.T.);
#60=EDGE_CURVE('',#76,#77,#86,.T.);
#61=EDGE_CURVE('',#77,#76,#87,.T.);
#62=EDGE_CURVE('',#69,#77,#88,.T.);
#63=EDGE_CURVE('',#76,#68,#12,.T.);
#64=EDGE_CURVE('',#77,#70,#89,.F.);
#65=EDGE_CURVE('',#75,#72,#90,.T.);
#66=EDGE_CURVE('',#73,#74,#13,.T.);
#67=EDGE_CURVE('',#71,#75,#91,.F.);
#68=VERTEX_POINT('',#234);
#69=VERTEX_POINT('',#235);
#70=VERTEX_POINT('',#240);
#71=VERTEX_POINT('',#282);
#72=VERTEX_POINT('',#283);
#73=VERTEX_POINT('',#319);
#74=VERTEX_POINT('',#390);
#75=VERTEX_POINT('',#391);
#76=VERTEX_POINT('',#464);
#77=VERTEX_POINT('',#465);
#78=B_SPLINE_CURVE_WITH_KNOTS('',3,(#198,#199,#200,#201,#202,#203,#204,
#205,#206,#207,#208,#209,#210,#211,#212,#213,#214,#215,#216,#217,#218,#219,
#220,#221,#222,#223,#224,#225,#226,#227,#228,#229,#230,#231,#232,#233),
 .UNSPECIFIED.,.F.,.F.,(4,1,1,1,1,1,1,1,1,1,1,1,1,1,1,1,1,1,1,1,1,1,1,1,
1,1,1,1,1,1,1,1,1,4),(0.,0.000850243512321695,0.00170048702464339,0.00255073053696509,
0.00340097404928678,0.00425121756160848,0.00510146107393017,0.00680194809857356,
0.00850243512321695,0.0102029221478603,0.0136038961971471,0.0170048702464339,
0.0204058442957207,0.0272077923942943,0.0340097404928678,0.0408116885914414,
0.0476136366900149,0.0544155847885885,0.0612175328871621,0.0680194809857356,
0.0748214290843092,0.0816233771828828,0.0884253252814563,0.0918262993307431,
0.0952272733800299,0.0986282474293167,0.10032873445396,0.102029221478603,
0.103729708503247,0.10543019552789,0.106280439040212,0.107130682552534,
0.107980926064855,0.108831169577177),.UNSPECIFIED.);
#79=B_SPLINE_CURVE_WITH_KNOTS('',3,(#236,#237,#238,#239),.UNSPECIFIED.,
 .F.,.F.,(4,4),(0.,1.),.UNSPECIFIED.);
#80=B_SPLINE_CURVE_WITH_KNOTS('',3,(#241,#242,#243,#244,#245,#246,#247,
#248,#249,#250,#251,#252,#253,#254,#255,#256,#257,#258,#259,#260,#261,#262,
#263,#264,#265,#266,#267,#268,#269,#270,#271,#272,#273,#274,#275,#276,#277),
 .UNSPECIFIED.,.F.,.F.,(4,1,1,1,1,1,1,1,1,1,1,1,1,1,1,1,1,1,1,1,1,1,1,1,
1,1,1,1,1,1,1,1,1,1,4),(0.,0.000880055983606122,0.00176011196721224,0.00352022393442449,
0.00528033590163673,0.00704044786884897,0.0105606718032735,0.0140808957376979,
0.0176011196721224,0.0211213436065469,0.0281617914753959,0.0352022393442449,
0.0422426872130938,0.0492831350819428,0.0563235829507918,0.0633640308196408,
0.0704044786884897,0.0774449265573387,0.0844853744261877,0.0880055983606122,
0.0915258222950367,0.0950460462294612,0.0968061581966734,0.0985662701638856,
0.100326382131098,0.10208649409831,0.102966550081916,0.103846606065522,
0.104726662049128,0.105606718032735,0.106486774016341,0.107366829999947,
0.109126941967159,0.110887053934371,0.112647165901584),.UNSPECIFIED.);
#81=B_SPLINE_CURVE_WITH_KNOTS('',3,(#278,#279,#280,#281),.UNSPECIFIED.,
 .F.,.F.,(4,4),(0.,1.),.UNSPECIFIED.);
#82=B_SPLINE_CURVE_WITH_KNOTS('',3,(#284,#285,#286,#287,#288,#289,#290,
#291,#292,#293,#294,#295,#296,#297,#298,#299,#300,#301,#302,#303,#304,#305,
#306,#307,#308,#309,#310,#311,#312,#313,#314,#315,#316,#317,#318),
 .UNSPECIFIED.,.F.,.F.,(4,1,1,1,1,1,1,1,1,1,1,1,1,1,1,1,1,1,1,1,1,1,1,1,
1,1,1,1,1,1,1,1,4),(0.,0.000857031694354642,0.00171406338870928,0.00257109508306393,
0.00342812677741857,0.00514219016612785,0.00685625355483714,0.00857031694354642,
0.0102843803322557,0.0137125071096743,0.0171406338870928,0.0205687606645114,
0.0274250142193486,0.0342812677741857,0.0411375213290228,0.04799377488386,
0.0548500284386971,0.0617062819935342,0.0685625355483714,0.0754187891032085,
0.0822750426580457,0.0891312962128828,0.0925594229903014,0.0959875497677199,
0.0994156765451385,0.101129739933848,0.102843803322557,0.104557866711266,
0.106271930099976,0.10712896179433,0.107985993488685,0.10884302518304,0.109700056877394),
 .UNSPECIFIED.);
#83=B_SPLINE_CURVE_WITH_KNOTS('',3,(#320,#321,#322,#323,#324,#325,#326,
#327,#328,#329,#330,#331,#332,#333,#334,#335,#336,#337,#338,#339,#340,#341,
#342,#343,#344,#345,#346,#347,#348,#349,#350,#351,#352,#353,#354),
 .UNSPECIFIED.,.F.,.F.,(4,1,1,1,1,1,1,1,1,1,1,1,1,1,1,1,1,1,1,1,1,1,1,1,
1,1,1,1,1,1,1,1,4),(0.,0.00174610184349656,0.00349220368699312,0.00523830553048969,
0.00611135645223797,0.00698440737398625,0.00785745829573453,0.00873050921748281,
0.0104766110609794,0.0122227129044759,0.0139688147479725,0.0174610184349656,
0.0209532221219587,0.0244454258089519,0.027937629495945,0.0349220368699312,
0.0419064442439175,0.0488908516179037,0.05587525899189,0.0628596663658763,
0.0698440737398625,0.0768284811138487,0.083812888487835,0.0907972958618213,
0.0942894995488144,0.0977817032358075,0.101273906922801,0.104766110609794,
0.10651221245329,0.108258314296787,0.110004416140283,0.110877467062032,
0.11175051798378),.UNSPECIFIED.);
#84=B_SPLINE_CURVE_WITH_KNOTS('',3,(#356,#357,#358,#359,#360,#361,#362,
#363,#364,#365,#366,#367,#368,#369,#370,#371,#372,#373,#374,#375,#376,#377,
#378,#379,#380,#381,#382,#383,#384,#385,#386,#387,#388,#389),
 .UNSPECIFIED.,.F.,.F.,(4,1,1,1,1,1,1,1,1,1,1,1,1,1,1,1,1,1,1,1,1,1,1,1,
1,1,1,1,1,1,1,4),(0.,0.000850824814049317,0.00170164962809863,0.00255247444214795,
0.00340329925619727,0.0051049488842959,0.00680659851239454,0.00850824814049317,
0.0102098977685918,0.0136131970247891,0.0170164962809863,0.0204197955371836,
0.0272263940495781,0.0340329925619727,0.0408395910743672,0.0476461895867618,
0.0544527880991563,0.0612593866115508,0.0680659851239454,0.0748725836363399,
0.0816791821487344,0.088485780661129,0.0918890799173262,0.0952923791735235,
0.0986956784297208,0.100397328057819,0.102098977685918,0.103800627314017,
0.105502276942115,0.107203926570214,0.108054751384263,0.108905576198313),
 .UNSPECIFIED.);
#85=B_SPLINE_CURVE_WITH_KNOTS('',3,(#392,#393,#394,#395,#396,#397,#398,
#399,#400,#401,#402,#403,#404,#405,#406,#407,#408,#409,#410,#411,#412,#413,
#414,#415,#416,#417,#418,#419,#420,#421,#422,#423,#424,#425,#426),
 .UNSPECIFIED.,.F.,.F.,(4,1,1,1,1,1,1,1,1,1,1,1,1,1,1,1,1,1,1,1,1,1,1,1,
1,1,1,1,1,1,1,1,4),(0.,0.00175553204350576,0.00351106408701152,0.00526659613051728,
0.00702212817402304,0.0105331922610346,0.0140442563480461,0.0210663845220691,
0.0280885126960921,0.0351106408701152,0.0421327690441382,0.0491548972181613,
0.0561770253921843,0.0631991535662073,0.0702212817402304,0.0772434099142534,
0.0842655380882764,0.087776602175288,0.0912876662622995,0.094798730349311,
0.0965542623928168,0.0983097944363225,0.100065326479828,0.101820858523334,
0.102698624545087,0.10357639056684,0.104454156588593,0.105331922610346,
0.106209688632098,0.107087454653851,0.108842986697357,0.110598518740863,
0.112354050784369),.UNSPECIFIED.);
#86=B_SPLINE_CURVE_WITH_KNOTS('',3,(#428,#429,#430,#431,#432,#433,#434,
#435,#436,#437,#438,#439,#440,#441,#442,#443,#444,#445,#446,#447,#448,#449,
#450,#451,#452,#453,#454,#455,#456,#457,#458,#459,#460,#461,#462,#463),
 .UNSPECIFIED.,.F.,.F.,(4,1,1,1,1,1,1,1,1,1,1,1,1,1,1,1,1,1,1,1,1,1,1,1,
1,1,1,1,1,1,1,1,1,4),(0.,0.0017131760733417,0.00342635214668341,0.00513952822002511,
0.00599611625669596,0.00642441027503139,0.00685270429336681,0.00770929233003766,
0.00856588036670852,0.00942246840337937,0.0102790564400502,0.0119922325133919,
0.0137054085867336,0.0154185846600753,0.017131760733417,0.0205581128801004,
0.0239844650267838,0.0274108171734672,0.0342635214668341,0.0411162257602009,
0.0479689300535677,0.0548216343469345,0.0616743386403013,0.0685270429336681,
0.0753797472270349,0.0822324515204017,0.0890851558137686,0.0959378601071354,
0.0993642122538188,0.102790564400502,0.104503740473844,0.106216916547186,
0.107930092620527,0.109643268693869),.UNSPECIFIED.);
#87=B_SPLINE_CURVE_WITH_KNOTS('',3,(#466,#467,#468,#469,#470,#471,#472,
#473,#474,#475,#476,#477,#478,#479,#480,#481,#482,#483,#484,#485,#486,#487,
#488,#489,#490,#491,#492,#493,#494,#495,#496,#497,#498,#499,#500),
 .UNSPECIFIED.,.F.,.F.,(4,1,1,1,1,1,1,1,1,1,1,1,1,1,1,1,1,1,1,1,1,1,1,1,
1,1,1,1,1,1,1,1,4),(0.,0.000847150826690609,0.00169430165338122,0.00338860330676244,
0.00508290496014366,0.00677720661352488,0.00847150826690609,0.0101658099202873,
0.0135544132270498,0.0169430165338122,0.0203316198405746,0.0271088264540995,
0.0338860330676244,0.0406632396811493,0.0474404462946741,0.054217652908199,
0.0609948595217239,0.0677720661352487,0.0745492727487736,0.0813264793622985,
0.0881036859758234,0.0914922892825858,0.0948808925893483,0.0982694958961107,
0.0999637975494919,0.101658099202873,0.103352400856254,0.104199551682945,
0.105046702509636,0.105893853336326,0.106741004163017,0.107588154989707,
0.108435305816398),.UNSPECIFIED.);
#88=B_SPLINE_CURVE_WITH_KNOTS('',3,(#624,#625,#626,#627),.UNSPECIFIED.,
 .F.,.F.,(4,4),(0.,1.),.UNSPECIFIED.);
#89=B_SPLINE_CURVE_WITH_KNOTS('',3,(#755,#756,#757,#758),.UNSPECIFIED.,
 .F.,.F.,(4,4),(0.,1.),.UNSPECIFIED.);
#90=B_SPLINE_CURVE_WITH_KNOTS('',3,(#1098,#1099,#1100,#1101),
 .UNSPECIFIED.,.F.,.F.,(4,4),(0.,1.),.UNSPECIFIED.);
#91=B_SPLINE_CURVE_WITH_KNOTS('',3,(#1238,#1239,#1240,#1241),
 .UNSPECIFIED.,.F.,.F.,(4,4),(0.,1.),.UNSPECIFIED.);
#92=EDGE_LOOP('',(#20,#21,#22));
#93=EDGE_LOOP('',(#23,#24,#25));
#94=EDGE_LOOP('',(#26,#27));
#95=EDGE_LOOP('',(#28,#29));
#96=EDGE_LOOP('',(#30,#31,#32,#33));
#97=EDGE_LOOP('',(#34,#35,#36,#37));
#98=EDGE_LOOP('',(#38,#39,#40));
#99=EDGE_LOOP('',(#41,#42,#43,#44));
#100=EDGE_LOOP('',(#45,#46,#47,#48));
#101=EDGE_LOOP('',(#49,#50,#51));
#102=FACE_BOUND('',#92,.T.);
#103=FACE_BOUND('',#93,.T.);
#104=FACE_BOUND('',#94,.T.);
#105=FACE_BOUND('',#95,.T.);
#106=FACE_BOUND('',#96,.T.);
#107=FACE_BOUND('',#97,.T.);
#108=FACE_BOUND('',#98,.T.);
#109=FACE_BOUND('',#99,.T.);
#110=FACE_BOUND('',#100,.T.);
#111=FACE_BOUND('',#101,.T.);
#112=B_SPLINE_SURFACE_WITH_KNOTS('',3,1,((#152,#153),(#154,#155),(#156,
#157),(#158,#159),(#160,#161),(#162,#163),(#164,#165),(#166,#167),(#168,
#169),(#170,#171),(#172,#173),(#174,#175),(#176,#177),(#178,#179),(#180,
#181),(#182,#183),(#184,#185),(#186,#187),(#188,#189),(#190,#191),(#192,
#193),(#194,#195),(#196,#197)),.SURF_OF_LINEAR_EXTRUSION.,.T.,.F.,.F.,(1,
3,1,1,1,1,1,1,1,1,1,1,1,1,1,1,1,1,1,1,1,3,1),(2,2),(-0.0241045333876463,
0.,0.0107091901587851,0.0143741013609701,0.0327796090952363,0.082296988952098,
0.141881078454149,0.210021243398703,0.279337021779805,0.36690781218836,
0.438910836146073,0.463654777430295,0.506801933418931,0.535545471100596,
0.589853090874891,0.65047453243401,0.729882578752539,0.788179274395128,
0.852604635501509,0.921056226242853,0.975895466612354,1.,1.01070919015878),
(0.,1.),.UNSPECIFIED.);
#113=B_SPLINE_SURFACE_WITH_KNOTS('',3,3,((#759,#760,#761,#762,#763,#764,
#765,#766,#767,#768,#769,#770),(#771,#772,#773,#774,#775,#776,#777,#778,
#779,#780,#781,#782),(#783,#784,#785,#786,#787,#788,#789,#790,#791,#792,
#793,#794),(#795,#796,#797,#798,#799,#800,#801,#802,#803,#804,#805,#806),
(#807,#808,#809,#810,#811,#812,#813,#814,#815,#816,#817,#818),(#819,#820,
#821,#822,#823,#824,#825,#826,#827,#828,#829,#830),(#831,#832,#833,#834,
#835,#836,#837,#838,#839,#840,#841,#842),(#843,#844,#845,#846,#847,#848,
#849,#850,#851,#852,#853,#854),(#855,#856,#857,#858,#859,#860,#861,#862,
#863,#864,#865,#866),(#867,#868,#869,#870,#871,#872,#873,#874,#875,#876,
#877,#878),(#879,#880,#881,#882,#883,#884,#885,#886,#887,#888,#889,#890),
(#891,#892,#893,#894,#895,#896,#897,#898,#899,#900,#901,#902),(#903,#904,
#905,#906,#907,#908,#909,#910,#911,#912,#913,#914),(#915,#916,#917,#918,
#919,#920,#921,#922,#923,#924,#925,#926),(#927,#928,#929,#930,#931,#932,
#933,#934,#935,#936,#937,#938),(#939,#940,#941,#942,#943,#944,#945,#946,
#947,#948,#949,#950),(#951,#952,#953,#954,#955,#956,#957,#958,#959,#960,
#961,#962),(#963,#964,#965,#966,#967,#968,#969,#970,#971,#972,#973,#974)),
 .UNSPECIFIED.,.F.,.F.,.F.,(4,2,2,2,2,2,2,2,4),(4,2,2,2,2,4),(0.,0.134899857554559,
0.269799715109118,0.399437769780369,0.529075824451619,0.649651500177572,
0.770227175903525,0.885113587951763,1.),(0.,0.25,0.375,0.5,0.75,1.),
 .UNSPECIFIED.);
#114=B_SPLINE_SURFACE_WITH_KNOTS('',3,3,((#1242,#1243,#1244,#1245,#1246,
#1247,#1248,#1249,#1250,#1251,#1252,#1253),(#1254,#1255,#1256,#1257,#1258,
#1259,#1260,#1261,#1262,#1263,#1264,#1265),(#1266,#1267,#1268,#1269,#1270,
#1271,#1272,#1273,#1274,#1275,#1276,#1277),(#1278,#1279,#1280,#1281,#1282,
#1283,#1284,#1285,#1286,#1287,#1288,#1289),(#1290,#1291,#1292,#1293,#1294,
#1295,#1296,#1297,#1298,#1299,#1300,#1301),(#1302,#1303,#1304,#1305,#1306,
#1307,#1308,#1309,#1310,#1311,#1312,#1313),(#1314,#1315,#1316,#1317,#1318,
#1319,#1320,#1321,#1322,#1323,#1324,#1325),(#1326,#1327,#1328,#1329,#1330,
#1331,#1332,#1333,#1334,#1335,#1336,#1337),(#1338,#1339,#1340,#1341,#1342,
#1343,#1344,#1345,#1346,#1347,#1348,#1349),(#1350,#1351,#1352,#1353,#1354,
#1355,#1356,#1357,#1358,#1359,#1360,#1361),(#1362,#1363,#1364,#1365,#1366,
#1367,#1368,#1369,#1370,#1371,#1372,#1373),(#1374,#1375,#1376,#1377,#1378,
#1379,#1380,#1381,#1382,#1383,#1384,#1385),(#1386,#1387,#1388,#1389,#1390,
#1391,#1392,#1393,#1394,#1395,#1396,#1397),(#1398,#1399,#1400,#1401,#1402,
#1403,#1404,#1405,#1406,#1407,#1408,#1409),(#1410,#1411,#1412,#1413,#1414,
#1415,#1416,#1417,#1418,#1419,#1420,#1421),(#1422,#1423,#1424,#1425,#1426,
#1427,#1428,#1429,#1430,#1431,#1432,#1433),(#1434,#1435,#1436,#1437,#1438,
#1439,#1440,#1441,#1442,#1443,#1444,#1445),(#1446,#1447,#1448,#1449,#1450,
#1451,#1452,#1453,#1454,#1455,#1456,#1457)),.UNSPECIFIED.,.F.,.F.,.F.,(4,
2,2,2,2,2,2,2,4),(4,2,2,2,2,4),(0.,0.114803711823674,0.229607423647348,
0.35026406922745,0.470920714807553,0.60064919139289,0.730377667978227,0.865188833989113,
1.),(0.,0.25,0.375,0.5,0.75,1.),.UNSPECIFIED.);
#115=ADVANCED_FACE('',(#102,#103),#112,.F.);
#116=ADVANCED_FACE('',(#104),#18,.T.);
#117=ADVANCED_FACE('',(#105),#19,.F.);
#118=ADVANCED_FACE('',(#106),#14,.T.);
#119=ADVANCED_FACE('',(#107),#15,.T.);
#120=ADVANCED_FACE('',(#108),#113,.T.);
#121=ADVANCED_FACE('',(#109),#16,.T.);
#122=ADVANCED_FACE('',(#110),#17,.T.);
#123=ADVANCED_FACE('',(#111),#114,.T.);
#124=CLOSED_SHELL('',(#115,#116,#117,#118,#119,#120,#121,#122,#123));
#125=STYLED_ITEM('',(#126),#133);
#126=PRESENTATION_STYLE_ASSIGNMENT((#127));
#127=SURFACE_STYLE_USAGE(.BOTH.,#128);
#128=SURFACE_SIDE_STYLE('',(#129));
#129=SURFACE_STYLE_FILL_AREA(#130);
#130=FILL_AREA_STYLE('',(#131));
#131=FILL_AREA_STYLE_COLOUR('',#132);
#132=COLOUR_RGB('',0.615686274509804,0.811764705882353,0.929411764705882);
#133=MANIFOLD_SOLID_BREP('Part 1',#124);
#134=SHAPE_DEFINITION_REPRESENTATION(#1464,#135);
#135=SHAPE_REPRESENTATION('Part 1',(#136),#1459);
#136=AXIS2_PLACEMENT_3D('',#151,#141,#142);
#137=AXIS2_PLACEMENT_3D('',#355,#143,#144);
#138=AXIS2_PLACEMENT_3D('',#427,#145,#146);
#139=AXIS2_PLACEMENT_3D('',#628,#147,#148);
#140=AXIS2_PLACEMENT_3D('',#1102,#149,#150);
#141=DIRECTION('',(0.,0.,1.));
#142=DIRECTION('',(1.,0.,0.));
#143=DIRECTION('',(0.,-1.,0.));
#144=DIRECTION('',(1.,0.,0.));
#145=DIRECTION('',(0.,-1.,0.));
#146=DIRECTION('',(1.,0.,0.));
#147=DIRECTION('',(-0.999040660120866,0.,0.0437922301928655));
#148=DIRECTION('',(0.0437922301928655,0.,0.999040660120866));
#149=DIRECTION('',(-0.999999270100358,0.,0.00120822131751836));
#150=DIRECTION('',(0.00120822131751836,0.,0.999999270100358));
#151=CARTESIAN_POINT('',(0.,0.,0.));
#152=CARTESIAN_POINT('',(-0.0266192339010197,-0.002286,0.0483355309545943));
#153=CARTESIAN_POINT('',(-0.0266192339010197,-0.000254,0.0483355309545943));
#154=CARTESIAN_POINT('',(-0.0267520315085905,-0.002286,0.048480527192294));
#155=CARTESIAN_POINT('',(-0.0267520315085905,-0.000254,0.048480527192294));
#156=CARTESIAN_POINT('',(-0.0269301776431835,-0.002286,0.0486082680151104));
#157=CARTESIAN_POINT('',(-0.0269301776431835,-0.000254,0.0486082680151104));
#158=CARTESIAN_POINT('',(-0.0270202062301431,-0.002286,0.0485895697810592));
#159=CARTESIAN_POINT('',(-0.0270202062301431,-0.000254,0.0485895697810592));
#160=CARTESIAN_POINT('',(-0.0282290670823902,-0.002286,0.0473692324188172));
#161=CARTESIAN_POINT('',(-0.0282290670823902,-0.000254,0.0473692324188172));
#162=CARTESIAN_POINT('',(-0.0326964093245161,-0.002286,0.0393574312201699));
#163=CARTESIAN_POINT('',(-0.0326964093245161,-0.000254,0.0393574312201699));
#164=CARTESIAN_POINT('',(-0.0376424302433862,-0.002286,0.0283313012056645));
#165=CARTESIAN_POINT('',(-0.0376424302433862,-0.000254,0.0283313012056645));
#166=CARTESIAN_POINT('',(-0.041348786047866,-0.002286,0.0114825428224071));
#167=CARTESIAN_POINT('',(-0.041348786047866,-0.000254,0.0114825428224071));
#168=CARTESIAN_POINT('',(-0.0432396416435406,-0.002286,-0.00545200018755593));
#169=CARTESIAN_POINT('',(-0.0432396416435406,-0.000254,-0.00545200018755593));
#170=CARTESIAN_POINT('',(-0.0430847322671065,-0.002286,-0.0316964879840435));
#171=CARTESIAN_POINT('',(-0.0430847322671065,-0.000254,-0.0316964879840435));
#172=CARTESIAN_POINT('',(-0.03552044160895,-0.002286,-0.0504662495204534));
#173=CARTESIAN_POINT('',(-0.03552044160895,-0.000254,-0.0504662495204534));
#174=CARTESIAN_POINT('',(-0.0343853778330757,-0.002286,-0.052564167655217));
#175=CARTESIAN_POINT('',(-0.0343853778330757,-0.000254,-0.052564167655217));
#176=CARTESIAN_POINT('',(-0.0269659723035982,-0.002286,-0.0541967528543748));
#177=CARTESIAN_POINT('',(-0.0269659723035982,-0.000254,-0.0541967528543748));
#178=CARTESIAN_POINT('',(-0.0244305032840637,-0.002286,-0.0520907717232192));
#179=CARTESIAN_POINT('',(-0.0244305032840637,-0.000254,-0.0520907717232192));
#180=CARTESIAN_POINT('',(-0.0200063863985768,-0.002286,-0.0413492233277101));
#181=CARTESIAN_POINT('',(-0.0200063863985768,-0.000254,-0.0413492233277101));
#182=CARTESIAN_POINT('',(-0.0166014873719251,-0.002286,-0.0298404826825662));
#183=CARTESIAN_POINT('',(-0.0166014873719251,-0.000254,-0.0298404826825662));
#184=CARTESIAN_POINT('',(-0.0144846418539137,-0.002286,-0.00659485771224539));
#185=CARTESIAN_POINT('',(-0.0144846418539137,-0.000254,-0.00659485771224539));
#186=CARTESIAN_POINT('',(-0.0149169555487271,-0.002286,0.0051604189381888));
#187=CARTESIAN_POINT('',(-0.0149169555487271,-0.000254,0.0051604189381888));
#188=CARTESIAN_POINT('',(-0.0166052707926774,-0.002286,0.0205189857772554));
#189=CARTESIAN_POINT('',(-0.0166052707926774,-0.000254,0.0205189857772554));
#190=CARTESIAN_POINT('',(-0.0205429381818141,-0.002286,0.0359707693889481));
#191=CARTESIAN_POINT('',(-0.0205429381818141,-0.000254,0.0359707693889481));
#192=CARTESIAN_POINT('',(-0.0253401930116965,-0.002286,0.0461136110321473));
#193=CARTESIAN_POINT('',(-0.0253401930116965,-0.000254,0.0461136110321473));
#194=CARTESIAN_POINT('',(-0.0263203294723907,-0.002286,0.0480091695210131));
#195=CARTESIAN_POINT('',(-0.0263203294723907,-0.000254,0.0480091695210131));
#196=CARTESIAN_POINT('',(-0.0266192339010197,-0.002286,0.0483355309545943));
#197=CARTESIAN_POINT('',(-0.0266192339010197,-0.000254,0.0483355309545943));
#198=CARTESIAN_POINT('',(-0.0282335383103565,-0.000254,-0.0535787258273783));
#199=CARTESIAN_POINT('',(-0.0279502944678691,-0.000254,-0.0535911416178891));
#200=CARTESIAN_POINT('',(-0.0273831446185125,-0.000253999999999997,-0.0535943368973562));
#201=CARTESIAN_POINT('',(-0.026539943561462,-0.000254000000000002,-0.0534797913423247));
#202=CARTESIAN_POINT('',(-0.0257641814752627,-0.000253999999999999,-0.053098852122789));
#203=CARTESIAN_POINT('',(-0.0251832278624106,-0.000254,-0.05247007674219));
#204=CARTESIAN_POINT('',(-0.024714471392519,-0.000254000000000001,-0.0517611129978619));
#205=CARTESIAN_POINT('',(-0.0241519139030916,-0.000254,-0.0507865241711551));
#206=CARTESIAN_POINT('',(-0.0235213175894144,-0.000254,-0.0495302018463937));
#207=CARTESIAN_POINT('',(-0.0228222353947161,-0.000253999999999998,-0.0479928080021827));
#208=CARTESIAN_POINT('',(-0.0219441980695936,-0.000254000000000001,-0.0459181038028985));
#209=CARTESIAN_POINT('',(-0.0209259472359043,-0.000253999999999998,-0.0433036279783408));
#210=CARTESIAN_POINT('',(-0.0197862415943893,-0.000254,-0.0401404236483508));
#211=CARTESIAN_POINT('',(-0.0184337150118108,-0.000254,-0.0358736876963795));
#212=CARTESIAN_POINT('',(-0.017191687206997,-0.000253999999999999,-0.0304023274657247));
#213=CARTESIAN_POINT('',(-0.0162260378908347,-0.000254,-0.0236956477033428));
#214=CARTESIAN_POINT('',(-0.0155052478515646,-0.000254000000000001,-0.0170067692044799));
#215=CARTESIAN_POINT('',(-0.0149877579976993,-0.000253999999999999,-0.010304746820953));
#216=CARTESIAN_POINT('',(-0.0146795833654691,-0.000253999999999999,-0.00359792988359669));
#217=CARTESIAN_POINT('',(-0.0148620944435862,-0.000254000000000001,0.00312437213835596));
#218=CARTESIAN_POINT('',(-0.0154503314397812,-0.000254,0.00986042047857527));
#219=CARTESIAN_POINT('',(-0.0162837872704933,-0.000253999999999999,0.0165996430108706));
#220=CARTESIAN_POINT('',(-0.017465992786969,-0.000254000000000002,0.0232658009995414));
#221=CARTESIAN_POINT('',(-0.018785454465171,-0.000253999999999998,0.0287711642627219));
#222=CARTESIAN_POINT('',(-0.0200639406239946,-0.000253999999999999,0.0331065434501131));
#223=CARTESIAN_POINT('',(-0.0211470950296782,-0.000254,0.036319262742188));
#224=CARTESIAN_POINT('',(-0.0221703175862222,-0.000253999999999998,0.0389592718236976));
#225=CARTESIAN_POINT('',(-0.0230446532022153,-0.000254000000000002,0.041046213446608));
#226=CARTESIAN_POINT('',(-0.0237259568126605,-0.000253999999999997,0.0426007883296326));
#227=CARTESIAN_POINT('',(-0.0244311521325307,-0.000254,0.0441453344760373));
#228=CARTESIAN_POINT('',(-0.0250370668645054,-0.000254000000000002,0.045424074347819));
#229=CARTESIAN_POINT('',(-0.0255331766182854,-0.000253999999999997,0.0464410823704827));
#230=CARTESIAN_POINT('',(-0.0259092543612742,-0.000254000000000001,0.0472034123156729));
#231=CARTESIAN_POINT('',(-0.0263097418237047,-0.000253999999999998,0.047947328071291));
#232=CARTESIAN_POINT('',(-0.0266454721992153,-0.000254,0.048419998354794));
#233=CARTESIAN_POINT('',(-0.0268898012420133,-0.000254,0.0485695608940328));
#234=CARTESIAN_POINT('',(-0.0282335383103565,-0.000254,-0.0535787258273783));
#235=CARTESIAN_POINT('',(-0.0268898012420133,-0.000254,0.0485695608940327));
#236=CARTESIAN_POINT('',(-0.0268898012420096,-0.000254000000043625,0.0485695608940305));
#237=CARTESIAN_POINT('',(-0.0269552357826035,-0.000254000000043625,0.0486096157149116));
#238=CARTESIAN_POINT('',(-0.0269637027235473,-0.000254000000043625,0.0486105083636275));
#239=CARTESIAN_POINT('',(-0.0270228068102289,-0.000254000000043625,0.0485621600564748));
#240=CARTESIAN_POINT('',(-0.0270228068102307,-0.000254,0.0485621600564734));
#241=CARTESIAN_POINT('',(-0.0270228068102307,-0.000254,0.0485621600564734));
#242=CARTESIAN_POINT('',(-0.0272502163816343,-0.000254,0.0483761345287408));
#243=CARTESIAN_POINT('',(-0.0276175890013703,-0.000253999999999999,0.0479124590478292));
#244=CARTESIAN_POINT('',(-0.0283044416032439,-0.000254,0.0469699757559761));
#245=CARTESIAN_POINT('',(-0.0290721418509966,-0.000254000000000001,0.0457217777847748));
#246=CARTESIAN_POINT('',(-0.0299504547966101,-0.000253999999999997,0.0442056543088868));
#247=CARTESIAN_POINT('',(-0.0310748699421784,-0.000254000000000004,0.0421571141976428));
#248=CARTESIAN_POINT('',(-0.0324232475044586,-0.000253999999999999,0.0395654410640269));
#249=CARTESIAN_POINT('',(-0.0339561725704604,-0.000253999999999999,0.03641147668217));
#250=CARTESIAN_POINT('',(-0.0353499997213038,-0.000254,0.0332182792437539));
#251=CARTESIAN_POINT('',(-0.0369988920900438,-0.000253999999999999,0.0288951082686106));
#252=CARTESIAN_POINT('',(-0.0386370317826142,-0.000254,0.0233606861925029));
#253=CARTESIAN_POINT('',(-0.040165482461855,-0.000254000000000001,0.0165883929714002));
#254=CARTESIAN_POINT('',(-0.0413914490415004,-0.000253999999999999,0.00970965520593629));
#255=CARTESIAN_POINT('',(-0.0422815190960146,-0.000254,0.00282169652797963));
#256=CARTESIAN_POINT('',(-0.0427914235522535,-0.000254,-0.00408078584520042));
#257=CARTESIAN_POINT('',(-0.043035909527127,-0.000254000000000002,-0.0109932354268122));
#258=CARTESIAN_POINT('',(-0.0429624704929541,-0.000253999999999997,-0.0179153835059073));
#259=CARTESIAN_POINT('',(-0.0424773688375708,-0.000254000000000001,-0.0248597454410557));
#260=CARTESIAN_POINT('',(-0.0416380174462335,-0.000253999999999999,-0.0306400571344958));
#261=CARTESIAN_POINT('',(-0.0406280367290836,-0.000254000000000001,-0.0351904418965139));
#262=CARTESIAN_POINT('',(-0.0397153430294573,-0.000254,-0.0385714911233405));
#263=CARTESIAN_POINT('',(-0.0388511123988048,-0.000254000000000002,-0.0413556452594614));
#264=CARTESIAN_POINT('',(-0.038102910777567,-0.000253999999999998,-0.0435666137902389));
#265=CARTESIAN_POINT('',(-0.0375149165507822,-0.000254000000000003,-0.0452147188918611));
#266=CARTESIAN_POINT('',(-0.036900056187288,-0.000253999999999998,-0.0468533306863794));
#267=CARTESIAN_POINT('',(-0.0363646345646268,-0.000254000000000002,-0.0482103371860377));
#268=CARTESIAN_POINT('',(-0.0359211647008261,-0.000254,-0.0492892947691539));
#269=CARTESIAN_POINT('',(-0.0355792570288779,-0.000253999999999998,-0.0500958228026829));
#270=CARTESIAN_POINT('',(-0.0352284579030004,-0.000254000000000002,-0.0508945189696812));
#271=CARTESIAN_POINT('',(-0.0348498510802459,-0.000253999999999998,-0.0516952211356163));
#272=CARTESIAN_POINT('',(-0.0341405487796428,-0.000254,-0.0522367296647615));
#273=CARTESIAN_POINT('',(-0.0330547149028156,-0.000254,-0.0526661484468069));
#274=CARTESIAN_POINT('',(-0.0316723846569663,-0.000254,-0.0530692426976711));
#275=CARTESIAN_POINT('',(-0.0299638869583183,-0.000254,-0.0534156706589155));
#276=CARTESIAN_POINT('',(-0.0288140311807211,-0.000254,-0.0535532803391023));
#277=CARTESIAN_POINT('',(-0.0282335383103565,-0.000254,-0.0535787258273783));
#278=CARTESIAN_POINT('',(-0.0270228170637876,-0.00228599999997958,0.0485621516687038));
#279=CARTESIAN_POINT('',(-0.026963669456537,-0.00228599999997958,0.0486105373994688));
#280=CARTESIAN_POINT('',(-0.0269552004156477,-0.00228599999997958,0.0486096165348113));
#281=CARTESIAN_POINT('',(-0.0268896828770258,-0.00228599999997958,0.0485694884182734));
#282=CARTESIAN_POINT('',(-0.0270228170637876,-0.00228599999997958,0.0485621516687039));
#283=CARTESIAN_POINT('',(-0.0268896828770258,-0.00228599999997958,0.0485694884182735));
#284=CARTESIAN_POINT('',(-0.0268896828770305,-0.002286,0.0485694884182763));
#285=CARTESIAN_POINT('',(-0.0266454266644117,-0.002286,0.0484198866568695));
#286=CARTESIAN_POINT('',(-0.0263072695378683,-0.002286,0.0479435564155361));
#287=CARTESIAN_POINT('',(-0.0259088582512769,-0.002286,0.0472023816914818));
#288=CARTESIAN_POINT('',(-0.0255326063768404,-0.002286,0.0464399846311965));
#289=CARTESIAN_POINT('',(-0.0250369373343283,-0.002286,0.0454237572458054));
#290=CARTESIAN_POINT('',(-0.0244314837211896,-0.002286,0.0441460435289819));
#291=CARTESIAN_POINT('',(-0.0237270151871116,-0.002286,0.0426031232970363));
#292=CARTESIAN_POINT('',(-0.0230461521779102,-0.002286,0.0410497192876937));
#293=CARTESIAN_POINT('',(-0.0221713702395334,-0.002286,0.0389618594387059));
#294=CARTESIAN_POINT('',(-0.0211521808222797,-0.002286,0.0363324403387398));
#295=CARTESIAN_POINT('',(-0.0200757565510896,-0.002286,0.0331428489395446));
#296=CARTESIAN_POINT('',(-0.0188072620210156,-0.002286,0.0288500210016392));
#297=CARTESIAN_POINT('',(-0.0174990120377932,-0.002286,0.0234170419483664));
#298=CARTESIAN_POINT('',(-0.0163158157882165,-0.002286,0.016808258867042));
#299=CARTESIAN_POINT('',(-0.015475514025135,-0.002286,0.0101054704594638));
#300=CARTESIAN_POINT('',(-0.014881794057753,-0.002286,0.003391230967518));
#301=CARTESIAN_POINT('',(-0.0146756012561559,-0.002286,-0.00329007211206834));
#302=CARTESIAN_POINT('',(-0.014965558985478,-0.002286,-0.00994077944270225));
#303=CARTESIAN_POINT('',(-0.0154666380469832,-0.002286,-0.0165768042061219));
#304=CARTESIAN_POINT('',(-0.016166652342363,-0.002286,-0.0232008368554786));
#305=CARTESIAN_POINT('',(-0.0170921744701908,-0.002286,-0.0298064190859287));
#306=CARTESIAN_POINT('',(-0.0182792704376903,-0.002286,-0.0352948222207018));
#307=CARTESIAN_POINT('',(-0.0196140491335813,-0.002286,-0.0396353265318881));
#308=CARTESIAN_POINT('',(-0.0207518150815444,-0.002286,-0.0428362375080735));
#309=CARTESIAN_POINT('',(-0.0217691271798889,-0.002286,-0.0454807659576487));
#310=CARTESIAN_POINT('',(-0.0226405742352922,-0.002286,-0.0475730906020284));
#311=CARTESIAN_POINT('',(-0.0233312733356842,-0.002286,-0.0491263849781965));
#312=CARTESIAN_POINT('',(-0.0240771517488129,-0.002286,-0.0506530872824177));
#313=CARTESIAN_POINT('',(-0.0247735871405388,-0.002286,-0.0518914253156005));
#314=CARTESIAN_POINT('',(-0.0254436052927857,-0.002286,-0.0527952058663683));
#315=CARTESIAN_POINT('',(-0.0261351991153556,-0.002286,-0.0533338945026673));
#316=CARTESIAN_POINT('',(-0.0269766725564045,-0.002286,-0.0535623177788847));
#317=CARTESIAN_POINT('',(-0.0275487978595183,-0.002286,-0.0535883849768276));
#318=CARTESIAN_POINT('',(-0.0278361834412145,-0.002286,-0.053588037751188));
#319=CARTESIAN_POINT('',(-0.0278361834412144,-0.002286,-0.053588037751188));
#320=CARTESIAN_POINT('',(-0.0278361834412145,-0.002286,-0.053588037751188));
#321=CARTESIAN_POINT('',(-0.028418441578166,-0.002286,-0.0535873342539992));
#322=CARTESIAN_POINT('',(-0.0295777291690928,-0.002286,-0.0534757228506784));
#323=CARTESIAN_POINT('',(-0.0312925908951631,-0.002286,-0.0531567794600101));
#324=CARTESIAN_POINT('',(-0.032692737525998,-0.002286,-0.0527844696564743));
#325=CARTESIAN_POINT('',(-0.0337702099966242,-0.002286,-0.0523893561656139));
#326=CARTESIAN_POINT('',(-0.0345797727173451,-0.002286,-0.0519848037888336));
#327=CARTESIAN_POINT('',(-0.0350904311954489,-0.002286,-0.05123637173106));
#328=CARTESIAN_POINT('',(-0.0355461242258337,-0.002286,-0.0501572044269466));
#329=CARTESIAN_POINT('',(-0.0361286536807476,-0.002286,-0.0488067320638585));
#330=CARTESIAN_POINT('',(-0.0367778045978604,-0.002286,-0.0471675812270743));
#331=CARTESIAN_POINT('',(-0.037610832153532,-0.002286,-0.0449718803021758));
#332=CARTESIAN_POINT('',(-0.0385819367362242,-0.002286,-0.0422032543769947));
#333=CARTESIAN_POINT('',(-0.0396354706309114,-0.002286,-0.0388459207293038));
#334=CARTESIAN_POINT('',(-0.0405661253728142,-0.002286,-0.0354399854557762));
#335=CARTESIAN_POINT('',(-0.0415966405495032,-0.002286,-0.0308719694454768));
#336=CARTESIAN_POINT('',(-0.0424469448245163,-0.002286,-0.0251348699890007));
#337=CARTESIAN_POINT('',(-0.0429510101200377,-0.002286,-0.0182113787211478));
#338=CARTESIAN_POINT('',(-0.0430404579040842,-0.002286,-0.0112603962004616));
#339=CARTESIAN_POINT('',(-0.0428029089046784,-0.002286,-0.00428001685149787));
#340=CARTESIAN_POINT('',(-0.0422946877804005,-0.002286,0.00269737093974198));
#341=CARTESIAN_POINT('',(-0.0414094780213484,-0.002286,0.00959103015496227));
#342=CARTESIAN_POINT('',(-0.0401974225015418,-0.002286,0.0164258875049126));
#343=CARTESIAN_POINT('',(-0.0386777444759099,-0.002286,0.0232013110421264));
#344=CARTESIAN_POINT('',(-0.0370399911734744,-0.002286,0.0287775673519661));
#345=CARTESIAN_POINT('',(-0.0353707962242324,-0.002286,0.0331694275647219));
#346=CARTESIAN_POINT('',(-0.0339682085071391,-0.002286,0.0363857205410197));
#347=CARTESIAN_POINT('',(-0.0324346016995679,-0.002286,0.0395430706254461));
#348=CARTESIAN_POINT('',(-0.0310836078733797,-0.002286,0.0421407024392264));
#349=CARTESIAN_POINT('',(-0.029956291965447,-0.002286,0.0441954641438645));
#350=CARTESIAN_POINT('',(-0.0290766119125669,-0.002286,0.0457137791820188));
#351=CARTESIAN_POINT('',(-0.0283122075293059,-0.002286,0.0469591558709138));
#352=CARTESIAN_POINT('',(-0.02762207277121,-0.002286,0.0479050472246948));
#353=CARTESIAN_POINT('',(-0.0272607014774743,-0.002286,0.0483675502008009));
#354=CARTESIAN_POINT('',(-0.0270228170637897,-0.002286,0.0485621516687022));
#355=CARTESIAN_POINT('',(-0.0288621417487272,-0.00254,-0.00279424241963217));
#356=CARTESIAN_POINT('',(-0.0278358765529998,-0.00254,-0.0533340379365825));
#357=CARTESIAN_POINT('',(-0.0275520877198557,-0.00254,-0.0533343808165506));
#358=CARTESIAN_POINT('',(-0.0269855635210699,-0.00254,-0.0533095196621818));
#359=CARTESIAN_POINT('',(-0.0261575050819287,-0.00254,-0.0530656301662653));
#360=CARTESIAN_POINT('',(-0.0255138915140192,-0.00254,-0.0524882306735416));
#361=CARTESIAN_POINT('',(-0.024877564873567,-0.00254,-0.0515665170691436));
#362=CARTESIAN_POINT('',(-0.0241967354333155,-0.00254,-0.0503313373983155));
#363=CARTESIAN_POINT('',(-0.0234696253307405,-0.00254,-0.0488184343460673));
#364=CARTESIAN_POINT('',(-0.0227917418860448,-0.00254,-0.0472803751307873));
#365=CARTESIAN_POINT('',(-0.021934984019211,-0.00254,-0.0452089368582116));
#366=CARTESIAN_POINT('',(-0.020931763200866,-0.00254,-0.0425897690469785));
#367=CARTESIAN_POINT('',(-0.0198145569517799,-0.00254,-0.0394315376314686));
#368=CARTESIAN_POINT('',(-0.0185138907591076,-0.00254,-0.0351769092165542));
#369=CARTESIAN_POINT('',(-0.0173420879356105,-0.00254,-0.0297570209649993));
#370=CARTESIAN_POINT('',(-0.016415537277764,-0.00254,-0.0231480512259386));
#371=CARTESIAN_POINT('',(-0.0157126745104238,-0.00254,-0.0164802914104841));
#372=CARTESIAN_POINT('',(-0.0152125628979608,-0.00254,-0.00982451040216052));
#373=CARTESIAN_POINT('',(-0.014928878721634,-0.00254,-0.00318173335642041));
#374=CARTESIAN_POINT('',(-0.015141111536463,-0.00254,0.00343148976538861));
#375=CARTESIAN_POINT('',(-0.0157237399807936,-0.00254,0.0100222191807093));
#376=CARTESIAN_POINT('',(-0.0165432642048695,-0.00254,0.0166000582295517));
#377=CARTESIAN_POINT('',(-0.0177035023148226,-0.00254,0.02315276392106));
#378=CARTESIAN_POINT('',(-0.0190059198814762,-0.00254,0.0286080861457783));
#379=CARTESIAN_POINT('',(-0.0202681162101236,-0.00254,0.0329078656939166));
#380=CARTESIAN_POINT('',(-0.0213364533532767,-0.00254,0.036094678884777));
#381=CARTESIAN_POINT('',(-0.0223455004578351,-0.00254,0.038713285227385));
#382=CARTESIAN_POINT('',(-0.0232079504581681,-0.00254,0.0407820262822656));
#383=CARTESIAN_POINT('',(-0.0238801504954203,-0.00254,0.0423226315615577));
#384=CARTESIAN_POINT('',(-0.0245752291043415,-0.00254,0.0438535186338863));
#385=CARTESIAN_POINT('',(-0.025294304903692,-0.00254,0.0453724847008201));
#386=CARTESIAN_POINT('',(-0.0259059924109735,-0.00254,0.0466372490368288));
#387=CARTESIAN_POINT('',(-0.0264208191917784,-0.00254,0.0476275459375802));
#388=CARTESIAN_POINT('',(-0.0267229431388019,-0.00254,0.0481116883996456));
#389=CARTESIAN_POINT('',(-0.0269411745155033,-0.00254,0.0482929606758743));
#390=CARTESIAN_POINT('',(-0.0278358765529998,-0.00254,-0.0533340379365825));
#391=CARTESIAN_POINT('',(-0.0269411745155033,-0.00254,0.0482929606758743));
#392=CARTESIAN_POINT('',(-0.0269411745155058,-0.00254,0.0482929606758734));
#393=CARTESIAN_POINT('',(-0.0273595847265815,-0.00254,0.0478827659169585));
#394=CARTESIAN_POINT('',(-0.0280259876117062,-0.00254,0.0469212287421903));
#395=CARTESIAN_POINT('',(-0.0289431030244657,-0.00254,0.0454483970251129));
#396=CARTESIAN_POINT('',(-0.029808970920752,-0.00254,0.0439365382283254));
#397=CARTESIAN_POINT('',(-0.0309237518453703,-0.00254,0.0419007558998502));
#398=CARTESIAN_POINT('',(-0.0322563667212146,-0.00254,0.039331220197779));
#399=CARTESIAN_POINT('',(-0.03427360790568,-0.00254,0.0351697569469033));
#400=CARTESIAN_POINT('',(-0.0364637246001841,-0.00254,0.0298324559515953));
#401=CARTESIAN_POINT('',(-0.0384361187874757,-0.00254,0.0231242560218859));
#402=CARTESIAN_POINT('',(-0.0399521859643559,-0.00254,0.016354900477393));
#403=CARTESIAN_POINT('',(-0.0411585260121245,-0.00254,0.00954892263887973));
#404=CARTESIAN_POINT('',(-0.0420378033290445,-0.00254,0.00270277601048718));
#405=CARTESIAN_POINT('',(-0.0425427666916,-0.00254,-0.00419020976203779));
#406=CARTESIAN_POINT('',(-0.0427843882586628,-0.00254,-0.011111493256169));
#407=CARTESIAN_POINT('',(-0.0427022434407512,-0.00254,-0.0180873700969262));
#408=CARTESIAN_POINT('',(-0.0422060020793432,-0.00254,-0.0249923329427028));
#409=CARTESIAN_POINT('',(-0.0413715276168697,-0.00254,-0.0306784623852341));
#410=CARTESIAN_POINT('',(-0.0403701914881722,-0.00254,-0.0351727481229279));
#411=CARTESIAN_POINT('',(-0.0394659848746023,-0.00254,-0.0385183488340115));
#412=CARTESIAN_POINT('',(-0.0386056094247231,-0.00254,-0.0412892624988377));
#413=CARTESIAN_POINT('',(-0.037858679228574,-0.00254,-0.0434955905789196));
#414=CARTESIAN_POINT('',(-0.0372720491426028,-0.00254,-0.0451392313543994));
#415=CARTESIAN_POINT('',(-0.0366587934857761,-0.00254,-0.0467730076579988));
#416=CARTESIAN_POINT('',(-0.0361247030516966,-0.00254,-0.0481261733415572));
#417=CARTESIAN_POINT('',(-0.035682353439571,-0.00254,-0.049202040233163));
#418=CARTESIAN_POINT('',(-0.0353405576209886,-0.00254,-0.0500078788590404));
#419=CARTESIAN_POINT('',(-0.0349922945188854,-0.00254,-0.0508003340695768));
#420=CARTESIAN_POINT('',(-0.0346070444532457,-0.00254,-0.0516130941950828));
#421=CARTESIAN_POINT('',(-0.03384255137033,-0.00254,-0.05209230629052));
#422=CARTESIAN_POINT('',(-0.0327418552864642,-0.00254,-0.0525008953390194));
#423=CARTESIAN_POINT('',(-0.0313230107063445,-0.00254,-0.0528916575062251));
#424=CARTESIAN_POINT('',(-0.0295920211842937,-0.00254,-0.053216887313975));
#425=CARTESIAN_POINT('',(-0.0284264875562818,-0.00254,-0.0533333243472571));
#426=CARTESIAN_POINT('',(-0.0278358765529998,-0.00254,-0.0533340379365825));
#427=CARTESIAN_POINT('',(-0.0288621417487272,0.,-0.00279424241963217));
#428=CARTESIAN_POINT('',(-0.0282224150838876,0.,-0.0533249694997076));
#429=CARTESIAN_POINT('',(-0.0288017582202635,0.,-0.0532995744091957));
#430=CARTESIAN_POINT('',(-0.0299408538307295,1.26511557289494E-18,-0.0531618005907872));
#431=CARTESIAN_POINT('',(-0.0316208222113946,4.51005271052473E-19,-0.0528189806980875));
#432=CARTESIAN_POINT('',(-0.0329916231241753,1.58331181107536E-18,-0.0524227329876946));
#433=CARTESIAN_POINT('',(-0.033936465442531,-1.94782344307729E-18,-0.0520387001346661));
#434=CARTESIAN_POINT('',(-0.03442588525689,1.92752605984877E-18,-0.0517101692230274));
#435=CARTESIAN_POINT('',(-0.0347912617108824,-3.1121198811023E-18,-0.0512571860648705));
#436=CARTESIAN_POINT('',(-0.0350844945970204,1.29526441403019E-18,-0.0505855866029912));
#437=CARTESIAN_POINT('',(-0.0354353788169881,-2.11678960754989E-19,-0.0497893168376705));
#438=CARTESIAN_POINT('',(-0.0357725407481683,5.27233384226721E-19,-0.0489843421375991));
#439=CARTESIAN_POINT('',(-0.0362122756299772,-1.40437462262883E-18,-0.0479077320927822));
#440=CARTESIAN_POINT('',(-0.0367423593533362,2.68484001824867E-18,-0.0465549397315223));
#441=CARTESIAN_POINT('',(-0.0373512453508665,2.64895074942238E-19,-0.0449221766535536));
#442=CARTESIAN_POINT('',(-0.0379333918565825,1.13448945816715E-18,-0.0432799135268878));
#443=CARTESIAN_POINT('',(-0.0386735184918956,-2.76753994623795E-19,-0.0410782465931736));
#444=CARTESIAN_POINT('',(-0.0395300717780149,-7.42206451129192E-19,-0.0382977673335008));
#445=CARTESIAN_POINT('',(-0.040428552456455,2.25143442128621E-19,-0.0349370749836009));
#446=CARTESIAN_POINT('',(-0.0414144137934575,1.01483836975934E-18,-0.0304353084536159));
#447=CARTESIAN_POINT('',(-0.0422297715441153,1.93801190198475E-18,-0.0247591979863271));
#448=CARTESIAN_POINT('',(-0.0427086394923525,1.9978632587933E-19,-0.0178927703692458));
#449=CARTESIAN_POINT('',(-0.0427820035008879,2.1417525706827E-18,-0.0109752059698253));
#450=CARTESIAN_POINT('',(-0.0425350360748561,1.52409885224566E-20,-0.00403916211880981));
#451=CARTESIAN_POINT('',(-0.0420236817732403,-1.22693456953557E-18,0.00284075226350877));
#452=CARTESIAN_POINT('',(-0.0411397187951607,1.96515142390897E-18,0.00966706452895456));
#453=CARTESIAN_POINT('',(-0.0399336195805051,-1.75476134991554E-18,0.0164454145937728));
#454=CARTESIAN_POINT('',(-0.0384241016898147,-1.77657971090546E-18,0.0231679496877739));
#455=CARTESIAN_POINT('',(-0.0364556308712281,2.03060650687873E-18,0.029855811117786));
#456=CARTESIAN_POINT('',(-0.0342591719919978,-8.84012699207439E-19,0.0352018842160464));
#457=CARTESIAN_POINT('',(-0.0322448498542436,1.67299253481612E-18,0.0393538102423259));
#458=CARTESIAN_POINT('',(-0.030915076400028,-1.02808372117912E-18,0.0419170622275693));
#459=CARTESIAN_POINT('',(-0.0298040715525719,5.22792583037527E-20,0.0439451168492666));
#460=CARTESIAN_POINT('',(-0.0289401326881705,1.52465789833034E-18,0.0454537369799022));
#461=CARTESIAN_POINT('',(-0.0280198361895533,-1.27200107544034E-18,0.0469297889527485));
#462=CARTESIAN_POINT('',(-0.0273613841687353,0.,0.047881001806711));
#463=CARTESIAN_POINT('',(-0.0269411745155086,0.,0.0482929606758707));
#464=CARTESIAN_POINT('',(-0.0282224150838876,0.,-0.0533249694997076));
#465=CARTESIAN_POINT('',(-0.0269411745155086,0.,0.0482929606758707));
#466=CARTESIAN_POINT('',(-0.0269411745155008,0.,0.0482929606758722));
#467=CARTESIAN_POINT('',(-0.0267221791860965,0.,0.0481110538279896));
#468=CARTESIAN_POINT('',(-0.0264193699260735,-1.82917991111601E-18,0.0476249706222838));
#469=CARTESIAN_POINT('',(-0.0259029145312153,3.86013067018235E-20,0.046631022300977));
#470=CARTESIAN_POINT('',(-0.0252891052160442,1.48012313098649E-18,0.0453617446509003));
#471=CARTESIAN_POINT('',(-0.0245676782028185,-7.91879689606093E-19,0.0438372790726112));
#472=CARTESIAN_POINT('',(-0.0238704037858456,2.66317758267483E-18,0.0423008239368987));
#473=CARTESIAN_POINT('',(-0.0231962027440201,-1.07879304396065E-18,0.0407545668512868));
#474=CARTESIAN_POINT('',(-0.022331354984059,-1.34087068207058E-18,0.0386781659786377));
#475=CARTESIAN_POINT('',(-0.0213201013525664,3.85617141791768E-19,0.0360496815426917));
#476=CARTESIAN_POINT('',(-0.0202501373595276,1.11948163491293E-18,0.0328509219886765));
#477=CARTESIAN_POINT('',(-0.0189864314339932,-3.52672418649267E-19,0.0285347809525505));
#478=CARTESIAN_POINT('',(-0.017683828398586,1.60984813711375E-20,0.0230596337271192));
#479=CARTESIAN_POINT('',(-0.0165254543569224,1.33781462840575E-18,0.0164833152200297));
#480=CARTESIAN_POINT('',(-0.0157092117193015,-4.88447218809374E-19,0.00988169074875498));
#481=CARTESIAN_POINT('',(-0.0151287679239222,1.5917562020687E-18,0.00326727150202538));
#482=CARTESIAN_POINT('',(-0.0149310659996437,-9.99667813280649E-19,-0.00337042799560831));
#483=CARTESIAN_POINT('',(-0.0152255493877529,-5.20430814656965E-19,-0.0100373170810546));
#484=CARTESIAN_POINT('',(-0.015733848920985,1.54045206197646E-19,-0.0167175952395922));
#485=CARTESIAN_POINT('',(-0.0164469309570747,8.80031945103334E-19,-0.0234079647986142));
#486=CARTESIAN_POINT('',(-0.0173886789636672,1.20473678957379E-18,-0.0300376148534915));
#487=CARTESIAN_POINT('',(-0.0185897576632255,-4.82601641082471E-19,-0.0354712389076418));
#488=CARTESIAN_POINT('',(-0.0199167334839979,1.11562657365217E-18,-0.0397361229715541));
#489=CARTESIAN_POINT('',(-0.0210477893624544,4.99448068974917E-19,-0.042903521196613));
#490=CARTESIAN_POINT('',(-0.0220622717871903,-1.69812273376658E-18,-0.0455299104644821));
#491=CARTESIAN_POINT('',(-0.0229306481872129,1.49305837412943E-18,-0.0476047003530553));
#492=CARTESIAN_POINT('',(-0.0236201290844316,-1.9299626354038E-19,-0.0491438558179668));
#493=CARTESIAN_POINT('',(-0.0242396221099929,1.80091152134138E-19,-0.0504046060726401));
#494=CARTESIAN_POINT('',(-0.0247888544622903,-1.7492377539888E-18,-0.0513918825859607));
#495=CARTESIAN_POINT('',(-0.0252383254915955,4.68718403693133E-19,-0.0521066892599988));
#496=CARTESIAN_POINT('',(-0.0257703199165637,8.50146094453226E-19,-0.0527759791953398));
#497=CARTESIAN_POINT('',(-0.026520450383084,1.00960699467873E-18,-0.0532172347661732));
#498=CARTESIAN_POINT('',(-0.0273688788857481,-9.66429698336869E-21,-0.0533399064680917));
#499=CARTESIAN_POINT('',(-0.0279380717829102,0.,-0.0533374334841952));
#500=CARTESIAN_POINT('',(-0.0282224150838876,0.,-0.0533249694997076));
#501=CARTESIAN_POINT('',(-0.0282224150838875,1.62630325872826E-19,-0.0533249694997076));
#502=CARTESIAN_POINT('',(-0.0282335383103565,1.62630325872826E-19,-0.0535787258273783));
#503=CARTESIAN_POINT('',(-0.0282335383103565,-0.000254,-0.0535787258273783));
#504=CARTESIAN_POINT('',(-0.027937832210071,1.62630325872826E-19,-0.0533374439913028));
#505=CARTESIAN_POINT('',(-0.0279419707513037,2.84150585119018E-15,-0.0535915064876645));
#506=CARTESIAN_POINT('',(-0.0279419707512392,-0.000254000000000741,-0.0535915064820357));
#507=CARTESIAN_POINT('',(-0.0273665567201572,-4.36723022290077E-20,-0.0533400606753726));
#508=CARTESIAN_POINT('',(-0.0273550670346327,-1.33116987208575E-15,-0.0535940156729687));
#509=CARTESIAN_POINT('',(-0.0273550670346627,-0.000253999999999656,-0.0535940156755811));
#510=CARTESIAN_POINT('',(-0.0265113020910995,8.84689524229236E-19,-0.0532154079666296));
#511=CARTESIAN_POINT('',(-0.0264352899141285,3.56178194046802E-16,-0.0534654954084363));
#512=CARTESIAN_POINT('',(-0.0264352899141205,-0.000254000000000092,-0.0534654954077363));
#513=CARTESIAN_POINT('',(-0.0257588127063192,1.38382398149683E-18,-0.0527658068846608));
#514=CARTESIAN_POINT('',(-0.0255763777202179,-9.54944680118966E-17,-0.052951848784117));
#515=CARTESIAN_POINT('',(-0.0255763777202201,-0.000253999999999974,-0.0529518487843045));
#516=CARTESIAN_POINT('',(-0.0252267585894992,-1.54107567403179E-18,-0.0520898246568481));
#517=CARTESIAN_POINT('',(-0.0250161314303238,3.06785877769722E-17,-0.0522311527969376));
#518=CARTESIAN_POINT('',(-0.0250161314303232,-0.000254000000000008,-0.0522311527968874));
#519=CARTESIAN_POINT('',(-0.0247752614525784,1.85313284891947E-18,-0.0513689419134316));
#520=CARTESIAN_POINT('',(-0.0245559540987249,-1.32336750709272E-17,-0.0514975962644196));
#521=CARTESIAN_POINT('',(-0.024555954098725,-0.000253999999999997,-0.0514975962644327));
#522=CARTESIAN_POINT('',(-0.0242238963100823,-1.94110554358824E-18,-0.050374205136773));
#523=CARTESIAN_POINT('',(-0.0239976115559795,1.24019982495828E-17,-0.0504896855131025));
#524=CARTESIAN_POINT('',(-0.0239976115559794,-0.000254000000000002,-0.0504896855130949));
#525=CARTESIAN_POINT('',(-0.0236013878347245,8.85920983419695E-19,-0.0491039778292372));
#526=CARTESIAN_POINT('',(-0.0233711019285269,-3.97887579403593E-18,-0.0492112816317927));
#527=CARTESIAN_POINT('',(-0.0233711019285269,-0.000253999999999999,-0.0492112816317953));
#528=CARTESIAN_POINT('',(-0.0229084797804659,-6.13911294519951E-20,-0.0475535049680441));
#529=CARTESIAN_POINT('',(-0.0226751501110181,1.21311207307448E-18,-0.0476539293688077));
#530=CARTESIAN_POINT('',(-0.0226751501110181,-0.000254,-0.0476539293688071));
#531=CARTESIAN_POINT('',(-0.0220356305863663,4.67697695984314E-19,-0.0454634856665128));
#532=CARTESIAN_POINT('',(-0.0217995988065491,-2.68091415058148E-19,-0.0455574132666182));
#533=CARTESIAN_POINT('',(-0.0217995988065491,-0.000254,-0.0455574132666186));
#534=CARTESIAN_POINT('',(-0.0210159406217809,-1.46286872850647E-18,-0.0428182449716508));
#535=CARTESIAN_POINT('',(-0.0207777604917993,-1.21328274175667E-18,-0.0429065499243526));
#536=CARTESIAN_POINT('',(-0.0207777604917993,-0.000254000000000001,-0.0429065499243525));
#537=CARTESIAN_POINT('',(-0.0198799490602315,2.07031806743253E-18,-0.0396281543174));
#538=CARTESIAN_POINT('',(-0.0196391717490591,2.00483825103425E-18,-0.0397092682088609));
#539=CARTESIAN_POINT('',(-0.0196391717490592,-0.000253999999999999,-0.039709268208861));
#540=CARTESIAN_POINT('',(-0.0185522026957191,-3.27609770919603E-18,-0.0353316304824019));
#541=CARTESIAN_POINT('',(-0.0183060544186606,-3.23782673193881E-18,-0.0353956124645781));
#542=CARTESIAN_POINT('',(-0.0183060544186606,-0.000254000000000002,-0.0353956124645781));
#543=CARTESIAN_POINT('',(-0.0173570194440646,2.05710482895497E-18,-0.0298569902166523));
#544=CARTESIAN_POINT('',(-0.0171062555738841,2.04006511563139E-18,-0.0298989649061884));
#545=CARTESIAN_POINT('',(-0.0171062555738841,-0.000253999999999999,-0.0298989649061884));
#546=CARTESIAN_POINT('',(-0.0164185172178134,9.93228677191124E-19,-0.023178776884594));
#547=CARTESIAN_POINT('',(-0.0161663416860685,1.01205441511206E-18,-0.0232093416066672));
#548=CARTESIAN_POINT('',(-0.0161663416860685,-0.000253999999999999,-0.0232093416066672));
#549=CARTESIAN_POINT('',(-0.0157084379862431,-1.1511097615347E-18,-0.0164405912373724));
#550=CARTESIAN_POINT('',(-0.0154554042396613,-1.20937299989486E-18,-0.0164632280027797));
#551=CARTESIAN_POINT('',(-0.0154554042396613,-0.000254000000000001,-0.0164632280027797));
#552=CARTESIAN_POINT('',(-0.0152050849824954,6.8386450323683E-19,-0.00971470818011792));
#553=CARTESIAN_POINT('',(-0.014951538266727,8.98091718756511E-19,-0.00973029101108146));
#554=CARTESIAN_POINT('',(-0.014951538266727,-0.000254,-0.00973029101108146));
#555=CARTESIAN_POINT('',(-0.0149247835300826,-6.08566296175662E-19,-0.00300220291373016));
#556=CARTESIAN_POINT('',(-0.0146705417646567,-1.40721191989423E-18,-0.00300514524030808));
#557=CARTESIAN_POINT('',(-0.0146705417646567,-0.000254,-0.00300514524030808));
#558=CARTESIAN_POINT('',(-0.015158085350354,-1.17694518424504E-18,0.00367967215200836));
#559=CARTESIAN_POINT('',(-0.014904621877531,1.80341009510956E-18,0.00369869718989287));
#560=CARTESIAN_POINT('',(-0.014904621877531,-0.000254000000000001,0.00369869718989287));
#561=CARTESIAN_POINT('',(-0.0157557765645662,2.38900116744498E-18,0.0103394394809189));
#562=CARTESIAN_POINT('',(-0.0155031186595367,1.67456652960601E-18,0.0103657030039314));
#563=CARTESIAN_POINT('',(-0.0155031186595367,-0.000253999999999998,0.0103657030039315));
#564=CARTESIAN_POINT('',(-0.0166000951996653,4.02978111597703E-19,0.0169856245259343));
#565=CARTESIAN_POINT('',(-0.0163488642806517,2.80361383598979E-19,0.0170239125031768));
#566=CARTESIAN_POINT('',(-0.0163488642806516,-0.000254,0.0170239125031768));
#567=CARTESIAN_POINT('',(-0.0177967711376598,8.77996162348981E-19,0.0236063765873628));
#568=CARTESIAN_POINT('',(-0.0175480995439541,2.08289771218284E-18,0.0236588606453236));
#569=CARTESIAN_POINT('',(-0.0175480995439541,-0.000253999999999999,0.0236588606453236));
#570=CARTESIAN_POINT('',(-0.0191394797267588,9.49621873050782E-19,0.0291165633866575));
#571=CARTESIAN_POINT('',(-0.0188939882815815,7.59937965820378E-19,0.0291822078529142));
#572=CARTESIAN_POINT('',(-0.0188939882815815,-0.000253999999999999,0.0291822078529143));
#573=CARTESIAN_POINT('',(-0.0204402448420018,-1.39702762634273E-18,0.033452940990352));
#574=CARTESIAN_POINT('',(-0.0201982726627454,-1.29657690329477E-18,0.0335304105546013));
#575=CARTESIAN_POINT('',(-0.0201982726627454,-0.000254000000000001,0.0335304105546013));
#576=CARTESIAN_POINT('',(-0.0215444562534056,2.29780514145764E-18,0.0366666955622284));
#577=CARTESIAN_POINT('',(-0.0213061376573457,2.01315249892663E-18,0.0367548003170497));
#578=CARTESIAN_POINT('',(-0.0213061376573457,-0.000253999999999998,0.0367548003170497));
#579=CARTESIAN_POINT('',(-0.0227921398357113,-2.91528316330306E-18,0.0398317628259032));
#580=CARTESIAN_POINT('',(-0.0225575706685173,-1.87712331622697E-18,0.0399293237435264));
#581=CARTESIAN_POINT('',(-0.0225575706685173,-0.000254000000000002,0.0399293237435265));
#582=CARTESIAN_POINT('',(-0.0239206887955253,1.6248309936961E-18,0.0424275001226593));
#583=CARTESIAN_POINT('',(-0.0236887836744496,-1.42546465326901E-18,0.0425311944997614));
#584=CARTESIAN_POINT('',(-0.0236887836744496,-0.000253999999999999,0.0425311944997614));
#585=CARTESIAN_POINT('',(-0.0248699963937532,9.78157321000242E-20,0.0444843431179787));
#586=CARTESIAN_POINT('',(-0.0246401285763899,5.38071592722206E-18,0.0445923709182144));
#587=CARTESIAN_POINT('',(-0.0246401285763899,-0.000254,0.0445923709182144));
#588=CARTESIAN_POINT('',(-0.0254823891953162,-5.32495837533514E-19,0.0457614079193229));
#589=CARTESIAN_POINT('',(-0.0252539206086384,-1.81911988816279E-18,0.0458725687837479));
#590=CARTESIAN_POINT('',(-0.0252539206086384,-0.000254,0.045872568783748));
#591=CARTESIAN_POINT('',(-0.0259823506925968,1.26419001288597E-18,0.0467787452462185));
#592=CARTESIAN_POINT('',(-0.0257547431207103,2.36090293912146E-18,0.0468912047037832));
#593=CARTESIAN_POINT('',(-0.0257547431207103,-0.000253999999999999,0.0468912047037832));
#594=CARTESIAN_POINT('',(-0.0263032670986303,1.31926751788928E-19,0.0474103655912198));
#595=CARTESIAN_POINT('',(-0.026078413781302,-2.76533934261254E-18,0.0475295021901575));
#596=CARTESIAN_POINT('',(-0.026078413781302,-0.000254,0.0475295021901575));
#597=CARTESIAN_POINT('',(-0.0265916859790415,-2.41517817880255E-21,0.0478970473755356));
#598=CARTESIAN_POINT('',(-0.0263780894665055,4.993321206497E-18,0.0480341976559991));
#599=CARTESIAN_POINT('',(-0.0263780894665055,-0.000254,0.0480341976559992));
#600=CARTESIAN_POINT('',(-0.0267859119647325,9.086677432559E-19,0.0481551016093679));
#601=CARTESIAN_POINT('',(-0.026590603306206,7.92515198261401E-19,0.0483219299542671));
#602=CARTESIAN_POINT('',(-0.026590603306206,-0.000253999999999999,0.0483219299542671));
#603=CARTESIAN_POINT('',(-0.0269308788869141,-4.31959386042201E-19,0.0482853721409742));
#604=CARTESIAN_POINT('',(-0.0267677756978796,-5.43720502057822E-19,0.0484797454968796));
#605=CARTESIAN_POINT('',(-0.0267677756978796,-0.000254,0.0484797454968796));
#606=CARTESIAN_POINT('',(-0.0269867446228888,1.22993455613074E-18,0.0483297370261436));
#607=CARTESIAN_POINT('',(-0.0268316615358666,1.45385600897835E-18,0.0485318630570774));
#608=CARTESIAN_POINT('',(-0.0268316615358666,-0.000253999999999999,0.0485318630570774));
#609=CARTESIAN_POINT('',(-0.0270473187633668,-4.42434915828987E-19,0.0483690732347152));
#610=CARTESIAN_POINT('',(-0.0269413446049382,-1.67420251689838E-18,0.048602078362398));
#611=CARTESIAN_POINT('',(-0.0269413446049382,-0.000254,0.048602078362398));
#612=CARTESIAN_POINT('',(-0.0271270193963896,2.71696349899046E-19,0.048410967046836));
#613=CARTESIAN_POINT('',(-0.0269972237427477,1.02379974952883E-17,0.0486289935081854));
#614=CARTESIAN_POINT('',(-0.0269972237427477,-0.000254,0.0486289935081853));
#615=CARTESIAN_POINT('',(-0.0273150117637074,2.62977958400547E-20,0.04851752113412));
#616=CARTESIAN_POINT('',(-0.0271984095535682,-9.86926382091412E-18,0.0487438434722074));
#617=CARTESIAN_POINT('',(-0.0271984095535683,-0.000254,0.0487438434722079));
#618=CARTESIAN_POINT('',(-0.0274725286197825,1.62630325872826E-19,0.0486047513791985));
#619=CARTESIAN_POINT('',(-0.0273485967188094,-2.71687277006E-17,0.0488264648968807));
#620=CARTESIAN_POINT('',(-0.0273485967188086,-0.000254,0.0488264648968759));
#621=CARTESIAN_POINT('',(-0.0275982680086585,1.62630325872826E-19,0.0486750363201164));
#622=CARTESIAN_POINT('',(-0.0274743361076845,1.62630325872826E-19,0.0488967498377939));
#623=CARTESIAN_POINT('',(-0.0274743361076845,-0.000254,0.0488967498377939));
#624=CARTESIAN_POINT('',(-0.0268898012420096,-0.000254000000043627,0.0485695608940305));
#625=CARTESIAN_POINT('',(-0.0268898007530443,-0.000112179590774133,0.0485695605947174));
#626=CARTESIAN_POINT('',(-0.0269096879850218,1.80789945010666E-15,0.0484267311635793));
#627=CARTESIAN_POINT('',(-0.0269411745155027,1.62630253888893E-19,0.048292960675868));
#628=CARTESIAN_POINT('',(-0.0282224150838876,-0.000254,-0.0533249694997076));
#629=CARTESIAN_POINT('',(-0.0282335383103565,-0.000254,-0.0535787258273783));
#630=CARTESIAN_POINT('',(-0.0282335383103565,0.,-0.0535787258273783));
#631=CARTESIAN_POINT('',(-0.0282224150838876,0.,-0.0533249694997076));
#632=CARTESIAN_POINT('',(-0.0288313606321196,-0.000254,-0.05355252071504));
#633=CARTESIAN_POINT('',(-0.0288313606315738,-6.64902700445353E-16,-0.0535525207018114));
#634=CARTESIAN_POINT('',(-0.0288059161938734,0.,-0.0532993921349769));
#635=CARTESIAN_POINT('',(-0.0299947216715088,-0.000253999999999999,-0.05341082016741));
#636=CARTESIAN_POINT('',(-0.0299947216717686,3.18258967919548E-16,-0.0534108201737072));
#637=CARTESIAN_POINT('',(-0.0299533771192337,7.12801443147707E-19,-0.0531599582682825));
#638=CARTESIAN_POINT('',(-0.0314194364965992,-0.000254000000000001,-0.0531189868160682));
#639=CARTESIAN_POINT('',(-0.031419436496567,-4.0560129161487E-17,-0.0531189868152867));
#640=CARTESIAN_POINT('',(-0.0313619856081744,-1.14705233929207E-18,-0.0528715892993263));
#641=CARTESIAN_POINT('',(-0.0325460066153945,-0.000254,-0.0528161676671434));
#642=CARTESIAN_POINT('',(-0.0325460066154005,7.89276597391168E-18,-0.0528161676672908));
#643=CARTESIAN_POINT('',(-0.0324743506021864,4.58460989240747E-19,-0.0525720396501549));
#644=CARTESIAN_POINT('',(-0.0333845693490128,-0.000254,-0.0525374434086721));
#645=CARTESIAN_POINT('',(-0.0333845693490112,-2.14837656277243E-18,-0.0525374434086317));
#646=CARTESIAN_POINT('',(-0.0332960488318344,-1.12387994567168E-19,-0.0523002780995283));
#647=CARTESIAN_POINT('',(-0.0340829034513806,-0.000254,-0.0522557150652186));
#648=CARTESIAN_POINT('',(-0.0340829034513808,1.03903909988376E-18,-0.0522557150652236));
#649=CARTESIAN_POINT('',(-0.0339758763638506,7.86996121126206E-19,-0.0520214643510018));
#650=CARTESIAN_POINT('',(-0.0346399311611578,-0.000254000000000001,-0.0518639560005297));
#651=CARTESIAN_POINT('',(-0.0346399311611577,-9.52704089617804E-19,-0.0518639560005287));
#652=CARTESIAN_POINT('',(-0.0344615433900748,-9.06224441495261E-19,-0.0516776589925717));
#653=CARTESIAN_POINT('',(-0.0350477235520609,-0.000254,-0.0513209378409432));
#654=CARTESIAN_POINT('',(-0.0350477235520609,7.74057616875251E-19,-0.0513209378409438));
#655=CARTESIAN_POINT('',(-0.0348136750685049,7.47222706897544E-19,-0.051211133458539));
#656=CARTESIAN_POINT('',(-0.0353380814063161,-0.000254,-0.0506360940483184));
#657=CARTESIAN_POINT('',(-0.0353380814063161,2.36456784304152E-19,-0.0506360940483182));
#658=CARTESIAN_POINT('',(-0.0351071429810431,2.45572733490796E-19,-0.050534028861726));
#659=CARTESIAN_POINT('',(-0.0356940544637841,-0.000254000000000001,-0.0498315467525208));
#660=CARTESIAN_POINT('',(-0.0356940544637841,-8.51622965369122E-19,-0.0498315467525208));
#661=CARTESIAN_POINT('',(-0.0354600207268484,-8.54061680305124E-19,-0.0497317754260514));
#662=CARTESIAN_POINT('',(-0.0360335409205173,-0.000254,-0.0490175899883547));
#663=CARTESIAN_POINT('',(-0.0360335409205173,2.42689211461475E-19,-0.0490175899883547));
#664=CARTESIAN_POINT('',(-0.0357988584390692,2.43328122018838E-19,-0.0489206965656511));
#665=CARTESIAN_POINT('',(-0.0364769572742315,-0.000253999999999999,-0.0479299777467147));
#666=CARTESIAN_POINT('',(-0.0364769572742314,1.06130102919307E-18,-0.0479299777467147));
#667=CARTESIAN_POINT('',(-0.0362408894905843,1.06093215594935E-18,-0.0478360440950062));
#668=CARTESIAN_POINT('',(-0.0370109779331801,-0.000253999999999999,-0.0465636426538741));
#669=CARTESIAN_POINT('',(-0.0370109779331801,1.43211912041691E-18,-0.0465636426538741));
#670=CARTESIAN_POINT('',(-0.0367736522333333,1.43224442682358E-18,-0.0464731558507565));
#671=CARTESIAN_POINT('',(-0.0376242586537549,-0.000254000000000001,-0.0449147536814767));
#672=CARTESIAN_POINT('',(-0.0376242586537549,-1.83670411643116E-18,-0.0449147536814767));
#673=CARTESIAN_POINT('',(-0.0373854553355605,-1.83673763288406E-18,-0.0448281653452184));
#674=CARTESIAN_POINT('',(-0.0382103212208004,-0.000254000000000001,-0.0432562024166238));
#675=CARTESIAN_POINT('',(-0.0382103212208004,-9.15776341350937E-19,-0.0432562024166238));
#676=CARTESIAN_POINT('',(-0.037970139239056,-9.15767581946007E-19,-0.0431735363887647));
#677=CARTESIAN_POINT('',(-0.0389550608836832,-0.000254000000000001,-0.0410325089735867));
#678=CARTESIAN_POINT('',(-0.0389550608836832,-1.46896015931472E-18,-0.0410325089735867));
#679=CARTESIAN_POINT('',(-0.0387130738126439,-1.46896510733878E-18,-0.0409552211258217));
#680=CARTESIAN_POINT('',(-0.0398161618199635,-0.000254,-0.0382232145932295));
#681=CARTESIAN_POINT('',(-0.0398161618199635,7.23338923940441E-19,-0.0382232145932295));
#682=CARTESIAN_POINT('',(-0.039571937295654,7.23339659132344E-19,-0.0381532205872173));
#683=CARTESIAN_POINT('',(-0.0407171302993597,-0.000254,-0.0348280065919135));
#684=CARTESIAN_POINT('',(-0.0407171302993597,-1.01537645590594E-20,-0.0348280065919135));
#685=CARTESIAN_POINT('',(-0.0404702180873649,-1.01506206594212E-20,-0.0347680101126246));
#686=CARTESIAN_POINT('',(-0.0417010714204431,-0.000254,-0.0302753381664179));
#687=CARTESIAN_POINT('',(-0.0417010714204431,3.94128707563354E-19,-0.0302753381664179));
#688=CARTESIAN_POINT('',(-0.0414504750710625,3.94109911876199E-19,-0.0302323812818183));
#689=CARTESIAN_POINT('',(-0.0425089953438793,-0.000254000000000001,-0.0245392947406231));
#690=CARTESIAN_POINT('',(-0.0425089953438793,-1.0569346571825E-18,-0.0245392947406231));
#691=CARTESIAN_POINT('',(-0.042256071097986,-1.0567812154963E-18,-0.0245137405638604));
#692=CARTESIAN_POINT('',(-0.0429746105826173,-0.000254,-0.0176053363155596));
#693=CARTESIAN_POINT('',(-0.0429746105826173,6.16051382506609E-19,-0.0176053363155596));
#694=CARTESIAN_POINT('',(-0.0427206195868856,6.15490858923644E-19,-0.0175962897226574));
#695=CARTESIAN_POINT('',(-0.043030964939508,-0.000254,-0.0106214464170892));
#696=CARTESIAN_POINT('',(-0.043030964939508,-4.31488917606983E-19,-0.0106214464170891));
#697=CARTESIAN_POINT('',(-0.0427769275225099,-4.29400264961322E-19,-0.0106259726551146));
#698=CARTESIAN_POINT('',(-0.0427680256307856,-0.000253999999999999,-0.00362881425884069));
#699=CARTESIAN_POINT('',(-0.0427680256307856,2.08568624315828E-18,-0.0036288142588407));
#700=CARTESIAN_POINT('',(-0.0425143390299531,2.0778921561586E-18,-0.00364270078564775));
#701=CARTESIAN_POINT('',(-0.0422321409692594,-0.000254000000000002,0.00330992217246449));
#702=CARTESIAN_POINT('',(-0.0422321409692594,-3.03234627884136E-18,0.00330992217246449));
#703=CARTESIAN_POINT('',(-0.0419793734465271,-3.0032585834883E-18,0.00328363763941291));
#704=CARTESIAN_POINT('',(-0.0413140740460028,-0.000253999999999998,0.0101951868613713));
#705=CARTESIAN_POINT('',(-0.0413140740460028,3.21322518554849E-18,0.0101951868613713));
#706=CARTESIAN_POINT('',(-0.0410631717736052,3.10466849113591E-18,0.0101549824264242));
#707=CARTESIAN_POINT('',(-0.0400760326323748,-0.000254,0.017029097708606));
#708=CARTESIAN_POINT('',(-0.0400760326323748,-1.03851686622E-18,0.017029097708606));
#709=CARTESIAN_POINT('',(-0.0398270514146604,-6.33377783922768E-19,0.016978557806011));
#710=CARTESIAN_POINT('',(-0.0385242572291062,-0.000254,0.0238090248291043));
#711=CARTESIAN_POINT('',(-0.0385242572291062,1.9166242345685E-18,0.0238090248291043));
#712=CARTESIAN_POINT('',(-0.0382780917239284,4.04624599792111E-19,0.0237455311432479));
#713=CARTESIAN_POINT('',(-0.0364788069946231,-0.000254,0.0305569537018385));
#714=CARTESIAN_POINT('',(-0.0364788069946231,-4.48027688886588E-19,0.0305569537018386));
#715=CARTESIAN_POINT('',(-0.0362394186946708,-9.33866000872063E-21,0.0304706306744652));
#716=CARTESIAN_POINT('',(-0.0342066280496491,-0.000254,0.0359333495458858));
#717=CARTESIAN_POINT('',(-0.0342066280496491,6.34719115364585E-19,0.0359333495458858));
#718=CARTESIAN_POINT('',(-0.033975710707365,5.05536886231652E-19,0.0358272034056445));
#719=CARTESIAN_POINT('',(-0.0321451340707584,-0.000254,0.0401129919932175));
#720=CARTESIAN_POINT('',(-0.0321451340707584,-5.6499789226046E-19,0.0401129919932175));
#721=CARTESIAN_POINT('',(-0.0319188978789032,-4.20207685596754E-19,0.0399974861274973));
#722=CARTESIAN_POINT('',(-0.0305176089358402,-0.000253999999999998,0.0432055669318964));
#723=CARTESIAN_POINT('',(-0.0305176089358402,2.90098366082047E-18,0.0432055669318964));
#724=CARTESIAN_POINT('',(-0.0302943761520539,2.38251195434941E-18,0.0430842551276488));
#725=CARTESIAN_POINT('',(-0.0292192441665478,-0.000254000000000002,0.0455024075119977));
#726=CARTESIAN_POINT('',(-0.0292192441665478,-1.87754491332853E-17,0.0455024075119977));
#727=CARTESIAN_POINT('',(-0.0289999496381792,-2.57756977812474E-18,0.0453742675366619));
#728=CARTESIAN_POINT('',(-0.0282763828089161,-0.000253999999999999,0.0469873593800237));
#729=CARTESIAN_POINT('',(-0.0282763828089161,2.20997536103305E-18,0.0469873593800237));
#730=CARTESIAN_POINT('',(-0.0280636197532193,1.13390790063809E-18,0.0468483128397721));
#731=CARTESIAN_POINT('',(-0.0278587667483997,-0.000254000000000001,0.0475944443020164));
#732=CARTESIAN_POINT('',(-0.0278587667483997,7.17177057864907E-19,0.0475944443020163));
#733=CARTESIAN_POINT('',(-0.0276534535878449,-2.17603094037039E-18,0.0474452044119715));
#734=CARTESIAN_POINT('',(-0.0274969822846324,-0.000253999999999998,0.0480599858272123));
#735=CARTESIAN_POINT('',(-0.0274969822846325,-3.19658670921885E-18,0.0480599858272124));
#736=CARTESIAN_POINT('',(-0.0272986614732559,2.22640117968364E-18,0.0479003452200101));
#737=CARTESIAN_POINT('',(-0.0272707134074912,-0.000254000000000001,0.0483188556124685));
#738=CARTESIAN_POINT('',(-0.027270713407491,6.92414743767258E-19,0.0483188556124682));
#739=CARTESIAN_POINT('',(-0.0270861754143226,-1.65685372922377E-18,0.0481454713679452));
#740=CARTESIAN_POINT('',(-0.0271171816134539,-0.000254,0.0484786357825774));
#741=CARTESIAN_POINT('',(-0.0271171816134541,-1.35861675662322E-18,0.0484786357825776));
#742=CARTESIAN_POINT('',(-0.0269348833951259,3.73149142164989E-19,0.048300773142658));
#743=CARTESIAN_POINT('',(-0.0269651066642376,-0.000254,0.0486134211344621));
#744=CARTESIAN_POINT('',(-0.0269651066642369,9.44400556975143E-18,0.0486134211344609));
#745=CARTESIAN_POINT('',(-0.0268266664310971,4.2333859420161E-20,0.0483981104095325));
#746=CARTESIAN_POINT('',(-0.0267821154455364,-0.000254,0.048741799134611));
#747=CARTESIAN_POINT('',(-0.0267821154455445,-1.5424459723036E-16,0.0487417991346251));
#748=CARTESIAN_POINT('',(-0.0266157655854585,2.52852675712327E-19,0.0485503190092335));
#749=CARTESIAN_POINT('',(-0.02659676070639,-0.000254,0.0488886933172461));
#750=CARTESIAN_POINT('',(-0.0265967607063554,6.2443750431544E-16,0.0488886933171859));
#751=CARTESIAN_POINT('',(-0.0264423721149991,1.62630325872826E-19,0.0486870000777743));
#752=CARTESIAN_POINT('',(-0.026479525352095,-0.000254,0.0489784325730498));
#753=CARTESIAN_POINT('',(-0.026479525352095,1.62630325872826E-19,0.0489784325730498));
#754=CARTESIAN_POINT('',(-0.0263251367607044,1.62630325872826E-19,0.0487767393335784));
#755=CARTESIAN_POINT('',(-0.0270228068102289,-0.000254000000043627,0.0485621600564748));
#756=CARTESIAN_POINT('',(-0.0270228072841179,-0.00011002940689244,0.048562159668825));
#757=CARTESIAN_POINT('',(-0.0269838408114933,2.04019257049366E-15,0.0484243005988083));
#758=CARTESIAN_POINT('',(-0.0269411745155027,1.62630253888893E-19,0.048292960675868));
#759=CARTESIAN_POINT('',(-0.0268898012420096,-0.000254000000043627,0.0485695608940305));
#760=CARTESIAN_POINT('',(-0.0269005245484087,-0.000254000000043627,0.0485761250131211));
#761=CARTESIAN_POINT('',(-0.0269114640137646,-0.000254000000043627,0.0485823783890893));
#762=CARTESIAN_POINT('',(-0.0269284444111696,-0.000254000000043627,0.0485906027705937));
#763=CARTESIAN_POINT('',(-0.0269342021973741,-0.000254000000043627,0.0485931579870323));
#764=CARTESIAN_POINT('',(-0.026946046074953,-0.000254000000043627,0.0485973927697727));
#765=CARTESIAN_POINT('',(-0.0269522009041478,-0.000254000000043627,0.048599121002432));
#766=CARTESIAN_POINT('',(-0.0269710663653802,-0.000254000000043627,0.0485993831467445));
#767=CARTESIAN_POINT('',(-0.02698238780641,-0.000254000000043627,0.0485920823384425));
#768=CARTESIAN_POINT('',(-0.0270031589445924,-0.000254000000043627,0.0485778906823585));
#769=CARTESIAN_POINT('',(-0.0270130753429196,-0.000254000000043627,0.0485701205884265));
#770=CARTESIAN_POINT('',(-0.0270228068102289,-0.000254000000043627,0.0485621600564748));
#771=CARTESIAN_POINT('',(-0.0268898011760483,-0.000234868447034843,0.0485695608536532));
#772=CARTESIAN_POINT('',(-0.0269004003776443,-0.000234172205327754,0.0485760490051575));
#773=CARTESIAN_POINT('',(-0.0269113398534773,-0.000234148033702795,0.0485823023916247));
#774=CARTESIAN_POINT('',(-0.0269283668109013,-0.000234363802546158,0.0485905552764259));
#775=CARTESIAN_POINT('',(-0.0269341478744962,-0.000234477729874078,0.0485931247418881));
#776=CARTESIAN_POINT('',(-0.0269460305501874,-0.000234663580149791,0.0485973832719285));
#777=CARTESIAN_POINT('',(-0.0269522009001043,-0.000234735503097582,0.048599121002864));
#778=CARTESIAN_POINT('',(-0.0269710663813464,-0.000234699245660163,0.0485993831459898));
#779=CARTESIAN_POINT('',(-0.0269824435683336,-0.000234324817947261,0.0485920367371041));
#780=CARTESIAN_POINT('',(-0.0270032704611287,-0.000233926218609426,0.0485777994677494));
#781=CARTESIAN_POINT('',(-0.0270131868681112,-0.000233902046984493,0.0485700293611303));
#782=CARTESIAN_POINT('',(-0.0270228068741565,-0.000234578387535486,0.0485621600041809));
#783=CARTESIAN_POINT('',(-0.0268900176974997,-0.000216149444513428,0.048567223408375));
#784=CARTESIAN_POINT('',(-0.0269005320382491,-0.000214791866050987,0.0485734994212767));
#785=CARTESIAN_POINT('',(-0.0269114234349083,-0.000214152864469316,0.0485794133714236));
#786=CARTESIAN_POINT('',(-0.026928347607837,-0.000213565473720473,0.048587052878635));
#787=CARTESIAN_POINT('',(-0.0269340916336164,-0.000213412676382479,0.0485894306923292));
#788=CARTESIAN_POINT('',(-0.0269458702053803,-0.000213175386991175,0.0485932722048417));
#789=CARTESIAN_POINT('',(-0.0269519563047302,-0.000213090894937864,0.0485947724034282));
#790=CARTESIAN_POINT('',(-0.0269705600234964,-0.000212913335897121,0.0485948959691066));
#791=CARTESIAN_POINT('',(-0.0269818841434175,-0.000213044098435589,0.0485881992058367));
#792=CARTESIAN_POINT('',(-0.0270027111064948,-0.00021368783243774,0.0485748783924746));
#793=CARTESIAN_POINT('',(-0.02701263821824,-0.000214264882079147,0.0485674805423506));
#794=CARTESIAN_POINT('',(-0.0270222085501944,-0.000215587283601055,0.0485598337508083));
#795=CARTESIAN_POINT('',(-0.0268909986378898,-0.000179874648946929,0.048558187462919));
#796=CARTESIAN_POINT('',(-0.0269011906665427,-0.000177441862608498,0.0485637315988148));
#797=CARTESIAN_POINT('',(-0.0269118081560049,-0.000175507976103478,0.0485687058751403));
#798=CARTESIAN_POINT('',(-0.0269282701074753,-0.000173126191310798,0.0485748438260414));
#799=CARTESIAN_POINT('',(-0.0269338561686025,-0.000172362213463743,0.0485767661359293));
#800=CARTESIAN_POINT('',(-0.0269452700294841,-0.000171156236372838,0.0485796757135114));
#801=CARTESIAN_POINT('',(-0.0269511150136936,-0.000170714237128988,0.0485806751477948));
#802=CARTESIAN_POINT('',(-0.0269690062051304,-0.000170264323955536,0.04858052576144));
#803=CARTESIAN_POINT('',(-0.0269800777477768,-0.000171611784421419,0.0485752432960957));
#804=CARTESIAN_POINT('',(-0.0270006252088438,-0.000174627417506693,0.0485641460411677));
#805=CARTESIAN_POINT('',(-0.0270104405306822,-0.000176487824659259,0.048557768343788));
#806=CARTESIAN_POINT('',(-0.0270198120002915,-0.000178858375946557,0.0485508907510882));
#807=CARTESIAN_POINT('',(-0.0268917630568285,-0.000162318855901844,0.0485514889627412));
#808=CARTESIAN_POINT('',(-0.0269019431455073,-0.000159419482459578,0.0485566232558733));
#809=CARTESIAN_POINT('',(-0.0269123949839376,-0.000156766245771457,0.0485610870589836));
#810=CARTESIAN_POINT('',(-0.0269284623385297,-0.000153354142860252,0.0485664330201865));
#811=CARTESIAN_POINT('',(-0.0269338948486143,-0.00015223599114072,0.048568117131476));
#812=CARTESIAN_POINT('',(-0.0269449614749992,-0.000150471604345786,0.0485705489026701));
#813=CARTESIAN_POINT('',(-0.0269505955912994,-0.000149825369270383,0.0485712965625746));
#814=CARTESIAN_POINT('',(-0.0269678725831849,-0.000149244766223952,0.0485710238154678));
#815=CARTESIAN_POINT('',(-0.0269786337595712,-0.000151317034247147,0.0485664821998015));
#816=CARTESIAN_POINT('',(-0.0269988395717679,-0.000155714586402352,0.0485565711378412));
#817=CARTESIAN_POINT('',(-0.0270085811784104,-0.000158296183245262,0.0485507442298691));
#818=CARTESIAN_POINT('',(-0.0270180137743504,-0.000161120572226491,0.0485442740047407));
#819=CARTESIAN_POINT('',(-0.0268939117756693,-0.000129364076271457,0.0485343848720499));
#820=CARTESIAN_POINT('',(-0.0269037077285967,-0.000125947338355988,0.0485384954010458));
#821=CARTESIAN_POINT('',(-0.0269135953200445,-0.000122899090551266,0.0485421967922648));
#822=CARTESIAN_POINT('',(-0.0269286961460273,-0.000119080812148537,0.0485467915620055));
#823=CARTESIAN_POINT('',(-0.0269337864535528,-0.000117858325462394,0.0485482906805366));
#824=CARTESIAN_POINT('',(-0.0269441536235596,-0.000115947850986774,0.0485504833413401));
#825=CARTESIAN_POINT('',(-0.0269494304860407,-0.000115259863197298,0.0485511768836123));
#826=CARTESIAN_POINT('',(-0.0269656506417568,-0.000114648578174572,0.0485509381957994));
#827=CARTESIAN_POINT('',(-0.0269757271610804,-0.000116826493101471,0.0485466811692502));
#828=CARTESIAN_POINT('',(-0.0269948034715338,-0.000121691290371188,0.0485378635820419));
#829=CARTESIAN_POINT('',(-0.0270041002334956,-0.000124634485424904,0.0485328455597049));
#830=CARTESIAN_POINT('',(-0.0270133078967534,-0.000127950322369474,0.0485274466338086));
#831=CARTESIAN_POINT('',(-0.026895278458662,-0.000114257252211759,0.0485242728515656));
#832=CARTESIAN_POINT('',(-0.0269046987455756,-0.00011077158724945,0.0485277421426343));
#833=CARTESIAN_POINT('',(-0.0269142259629945,-0.000107679987131536,0.0485308445217801));
#834=CARTESIAN_POINT('',(-0.0269287817772961,-0.00010392567013345,0.0485345951695772));
#835=CARTESIAN_POINT('',(-0.0269336867243894,-0.000102764854586916,0.0485357902097884));
#836=CARTESIAN_POINT('',(-0.0269436584389215,-0.000100973429951274,0.0485374986561114));
#837=CARTESIAN_POINT('',(-0.0269487252063603,-0.000100342820862166,0.048538012062223));
#838=CARTESIAN_POINT('',(-0.0269642519427352,-9.97697426086397E-5,0.0485376729054225));
#839=CARTESIAN_POINT('',(-0.0269739806010844,-0.000101702442878727,0.0485341471222798));
#840=CARTESIAN_POINT('',(-0.0269925175895708,-0.000106435177450339,0.0485265960059756));
#841=CARTESIAN_POINT('',(-0.0270015486478322,-0.000109427446285037,0.0485222275765557));
#842=CARTESIAN_POINT('',(-0.027010469910868,-0.000112809131274805,0.0485175278226338));
#843=CARTESIAN_POINT('',(-0.0268987014733574,-8.64719589297141E-5,0.0485011803341778));
#844=CARTESIAN_POINT('',(-0.0269072464175907,-8.31451363086689E-5,0.0485034833832983));
#845=CARTESIAN_POINT('',(-0.0269159258010634,-8.01955638482453E-5,0.0485054804332003));
#846=CARTESIAN_POINT('',(-0.026929197097102,-7.68061302377711E-5,0.048507643383119));
#847=CARTESIAN_POINT('',(-0.0269336658473523,-7.58299541886507E-5,0.0485082573659692));
#848=CARTESIAN_POINT('',(-0.0269427145347528,-7.43631457833825E-5,0.0485090382184674));
#849=CARTESIAN_POINT('',(-0.026947294471903,-7.38725134272348E-5,0.0485092050881153));
#850=CARTESIAN_POINT('',(-0.026961232889342,-7.3396341974597E-5,0.0485086853588202));
#851=CARTESIAN_POINT('',(-0.02697012942605,-7.47787221271505E-5,0.0485066078500219));
#852=CARTESIAN_POINT('',(-0.0269873118078847,-7.89748549090941E-5,0.048501501421226));
#853=CARTESIAN_POINT('',(-0.0269956718957194,-8.18526857162103E-5,0.048498358135809));
#854=CARTESIAN_POINT('',(-0.0270038797114752,-8.50743394000943E-5,0.048494950644097));
#855=CARTESIAN_POINT('',(-0.0269007578050603,-7.37934897073667E-5,0.0484881998372742));
#856=CARTESIAN_POINT('',(-0.0269089598381165,-7.06570479818817E-5,0.0484900103358504));
#857=CARTESIAN_POINT('',(-0.0269171903704273,-6.78634755417572E-5,0.0484915298803561));
#858=CARTESIAN_POINT('',(-0.0269296916739478,-6.47444127055178E-5,0.0484929819788235));
#859=CARTESIAN_POINT('',(-0.0269338846926303,-6.38832743974303E-5,0.0484933281419307));
#860=CARTESIAN_POINT('',(-0.0269423413577089,-6.26109283718934E-5,0.048493679597517));
#861=CARTESIAN_POINT('',(-0.0269466050041048,-6.21997206544442E-5,0.0484936848899961));
#862=CARTESIAN_POINT('',(-0.0269595300739061,-6.17802413620351E-5,0.0484930917646949));
#863=CARTESIAN_POINT('',(-0.0269678636758941,-6.28661938865158E-5,0.048491725409299));
#864=CARTESIAN_POINT('',(-0.0269841924555971,-6.66971839409023E-5,0.04848775803613));
#865=CARTESIAN_POINT('',(-0.0269921876333122,-6.94422214708102E-5,0.0484851570183569));
#866=CARTESIAN_POINT('',(-0.0270001274979677,-7.24807386200517E-5,0.0484822922767351));
#867=CARTESIAN_POINT('',(-0.0269054523499393,-5.19970532695278E-5,0.0484609490351549));
#868=CARTESIAN_POINT('',(-0.0269128149243081,-4.93783143685695E-5,0.0484620076646008));
#869=CARTESIAN_POINT('',(-0.0269200162863911,-4.6982886126809E-5,0.0484629775270173));
#870=CARTESIAN_POINT('',(-0.0269308417271978,-4.42766121662925E-5,0.0484639101839453));
#871=CARTESIAN_POINT('',(-0.0269344541070804,-4.35223322464753E-5,0.0484641340468052));
#872=CARTESIAN_POINT('',(-0.026941730868758,-4.24013789431086E-5,0.0484643428959339));
#873=CARTESIAN_POINT('',(-0.0269453952505531,-4.2034705559559E-5,0.0484643278822028));
#874=CARTESIAN_POINT('',(-0.026956532702835,-4.1654070816648E-5,0.0484638272795847));
#875=CARTESIAN_POINT('',(-0.0269636881281876,-4.26395751045263E-5,0.0484627271943961));
#876=CARTESIAN_POINT('',(-0.0269778909712934,-4.6010193503067E-5,0.0484597039398564));
#877=CARTESIAN_POINT('',(-0.0269849383890466,-4.83953076137316E-5,0.0484577807705052));
#878=CARTESIAN_POINT('',(-0.0269921473420359,-5.09407707640237E-5,0.0484558008671014));
#879=CARTESIAN_POINT('',(-0.026908039936674,-4.27228558060831E-5,0.0484468419160174));
#880=CARTESIAN_POINT('',(-0.0269148367149387,-4.04627372666611E-5,0.0484475610394953));
#881=CARTESIAN_POINT('',(-0.0269214874650041,-3.84389986412147E-5,0.0484482137495563));
#882=CARTESIAN_POINT('',(-0.0269314629523641,-3.6175282767239E-5,0.048448802242599));
#883=CARTESIAN_POINT('',(-0.0269347880085278,-3.55493594866133E-5,0.048448933311605));
#884=CARTESIAN_POINT('',(-0.0269414743090359,-3.46243639789673E-5,0.0484490167669468));
#885=CARTESIAN_POINT('',(-0.0269448355533804,-3.4325291751947E-5,0.0484489691532826));
#886=CARTESIAN_POINT('',(-0.0269550281698252,-3.40226821996042E-5,0.0484484855503035));
#887=CARTESIAN_POINT('',(-0.026961621961314,-3.48238121826264E-5,0.0484475895978446));
#888=CARTESIAN_POINT('',(-0.0269747562705328,-3.76271548878388E-5,0.0484451838542781));
#889=CARTESIAN_POINT('',(-0.0269812967882629,-3.96293676100313E-5,0.0484436740631705));
#890=CARTESIAN_POINT('',(-0.0269879853183756,-4.18297933868033E-5,0.0484421239838873));
#891=CARTESIAN_POINT('',(-0.0269137645510353,-2.68122480976588E-5,0.048417311321312));
#892=CARTESIAN_POINT('',(-0.0269192385157051,-2.52704197220745E-5,0.0484175267718685));
#893=CARTESIAN_POINT('',(-0.0269246854953124,-2.39923544242926E-5,0.0484176795952351));
#894=CARTESIAN_POINT('',(-0.0269328712068265,-2.26174817470997E-5,0.0484177187356675));
#895=CARTESIAN_POINT('',(-0.0269356023176817,-2.22495617329483E-5,0.048417700100042));
#896=CARTESIAN_POINT('',(-0.0269410789067094,-2.17188935699326E-5,0.0484175834382796));
#897=CARTESIAN_POINT('',(-0.0269438243848819,-2.15561454210683E-5,0.0484174854121427));
#898=CARTESIAN_POINT('',(-0.0269520963002993,-2.14123039355981E-5,0.0484170482095067));
#899=CARTESIAN_POINT('',(-0.0269575427304369,-2.18456336199906E-5,0.048416526175063));
#900=CARTESIAN_POINT('',(-0.026968392887507,-2.35124864682164E-5,0.0484151998350907));
#901=CARTESIAN_POINT('',(-0.0269737966144396,-2.4746009632052E-5,0.0484143955295621));
#902=CARTESIAN_POINT('',(-0.0269792258183083,-2.62505022672847E-5,0.0484135395189684));
#903=CARTESIAN_POINT('',(-0.0269169015786618,-2.01758378526792E-5,0.0484018878457441));
#904=CARTESIAN_POINT('',(-0.0269217387547553,-1.89831920263025E-5,0.0484019692156324));
#905=CARTESIAN_POINT('',(-0.0269265619529309,-1.80706647240274E-5,0.0484019645705409));
#906=CARTESIAN_POINT('',(-0.026933784023712,-1.71331236997127E-5,0.04840182615165));
#907=CARTESIAN_POINT('',(-0.0269361892595587,-1.68924850131232E-5,0.0484017581034775));
#908=CARTESIAN_POINT('',(-0.0269409968624905,-1.65568029734632E-5,0.0484015777852506));
#909=CARTESIAN_POINT('',(-0.0269433992295756,-1.64617596203927E-5,0.0484014655151963));
#910=CARTESIAN_POINT('',(-0.0269506040877875,-1.63977905971922E-5,0.0484010617650146));
#911=CARTESIAN_POINT('',(-0.0269554043358704,-1.6650025963073E-5,0.0484007033448686));
#912=CARTESIAN_POINT('',(-0.0269650098377799,-1.7759022314769E-5,0.0483998047594818));
#913=CARTESIAN_POINT('',(-0.0269698150916065,-1.86157833005868E-5,0.048399264594241));
#914=CARTESIAN_POINT('',(-0.0269746283419013,-1.97821885249866E-5,0.0483986319372636));
#915=CARTESIAN_POINT('',(-0.0269234652649038,-9.96666102543062E-6,0.0483711024431424));
#916=CARTESIAN_POINT('',(-0.0269270663464682,-9.31701883201973E-6,0.0483710507977273));
#917=CARTESIAN_POINT('',(-0.0269305881388607,-8.8235449259801E-6,0.0483709709082705));
#918=CARTESIAN_POINT('',(-0.0269358115558146,-8.32148586196328E-6,0.0483708032874092));
#919=CARTESIAN_POINT('',(-0.0269375428161934,-8.19382480646387E-6,0.0483707394493427));
#920=CARTESIAN_POINT('',(-0.0269409955234267,-8.01853652113901E-6,0.0483705949408819));
#921=CARTESIAN_POINT('',(-0.0269427169702812,-7.97090929131355E-6,0.0483705142704877));
#922=CARTESIAN_POINT('',(-0.0269478815060891,-7.9490531813405E-6,0.0483702456556598));
#923=CARTESIAN_POINT('',(-0.0269513247902868,-8.09584988069619E-6,0.048370031107581));
#924=CARTESIAN_POINT('',(-0.0269582914288316,-8.71737731004221E-6,0.0483695238408845));
#925=CARTESIAN_POINT('',(-0.0269618147831788,-9.19210804003491E-6,0.0483692311222668));
#926=CARTESIAN_POINT('',(-0.0269654179473496,-9.83340536131979E-6,0.0483688957046371));
#927=CARTESIAN_POINT('',(-0.0269268845270029,-6.22968308749251E-6,0.0483554960117656));
#928=CARTESIAN_POINT('',(-0.0269298065901551,-5.82249898853527E-6,0.0483554189625767));
#929=CARTESIAN_POINT('',(-0.0269326485350232,-5.51491239333971E-6,0.0483553381390662));
#930=CARTESIAN_POINT('',(-0.0269368517644979,-5.20380414702812E-6,0.0483551980953306));
#931=CARTESIAN_POINT('',(-0.0269382428930182,-5.12514667267053E-6,0.0483551482793404));
#932=CARTESIAN_POINT('',(-0.0269410153357161,-5.0180681712524E-6,0.0483550401867055));
#933=CARTESIAN_POINT('',(-0.0269423966498936,-4.98964714419185E-6,0.0483549819100609));
#934=CARTESIAN_POINT('',(-0.0269465409933119,-4.97995758166253E-6,0.048354791102398));
#935=CARTESIAN_POINT('',(-0.0269493044234382,-5.07426256484606E-6,0.0483546425936512));
#936=CARTESIAN_POINT('',(-0.026954913005517,-5.46556910205523E-6,0.0483542854395642));
#937=CARTESIAN_POINT('',(-0.0269577581574695,-5.76257065608265E-6,0.0483540767942241));
#938=CARTESIAN_POINT('',(-0.0269606844967343,-6.1615040894122E-6,0.048353829315929));
#939=CARTESIAN_POINT('',(-0.026933930465045,-1.24635257467327E-6,0.0483241093338139));
#940=CARTESIAN_POINT('',(-0.0269353831226341,-1.16326777757511E-6,0.0483240376469379));
#941=CARTESIAN_POINT('',(-0.0269368133970782,-1.10138890395016E-6,0.0483239796945456));
#942=CARTESIAN_POINT('',(-0.0269389422427256,-1.03985405854732E-6,0.0483239016030251));
#943=CARTESIAN_POINT('',(-0.0269396490969384,-1.02455635425191E-6,0.0483238770453629));
#944=CARTESIAN_POINT('',(-0.0269410601181409,-1.00430119730896E-6,0.0483238289149516));
#945=CARTESIAN_POINT('',(-0.0269417642851305,-9.99343744661408E-7,0.0483238053422025));
#946=CARTESIAN_POINT('',(-0.0269438770074399,-9.99850409145715E-7,0.0483237331601605));
#947=CARTESIAN_POINT('',(-0.0269452857840996,-1.02069354870453E-6,0.0483236830870728));
#948=CARTESIAN_POINT('',(-0.026948126605925,-1.10268999405495E-6,0.0483235633512345));
#949=CARTESIAN_POINT('',(-0.0269495586510906,-1.16384329984716E-6,0.048323493688484));
#950=CARTESIAN_POINT('',(-0.0269510136696418,-1.24480140863503E-6,0.048323406387797));
#951=CARTESIAN_POINT('',(-0.0269375571409879,2.07847027414264E-16,0.0483083290872391));
#952=CARTESIAN_POINT('',(-0.0269382721612449,2.05299136844676E-16,0.0483082976848302));
#953=CARTESIAN_POINT('',(-0.0269389833932848,2.05031170535265E-16,0.0483082758347268));
#954=CARTESIAN_POINT('',(-0.0269400473889451,2.06826271027615E-16,0.0483082489289527));
#955=CARTESIAN_POINT('',(-0.0269404015787653,2.07790812851144E-16,0.0483082409385915));
#956=CARTESIAN_POINT('',(-0.0269411094792601,2.1024844041139E-16,0.0483082255044833));
#957=CARTESIAN_POINT('',(-0.0269414631899348,2.11741526148108E-16,0.0483082180607363));
#958=CARTESIAN_POINT('',(-0.0269425243107221,2.16707890119598E-16,0.0483081944346473));
#959=CARTESIAN_POINT('',(-0.026943231709598,2.20668275115705E-16,0.0483081769574574));
#960=CARTESIAN_POINT('',(-0.0269446502506198,2.28257547893085E-16,0.0483081272713805));
#961=CARTESIAN_POINT('',(-0.0269453613927659,2.31886435674358E-16,0.0483080950624935));
#962=CARTESIAN_POINT('',(-0.0269460762931644,2.34534350559016E-16,0.0483080498483733));
#963=CARTESIAN_POINT('',(-0.0269411745155027,1.62630253888893E-19,0.048292960675868));
#964=CARTESIAN_POINT('',(-0.0269411745155027,1.62630253888893E-19,0.048292960675868));
#965=CARTESIAN_POINT('',(-0.0269411745155027,1.62630253888893E-19,0.048292960675868));
#966=CARTESIAN_POINT('',(-0.0269411745155027,1.62630253888893E-19,0.048292960675868));
#967=CARTESIAN_POINT('',(-0.0269411745155027,1.62630253888893E-19,0.048292960675868));
#968=CARTESIAN_POINT('',(-0.0269411745155027,1.62630253888893E-19,0.048292960675868));
#969=CARTESIAN_POINT('',(-0.0269411745155027,1.62630253888893E-19,0.048292960675868));
#970=CARTESIAN_POINT('',(-0.0269411745155027,1.62630253888893E-19,0.048292960675868));
#971=CARTESIAN_POINT('',(-0.0269411745155027,1.62630253888893E-19,0.048292960675868));
#972=CARTESIAN_POINT('',(-0.0269411745155027,1.62630253888893E-19,0.048292960675868));
#973=CARTESIAN_POINT('',(-0.0269411745155027,1.62630253888893E-19,0.048292960675868));
#974=CARTESIAN_POINT('',(-0.0269411745155027,1.62630253888893E-19,0.048292960675868));
#975=CARTESIAN_POINT('',(-0.0278361834412144,-0.002286,-0.053588037751188));
#976=CARTESIAN_POINT('',(-0.0278361834412144,-0.00254,-0.053588037751188));
#977=CARTESIAN_POINT('',(-0.0278358765529999,-0.00254,-0.0533340379365825));
#978=CARTESIAN_POINT('',(-0.0275420537216879,-0.00228599999999981,-0.0535883931252446));
#979=CARTESIAN_POINT('',(-0.0275420537214872,-0.00253999999998436,-0.0535883931351501));
#980=CARTESIAN_POINT('',(-0.0275508864200375,-0.00254,-0.053334382277397));
#981=CARTESIAN_POINT('',(-0.0269495657126631,-0.00228600000000009,-0.0535648381894854));
#982=CARTESIAN_POINT('',(-0.0269495657127562,-0.00254000000000726,-0.0535648381848882));
#983=CARTESIAN_POINT('',(-0.0269803037520577,-0.00254,-0.0533094306667929));
#984=CARTESIAN_POINT('',(-0.0260183534565584,-0.00228599999999998,-0.0532893619867996));
#985=CARTESIAN_POINT('',(-0.0260183534565334,-0.00253999999999805,-0.0532893619880314));
#986=CARTESIAN_POINT('',(-0.0261471290112454,-0.00254,-0.0530608844949781));
#987=CARTESIAN_POINT('',(-0.0253006749305138,-0.00228600000000001,-0.0526334247677597));
#988=CARTESIAN_POINT('',(-0.0253006749305205,-0.00254000000000052,-0.0526334247674297));
#989=CARTESIAN_POINT('',(-0.0255028537172171,-0.00254,-0.0524749457716197));
#990=CARTESIAN_POINT('',(-0.0248101396821467,-0.002286,-0.0519137147576362));
#991=CARTESIAN_POINT('',(-0.0248101396821449,-0.00253999999999986,-0.0519137147577244));
#992=CARTESIAN_POINT('',(-0.0250246662690874,-0.00254,-0.0517783947645618));
#993=CARTESIAN_POINT('',(-0.0243682666345778,-0.002286,-0.0511689178524386));
#994=CARTESIAN_POINT('',(-0.0243682666345783,-0.00254000000000004,-0.0511689178524155));
#995=CARTESIAN_POINT('',(-0.0245903752818263,-0.00254,-0.0510452436489553));
#996=CARTESIAN_POINT('',(-0.0238323387953766,-0.002286,-0.0501612545616596));
#997=CARTESIAN_POINT('',(-0.0238323387953764,-0.00253999999999997,-0.0501612545616729));
#998=CARTESIAN_POINT('',(-0.0240597130419628,-0.00254,-0.0500480419975036));
#999=CARTESIAN_POINT('',(-0.0232191066670688,-0.002286,-0.048881732134465));
#1000=CARTESIAN_POINT('',(-0.0232191066670689,-0.00254000000000001,-0.0488817321344605));
#1001=CARTESIAN_POINT('',(-0.0234502041268294,-0.00254,-0.0487761749886682));
#1002=CARTESIAN_POINT('',(-0.0225353151790912,-0.002286,-0.0473267231342405));
#1003=CARTESIAN_POINT('',(-0.0225353151790912,-0.00254,-0.0473267231342417));
#1004=CARTESIAN_POINT('',(-0.0227691085642895,-0.00254,-0.0472274018552501));
#1005=CARTESIAN_POINT('',(-0.021671518747566,-0.002286,-0.0452337368132254));
#1006=CARTESIAN_POINT('',(-0.021671518747566,-0.00254,-0.0452337368132247));
#1007=CARTESIAN_POINT('',(-0.0219078708422449,-0.00254,-0.0451406199250423));
#1008=CARTESIAN_POINT('',(-0.0206611543371156,-0.002286,-0.0425906776887913));
#1009=CARTESIAN_POINT('',(-0.0206611543371156,-0.00254,-0.0425906776887915));
#1010=CARTESIAN_POINT('',(-0.0208995191948434,-0.00254,-0.0425028715768421));
#1011=CARTESIAN_POINT('',(-0.0195365999895846,-0.002286,-0.0394019955254857));
#1012=CARTESIAN_POINT('',(-0.0195365999895846,-0.00254,-0.0394019955254857));
#1013=CARTESIAN_POINT('',(-0.019777741906998,-0.00254,-0.0393219466877677));
#1014=CARTESIAN_POINT('',(-0.0182302706596223,-0.002286,-0.0350984347933371));
#1015=CARTESIAN_POINT('',(-0.0182302706596223,-0.00254,-0.0350984347933371));
#1016=CARTESIAN_POINT('',(-0.0184767568910372,-0.00254,-0.035035775758495));
#1017=CARTESIAN_POINT('',(-0.0170599650887329,-0.002286,-0.029616315933049));
#1018=CARTESIAN_POINT('',(-0.0170599650887329,-0.00254,-0.029616315933049));
#1019=CARTESIAN_POINT('',(-0.0173108342103512,-0.00254,-0.0295751023160071));
#1020=CARTESIAN_POINT('',(-0.0161350826154253,-0.002286,-0.0229481194135121));
#1021=CARTESIAN_POINT('',(-0.0161350826154253,-0.00254,-0.022948119413512));
#1022=CARTESIAN_POINT('',(-0.0163872948988631,-0.00254,-0.0229178551302917));
#1023=CARTESIAN_POINT('',(-0.0154344643459604,-0.002286,-0.0162250468998265));
#1024=CARTESIAN_POINT('',(-0.0154344643459604,-0.00254,-0.0162250468998265));
#1025=CARTESIAN_POINT('',(-0.0156875206162115,-0.00254,-0.0162026849477873));
#1026=CARTESIAN_POINT('',(-0.014938782589138,-0.002286,-0.00951688560007351));
#1027=CARTESIAN_POINT('',(-0.014938782589138,-0.00254,-0.00951688560007351));
#1028=CARTESIAN_POINT('',(-0.0151923477937415,-0.00254,-0.00950152659768385));
#1029=CARTESIAN_POINT('',(-0.0146692338910973,-0.002286,-0.00281576149019002));
#1030=CARTESIAN_POINT('',(-0.0146692338910973,-0.00254,-0.00281576149019003));
#1031=CARTESIAN_POINT('',(-0.0149234818999478,-0.00254,-0.00281344526002841));
#1032=CARTESIAN_POINT('',(-0.014917530286906,-0.002286,0.0038630334970389));
#1033=CARTESIAN_POINT('',(-0.014917530286906,-0.00254,0.00386303349703891));
#1034=CARTESIAN_POINT('',(-0.0151709638231105,-0.00254,0.00384371184022263));
#1035=CARTESIAN_POINT('',(-0.015517981243035,-0.002286,0.0105060069532914));
#1036=CARTESIAN_POINT('',(-0.015517981243035,-0.00254,0.0105060069532913));
#1037=CARTESIAN_POINT('',(-0.0157706196041262,-0.00254,0.0104795414095635));
#1038=CARTESIAN_POINT('',(-0.0163670824161573,-0.002286,0.017140180668189));
#1039=CARTESIAN_POINT('',(-0.0163670824161573,-0.00254,0.017140180668189));
#1040=CARTESIAN_POINT('',(-0.0166182774323932,-0.00254,0.0171016589210318));
#1041=CARTESIAN_POINT('',(-0.017568115542728,-0.002286,0.0237512861578637));
#1042=CARTESIAN_POINT('',(-0.017568115542728,-0.00254,0.0237512861578637));
#1043=CARTESIAN_POINT('',(-0.0178167424417995,-0.00254,0.0236985931570893));
#1044=CARTESIAN_POINT('',(-0.0189136609413586,-0.002286,0.0292544041119562));
#1045=CARTESIAN_POINT('',(-0.0189136609413586,-0.00254,0.0292544041119562));
#1046=CARTESIAN_POINT('',(-0.019159102287373,-0.00254,0.0291885747113533));
#1047=CARTESIAN_POINT('',(-0.0202162959864271,-0.002286,0.0335861011406411));
#1048=CARTESIAN_POINT('',(-0.0202162959864271,-0.00254,0.0335861011406411));
#1049=CARTESIAN_POINT('',(-0.0204582161750559,-0.00254,0.0335084692175877));
#1050=CARTESIAN_POINT('',(-0.0213224718791475,-0.002286,0.0367984283823305));
#1051=CARTESIAN_POINT('',(-0.0213224718791475,-0.00254,0.0367984283823305));
#1052=CARTESIAN_POINT('',(-0.021560731671652,-0.00254,0.0367101667550758));
#1053=CARTESIAN_POINT('',(-0.0225708814370558,-0.002286,0.0399609337521384));
#1054=CARTESIAN_POINT('',(-0.0225708814370558,-0.00254,0.0399609337521385));
#1055=CARTESIAN_POINT('',(-0.0228054187278398,-0.00254,0.0398632985186053));
#1056=CARTESIAN_POINT('',(-0.0236987222035106,-0.002286,0.0425532577103672));
#1057=CARTESIAN_POINT('',(-0.0236987222035106,-0.00254,0.0425532577103672));
#1058=CARTESIAN_POINT('',(-0.0239306055076319,-0.00254,0.0424495149810831));
#1059=CARTESIAN_POINT('',(-0.0246470166939418,-0.002286,0.0446069479456372));
#1060=CARTESIAN_POINT('',(-0.0246470166939418,-0.00254,0.0446069479456371));
#1061=CARTESIAN_POINT('',(-0.0248768687373891,-0.00254,0.0444988863693098));
#1062=CARTESIAN_POINT('',(-0.0252587715204864,-0.002286,0.045882510128423));
#1063=CARTESIAN_POINT('',(-0.0252587715204864,-0.00254,0.045882510128423));
#1064=CARTESIAN_POINT('',(-0.0254872332839849,-0.00254,0.0457713368324297));
#1065=CARTESIAN_POINT('',(-0.0257578699038758,-0.002286,0.0468975182711118));
#1066=CARTESIAN_POINT('',(-0.0257578699038758,-0.00254,0.0468975182711118));
#1067=CARTESIAN_POINT('',(-0.0259854648596202,-0.00254,0.0467850304599247));
#1068=CARTESIAN_POINT('',(-0.0260806108716731,-0.002286,0.0475335236876611));
#1069=CARTESIAN_POINT('',(-0.0260806108716731,-0.00253999999999999,0.0475335236876611));
#1070=CARTESIAN_POINT('',(-0.0263054173508087,-0.00254,0.0474143033092702));
#1071=CARTESIAN_POINT('',(-0.0263795424769474,-0.002286,0.0480363968347051));
#1072=CARTESIAN_POINT('',(-0.0263795424769474,-0.00254,0.0480363968347051));
#1073=CARTESIAN_POINT('',(-0.0265930532667137,-0.00254,0.0478990969785464));
#1074=CARTESIAN_POINT('',(-0.0265917176940499,-0.002286,0.0483230672901018));
#1075=CARTESIAN_POINT('',(-0.0265917176940499,-0.00254,0.0483230672901018));
#1076=CARTESIAN_POINT('',(-0.0267868655406092,-0.00254,0.0481560715191364));
#1077=CARTESIAN_POINT('',(-0.0267682346805302,-0.002286,0.0484801231502711));
#1078=CARTESIAN_POINT('',(-0.0267682346805302,-0.00254,0.0484801231502711));
#1079=CARTESIAN_POINT('',(-0.026931258135277,-0.00254,0.0482856826264045));
#1080=CARTESIAN_POINT('',(-0.0268317531449113,-0.002286,0.0485319182820488));
#1081=CARTESIAN_POINT('',(-0.0268317531449112,-0.00254,0.0485319182820488));
#1082=CARTESIAN_POINT('',(-0.0269868037208544,-0.00254,0.048329771696144));
#1083=CARTESIAN_POINT('',(-0.0269411568079274,-0.002286,0.0486019696330232));
#1084=CARTESIAN_POINT('',(-0.0269411568079276,-0.00254000000000002,0.0486019696330237));
#1085=CARTESIAN_POINT('',(-0.0270471996749321,-0.00254,0.0483690042895168));
#1086=CARTESIAN_POINT('',(-0.0269975974660781,-0.002286,0.0486292229735495));
#1087=CARTESIAN_POINT('',(-0.0269975974660758,-0.00253999999999983,0.0486292229735455));
#1088=CARTESIAN_POINT('',(-0.0271274127292096,-0.00254,0.0484112070273871));
#1089=CARTESIAN_POINT('',(-0.0271993787994414,-0.002286,0.0487444360783514));
#1090=CARTESIAN_POINT('',(-0.02719937879946,-0.00254000000000136,0.0487444360783839));
#1091=CARTESIAN_POINT('',(-0.0273160278124104,-0.00254,0.0485181404659677));
#1092=CARTESIAN_POINT('',(-0.0273502580996974,-0.002286,0.048827476924143));
#1093=CARTESIAN_POINT('',(-0.0273502580995286,-0.00253999999998771,0.0488274769238481));
#1094=CARTESIAN_POINT('',(-0.0274742216960901,-0.00254,0.0486057811263267));
#1095=CARTESIAN_POINT('',(-0.0274764885193764,-0.002286,0.0488980600247326));
#1096=CARTESIAN_POINT('',(-0.0274764885193764,-0.00253999999999999,0.0488980600247326));
#1097=CARTESIAN_POINT('',(-0.0276004521157691,-0.00254,0.0486763642269163));
#1098=CARTESIAN_POINT('',(-0.0269411745155039,-0.00254,0.0482929606758719));
#1099=CARTESIAN_POINT('',(-0.0269096907696856,-0.00254000000000057,0.0484266334430833));
#1100=CARTESIAN_POINT('',(-0.0268896824020463,-0.00242768133910529,0.0485694881273584));
#1101=CARTESIAN_POINT('',(-0.0268896828770258,-0.00228599999997958,0.0485694884182735));
#1102=CARTESIAN_POINT('',(-0.0278358765529998,-0.002286,-0.0533340379365825));
#1103=CARTESIAN_POINT('',(-0.0278358765529998,-0.00254,-0.0533340379365825));
#1104=CARTESIAN_POINT('',(-0.0278361834412145,-0.00254,-0.053588037751188));
#1105=CARTESIAN_POINT('',(-0.0278361834412145,-0.002286,-0.053588037751188));
#1106=CARTESIAN_POINT('',(-0.0284306194448195,-0.00254,-0.0533333193341877));
#1107=CARTESIAN_POINT('',(-0.0284499996392248,-0.00253999999999808,-0.0535872961020285));
#1108=CARTESIAN_POINT('',(-0.0284499996392693,-0.00228599999999961,-0.0535872961248312));
#1109=CARTESIAN_POINT('',(-0.029604209771995,-0.00254,-0.0532155117886921));
#1110=CARTESIAN_POINT('',(-0.0296411225648235,-0.00254000000000091,-0.0534669221439508));
#1111=CARTESIAN_POINT('',(-0.0296411225648023,-0.00228600000000018,-0.053466922133096));
#1112=CARTESIAN_POINT('',(-0.0310566671913217,-0.00254,-0.0529409760319764));
#1113=CARTESIAN_POINT('',(-0.0311106418032367,-0.00253999999999988,-0.0531893474601571));
#1114=CARTESIAN_POINT('',(-0.0311106418032393,-0.00228599999999998,-0.0531893474615043));
#1115=CARTESIAN_POINT('',(-0.0322041393912514,-0.00254,-0.0526495588630918));
#1116=CARTESIAN_POINT('',(-0.0322720133267952,-0.00254000000000003,-0.0528944470761154));
#1117=CARTESIAN_POINT('',(-0.0322720133267947,-0.002286,-0.0528944470758613));
#1118=CARTESIAN_POINT('',(-0.0330523445912479,-0.00254,-0.0523880089641405));
#1119=CARTESIAN_POINT('',(-0.033135099244159,-0.00254,-0.0526282929551331));
#1120=CARTESIAN_POINT('',(-0.0331350992441591,-0.002286,-0.0526282929552027));
#1121=CARTESIAN_POINT('',(-0.0337432391563049,-0.00254,-0.0521232548220403));
#1122=CARTESIAN_POINT('',(-0.0338415865282485,-0.00254,-0.0523578818842783));
#1123=CARTESIAN_POINT('',(-0.0338415865282485,-0.002286,-0.0523578818842696));
#1124=CARTESIAN_POINT('',(-0.0342652054643846,-0.00254,-0.0518343877894077));
#1125=CARTESIAN_POINT('',(-0.0344088208444451,-0.00254,-0.0520473366323944));
#1126=CARTESIAN_POINT('',(-0.0344088208444451,-0.002286,-0.052047336632396));
#1127=CARTESIAN_POINT('',(-0.0345911467673582,-0.00254,-0.0515330499873597));
#1128=CARTESIAN_POINT('',(-0.034794544475444,-0.00254,-0.0516909489827784));
#1129=CARTESIAN_POINT('',(-0.034794544475444,-0.002286,-0.051690948982778));
#1130=CARTESIAN_POINT('',(-0.0348236934110461,-0.00254,-0.0511505003456484));
#1131=CARTESIAN_POINT('',(-0.0350503594337689,-0.00254,-0.0512656547086998));
#1132=CARTESIAN_POINT('',(-0.0350503594337689,-0.002286,-0.0512656547086999));
#1133=CARTESIAN_POINT('',(-0.0350725563392602,-0.00254,-0.0506227641395998));
#1134=CARTESIAN_POINT('',(-0.0353056712731529,-0.00254,-0.0507237384060186));
#1135=CARTESIAN_POINT('',(-0.0353056712731528,-0.002286,-0.0507237384060185));
#1136=CARTESIAN_POINT('',(-0.0353649567628813,-0.00254,-0.0499498771106182));
#1137=CARTESIAN_POINT('',(-0.035597921945744,-0.00254,-0.0500510606185571));
#1138=CARTESIAN_POINT('',(-0.035597921945744,-0.002286,-0.0500510606185572));
#1139=CARTESIAN_POINT('',(-0.0357081661079608,-0.00254,-0.0491405238228967));
#1140=CARTESIAN_POINT('',(-0.0359427639870371,-0.00254,-0.0492379212650234));
#1141=CARTESIAN_POINT('',(-0.0359427639870372,-0.002286,-0.0492379212650234));
#1142=CARTESIAN_POINT('',(-0.0361528122732713,-0.00254,-0.0480560136720759));
#1143=CARTESIAN_POINT('',(-0.0363885412528495,-0.00254,-0.0481506141891338));
#1144=CARTESIAN_POINT('',(-0.0363885412528495,-0.002286,-0.0481506141891338));
#1145=CARTESIAN_POINT('',(-0.0366895075303693,-0.00254,-0.0466933530427877));
#1146=CARTESIAN_POINT('',(-0.0369266666253289,-0.00253999999999999,-0.0467843419445818));
#1147=CARTESIAN_POINT('',(-0.0369266666253289,-0.002286,-0.0467843419445818));
#1148=CARTESIAN_POINT('',(-0.0373056479825695,-0.00254,-0.0450474954907013));
#1149=CARTESIAN_POINT('',(-0.0375442531154413,-0.00254,-0.0451346096687878));
#1150=CARTESIAN_POINT('',(-0.0375442531154413,-0.002286,-0.0451346096687879));
#1151=CARTESIAN_POINT('',(-0.0378947978149172,-0.00254,-0.0433917667137232));
#1152=CARTESIAN_POINT('',(-0.0381348026815098,-0.00254,-0.0434749508339928));
#1153=CARTESIAN_POINT('',(-0.0381348026815098,-0.002286,-0.0434749508339928));
#1154=CARTESIAN_POINT('',(-0.0386444975039121,-0.00254,-0.0411691961235798));
#1155=CARTESIAN_POINT('',(-0.0388863114523521,-0.00254,-0.0412470199383453));
#1156=CARTESIAN_POINT('',(-0.0388863114523521,-0.002286,-0.0412470199383453));
#1157=CARTESIAN_POINT('',(-0.0395068738203622,-0.00254,-0.0383784388268852));
#1158=CARTESIAN_POINT('',(-0.0397509210779386,-0.00254,-0.0384490430850417));
#1159=CARTESIAN_POINT('',(-0.0397509210779386,-0.002286,-0.0384490430850416));
#1160=CARTESIAN_POINT('',(-0.0404112641129304,-0.00254,-0.0350083713766441));
#1161=CARTESIAN_POINT('',(-0.0406579777055476,-0.00254,-0.0350691669512353));
#1162=CARTESIAN_POINT('',(-0.0406579777055476,-0.002286,-0.0350691669512354));
#1163=CARTESIAN_POINT('',(-0.041407440334175,-0.00254,-0.0304806502989358));
#1164=CARTESIAN_POINT('',(-0.0416578766994134,-0.00254,-0.0305245338153603));
#1165=CARTESIAN_POINT('',(-0.0416578766994133,-0.002286,-0.0305245338153603));
#1166=CARTESIAN_POINT('',(-0.0422323549512973,-0.00254,-0.0247524276024191));
#1167=CARTESIAN_POINT('',(-0.0424852268280813,-0.00254,-0.0247785868728559));
#1168=CARTESIAN_POINT('',(-0.0424852268280813,-0.002286,-0.0247785868728559));
#1169=CARTESIAN_POINT('',(-0.0427145146729188,-0.00254,-0.0177954201307283));
#1170=CARTESIAN_POINT('',(-0.0429684926603838,-0.00254,-0.017804891405682));
#1171=CARTESIAN_POINT('',(-0.0429684926603838,-0.002286,-0.017804891405682));
#1172=CARTESIAN_POINT('',(-0.0427797316778039,-0.00254,-0.0107711259673174));
#1173=CARTESIAN_POINT('',(-0.0430337757188995,-0.00254,-0.010766841828284));
#1174=CARTESIAN_POINT('',(-0.0430337757188995,-0.002286,-0.010766841828284));
#1175=CARTESIAN_POINT('',(-0.0425228953799843,-0.00254,-0.00380353455158934));
#1176=CARTESIAN_POINT('',(-0.0427765917967319,-0.00254000000000001,-0.00378985868488785));
#1177=CARTESIAN_POINT('',(-0.0427765917967319,-0.002286,-0.00378985868488789));
#1178=CARTESIAN_POINT('',(-0.0419950752082279,-0.00254,0.00313537045600238));
#1179=CARTESIAN_POINT('',(-0.0422478760283187,-0.00254000000000001,0.00316133304569419));
#1180=CARTESIAN_POINT('',(-0.0422478760283187,-0.002286,0.00316133304569423));
#1181=CARTESIAN_POINT('',(-0.0410840090288742,-0.00254,0.0100264699912371));
#1182=CARTESIAN_POINT('',(-0.0413349465978026,-0.00253999999999999,0.0100664664082268));
#1183=CARTESIAN_POINT('',(-0.0413349465978026,-0.002286,0.0100664664082268));
#1184=CARTESIAN_POINT('',(-0.0398482997355054,-0.00254,0.0168766366170302));
#1185=CARTESIAN_POINT('',(-0.0400973165110045,-0.00254,0.0169269961774873));
#1186=CARTESIAN_POINT('',(-0.0400973165110045,-0.002286,0.0169269961774873));
#1187=CARTESIAN_POINT('',(-0.0382926446994107,-0.00254,0.0236930430265511));
#1188=CARTESIAN_POINT('',(-0.0385388474525883,-0.00254,0.023756415829265));
#1189=CARTESIAN_POINT('',(-0.0385388474525883,-0.002286,0.023756415829265));
#1190=CARTESIAN_POINT('',(-0.0365933484829615,-0.00254,0.0293068134265969));
#1191=CARTESIAN_POINT('',(-0.0368339141589812,-0.00254,0.0293891272116682));
#1192=CARTESIAN_POINT('',(-0.0368339141589812,-0.002286,0.0293891272116683));
#1193=CARTESIAN_POINT('',(-0.0349012583437324,-0.00254,0.0336384849947706));
#1194=CARTESIAN_POINT('',(-0.0351356459957567,-0.00254,0.0337366087640841));
#1195=CARTESIAN_POINT('',(-0.0351356459957568,-0.002286,0.0337366087640841));
#1196=CARTESIAN_POINT('',(-0.033482246298472,-0.00254,0.0368258174299174));
#1197=CARTESIAN_POINT('',(-0.0337120513732569,-0.00254,0.0369341507381901));
#1198=CARTESIAN_POINT('',(-0.0337120513732569,-0.002286,0.0369341507381901));
#1199=CARTESIAN_POINT('',(-0.0319379043140944,-0.00254,0.039959309222176));
#1200=CARTESIAN_POINT('',(-0.0321641665358587,-0.00254,0.0400747944937524));
#1201=CARTESIAN_POINT('',(-0.0321641665358587,-0.002286,0.0400747944937524));
#1202=CARTESIAN_POINT('',(-0.0305824440558939,-0.00254,0.0425412012945074));
#1203=CARTESIAN_POINT('',(-0.030806228562519,-0.00253999999999999,0.0426613807178446));
#1204=CARTESIAN_POINT('',(-0.030806228562519,-0.002286,0.0426613807178447));
#1205=CARTESIAN_POINT('',(-0.0294433688489677,-0.00254,0.0445842090451406));
#1206=CARTESIAN_POINT('',(-0.029663997579902,-0.00254,0.0447101563612894));
#1207=CARTESIAN_POINT('',(-0.0296639975799021,-0.002286,0.0447101563612894));
#1208=CARTESIAN_POINT('',(-0.0287024290933446,-0.00254,0.0458422631773124));
#1209=CARTESIAN_POINT('',(-0.0289196358094903,-0.00254,0.0459738781263886));
#1210=CARTESIAN_POINT('',(-0.0289196358094903,-0.002286,0.0459738781263886));
#1211=CARTESIAN_POINT('',(-0.0280769270364138,-0.00254,0.0468279398269894));
#1212=CARTESIAN_POINT('',(-0.0282898075094104,-0.00253999999999999,0.0469668024458977));
#1213=CARTESIAN_POINT('',(-0.0282898075094104,-0.002286,0.0469668024458978));
#1214=CARTESIAN_POINT('',(-0.0276643603816951,-0.00254,0.0474303230644127));
#1215=CARTESIAN_POINT('',(-0.0278699447495064,-0.00254,0.0475791897937274));
#1216=CARTESIAN_POINT('',(-0.0278699447495062,-0.002286,0.0475791897937271));
#1217=CARTESIAN_POINT('',(-0.0273047060132745,-0.00254,0.0478932170890448));
#1218=CARTESIAN_POINT('',(-0.0275032072105484,-0.00253999999999998,0.0480526384453525));
#1219=CARTESIAN_POINT('',(-0.0275032072105486,-0.002286,0.048052638445353));
#1220=CARTESIAN_POINT('',(-0.0270872623560266,-0.00254,0.0481443933733456));
#1221=CARTESIAN_POINT('',(-0.0272719082182626,-0.00254000000000006,0.0483176700975995));
#1222=CARTESIAN_POINT('',(-0.0272719082182619,-0.002286,0.0483176700975983));
#1223=CARTESIAN_POINT('',(-0.0269345531882733,-0.00254,0.0483011023110226));
#1224=CARTESIAN_POINT('',(-0.0271168098128349,-0.00253999999999995,0.0484790052608047));
#1225=CARTESIAN_POINT('',(-0.0271168098128354,-0.002286,0.0484790052608057));
#1226=CARTESIAN_POINT('',(-0.0268266978890783,-0.00254,0.0483980415470969));
#1227=CARTESIAN_POINT('',(-0.0269651734854503,-0.00254000000000021,0.0486133203616737));
#1228=CARTESIAN_POINT('',(-0.0269651734854475,-0.002286,0.0486133203616683));
#1229=CARTESIAN_POINT('',(-0.026621007318048,-0.00254,0.0485463549156201));
#1230=CARTESIAN_POINT('',(-0.0267873435686884,-0.00253999999999744,0.0487378490888995));
#1231=CARTESIAN_POINT('',(-0.0267873435687218,-0.002286,0.0487378490889626));
#1232=CARTESIAN_POINT('',(-0.0264505104162866,-0.00254,0.0486807939039338));
#1233=CARTESIAN_POINT('',(-0.026604906386687,-0.00254000000001102,0.0488824814952156));
#1234=CARTESIAN_POINT('',(-0.0266049063865441,-0.002286,0.0488824814949458));
#1235=CARTESIAN_POINT('',(-0.0263355548591174,-0.00254,0.0487687947308394));
#1236=CARTESIAN_POINT('',(-0.0264899508293749,-0.00254000000000001,0.0489704823218514));
#1237=CARTESIAN_POINT('',(-0.0264899508293749,-0.002286,0.0489704823218514));
#1238=CARTESIAN_POINT('',(-0.0269411745155039,-0.00254,0.0482929606758719));
#1239=CARTESIAN_POINT('',(-0.0269838376615921,-0.00254000000000117,0.0484242269833146));
#1240=CARTESIAN_POINT('',(-0.0270228175293562,-0.00242990532605086,0.0485621512878452));
#1241=CARTESIAN_POINT('',(-0.0270228170637876,-0.00228599999997958,0.0485621516687039));
#1242=CARTESIAN_POINT('',(-0.0269411745155039,-0.00254,0.0482929606758719));
#1243=CARTESIAN_POINT('',(-0.0269411745155039,-0.00254,0.0482929606758719));
#1244=CARTESIAN_POINT('',(-0.0269411745155039,-0.00254,0.0482929606758719));
#1245=CARTESIAN_POINT('',(-0.0269411745155039,-0.00254,0.0482929606758719));
#1246=CARTESIAN_POINT('',(-0.0269411745155039,-0.00254,0.0482929606758719));
#1247=CARTESIAN_POINT('',(-0.0269411745155039,-0.00254,0.0482929606758719));
#1248=CARTESIAN_POINT('',(-0.0269411745155039,-0.00254,0.0482929606758719));
#1249=CARTESIAN_POINT('',(-0.0269411745155039,-0.00254,0.0482929606758719));
#1250=CARTESIAN_POINT('',(-0.0269411745155039,-0.00254,0.0482929606758719));
#1251=CARTESIAN_POINT('',(-0.0269411745155039,-0.00254,0.0482929606758719));
#1252=CARTESIAN_POINT('',(-0.0269411745155039,-0.00254,0.0482929606758719));
#1253=CARTESIAN_POINT('',(-0.0269411745155039,-0.00254,0.0482929606758719));
#1254=CARTESIAN_POINT('',(-0.0269375600646218,-0.00254000000000007,0.0483083068057175));
#1255=CARTESIAN_POINT('',(-0.0269382746631291,-0.00254000000000007,0.0483082750056134));
#1256=CARTESIAN_POINT('',(-0.0269389853586168,-0.00254000000000007,0.0483082532208523));
#1257=CARTESIAN_POINT('',(-0.0269400484653173,-0.00254000000000008,0.0483082267681535));
#1258=CARTESIAN_POINT('',(-0.0269404023447956,-0.00254000000000008,0.0483082189879943));
#1259=CARTESIAN_POINT('',(-0.0269411096112416,-0.00254000000000009,0.0483082040360617));
#1260=CARTESIAN_POINT('',(-0.0269414629982094,-0.00254000000000009,0.0483081968642881));
#1261=CARTESIAN_POINT('',(-0.0269425231498462,-0.00254000000000011,0.0483081740619031));
#1262=CARTESIAN_POINT('',(-0.0269432299052491,-0.00254000000000012,0.048308157144227));
#1263=CARTESIAN_POINT('',(-0.0269446472820091,-0.00254000000000013,0.0483081081452735));
#1264=CARTESIAN_POINT('',(-0.0269453579033663,-0.00254000000000014,0.0483080760639962));
#1265=CARTESIAN_POINT('',(-0.0269460724030329,-0.00254000000000014,0.0483080305352037));
#1266=CARTESIAN_POINT('',(-0.0269339323392411,-0.00253875507552003,0.0483240758066563));
#1267=CARTESIAN_POINT('',(-0.0269353841727254,-0.00253883806664089,0.0483240033930451));
#1268=CARTESIAN_POINT('',(-0.0269368136724822,-0.00253889985957179,0.0483239453358938));
#1269=CARTESIAN_POINT('',(-0.026938941404545,-0.00253896129699592,0.0483238675740244));
#1270=CARTESIAN_POINT('',(-0.0269396478956372,-0.00253897656747527,0.0483238432073775));
#1271=CARTESIAN_POINT('',(-0.0269410582024673,-0.00253899678199534,0.0483237955468975));
#1272=CARTESIAN_POINT('',(-0.0269417620182052,-0.00253900172603608,0.0483237722530643));
#1273=CARTESIAN_POINT('',(-0.0269438736981421,-0.00253900120482857,0.0483237009280775));
#1274=CARTESIAN_POINT('',(-0.0269452817950643,-0.0025389803862506,0.0483236514534364));
#1275=CARTESIAN_POINT('',(-0.0269481212535289,-0.00253889853396574,0.0483235323737445));
#1276=CARTESIAN_POINT('',(-0.0269495526150713,-0.00253883750025887,0.0483234627686939));
#1277=CARTESIAN_POINT('',(-0.0269510069309364,-0.00253875672252937,0.0483233749578835));
#1278=CARTESIAN_POINT('',(-0.0269268801059633,-0.0025337772377915,0.0483554452157756));
#1279=CARTESIAN_POINT('',(-0.026929801201877,-0.00253418419448989,0.0483553671554112));
#1280=CARTESIAN_POINT('',(-0.0269326422228441,-0.00253449168372962,0.0483552858976183));
#1281=CARTESIAN_POINT('',(-0.0269368441376919,-0.0025348028161726,0.0483551456599853));
#1282=CARTESIAN_POINT('',(-0.026938234839874,-0.00253488151008417,0.048355095855617));
#1283=CARTESIAN_POINT('',(-0.0269410064546734,-0.00253498871406366,0.0483549878707657));
#1284=CARTESIAN_POINT('',(-0.0269423873672906,-0.00253501722413159,0.0483549296902826));
#1285=CARTESIAN_POINT('',(-0.0269465305447493,-0.00253502725351278,0.0483547391959611));
#1286=CARTESIAN_POINT('',(-0.0269492932491976,-0.00253493327200343,0.0483545909292504));
#1287=CARTESIAN_POINT('',(-0.0269549004914685,-0.00253454277315297,0.0483542337817681));
#1288=CARTESIAN_POINT('',(-0.0269577450292911,-0.00253424625581186,0.0483540249009965));
#1289=CARTESIAN_POINT('',(-0.0269606708143453,-0.00253384787040248,0.0483537766766604));
#1290=CARTESIAN_POINT('',(-0.0269234555980661,-0.002530044324543,0.0483710456239562));
#1291=CARTESIAN_POINT('',(-0.0269270432152449,-0.00253068978770472,0.0483709831433235));
#1292=CARTESIAN_POINT('',(-0.0269305611616457,-0.00253117926509022,0.0483708987154864));
#1293=CARTESIAN_POINT('',(-0.0269357860132747,-0.00253167668368822,0.048370729580632));
#1294=CARTESIAN_POINT('',(-0.0269375189524891,-0.00253180302364084,0.0483706661201641));
#1295=CARTESIAN_POINT('',(-0.0269409762146263,-0.00253197630125002,0.04837052343948));
#1296=CARTESIAN_POINT('',(-0.0269427005375492,-0.00253202323890659,0.0483704442192638));
#1297=CARTESIAN_POINT('',(-0.0269478736914291,-0.0025320442437282,0.04837018052592));
#1298=CARTESIAN_POINT('',(-0.0269513227074975,-0.00253189850274518,0.048369970020097));
#1299=CARTESIAN_POINT('',(-0.0269582911508581,-0.0025312837739631,0.048369466824874));
#1300=CARTESIAN_POINT('',(-0.0269618105781501,-0.00253081478616404,0.0483691741354741));
#1301=CARTESIAN_POINT('',(-0.0269654001698506,-0.00253018229574636,0.0483688339727576));
#1302=CARTESIAN_POINT('',(-0.0269168760148637,-0.00251983868370912,0.0484018287000423));
#1303=CARTESIAN_POINT('',(-0.0269217265498763,-0.0025210353650748,0.0484019194308336));
#1304=CARTESIAN_POINT('',(-0.0269265529124145,-0.00252195267249391,0.0484019178884508));
#1305=CARTESIAN_POINT('',(-0.0269337721791523,-0.00252289685103332,0.0484017789427157));
#1306=CARTESIAN_POINT('',(-0.0269361752218866,-0.00252313961344826,0.0484017098554438));
#1307=CARTESIAN_POINT('',(-0.0269409772119393,-0.00252347909047012,0.0484015264331133));
#1308=CARTESIAN_POINT('',(-0.0269433761592575,-0.00252357580507707,0.0484014120980545));
#1309=CARTESIAN_POINT('',(-0.0269505708534988,-0.00252364369676857,0.0484010016655982));
#1310=CARTESIAN_POINT('',(-0.0269553644527084,-0.00252339262172379,0.0484006381409204));
#1311=CARTESIAN_POINT('',(-0.0269649672327479,-0.00252228083706351,0.0483997336556181));
#1312=CARTESIAN_POINT('',(-0.026969776413578,-0.00252142012744799,0.0483991926949937));
#1313=CARTESIAN_POINT('',(-0.0269746040396465,-0.00252024611943416,0.0483985642014629));
#1314=CARTESIAN_POINT('',(-0.0269137299046386,-0.00251320220530611,0.0484172563894241));
#1315=CARTESIAN_POINT('',(-0.0269192046490038,-0.00251474451357428,0.0484174703571693));
#1316=CARTESIAN_POINT('',(-0.0269246522362822,-0.0025160236030811,0.0484176218326797));
#1317=CARTESIAN_POINT('',(-0.0269328388290146,-0.00251740085222218,0.0484176594042716));
#1318=CARTESIAN_POINT('',(-0.0269355702285613,-0.00251776970441601,0.0484176403211899));
#1319=CARTESIAN_POINT('',(-0.0269410474228335,-0.00251830252093445,0.0484175229572483));
#1320=CARTESIAN_POINT('',(-0.0269437932175592,-0.00251846648525905,0.0484174246763885));
#1321=CARTESIAN_POINT('',(-0.026952066181366,-0.00251861440718472,0.0484169870613113));
#1322=CARTESIAN_POINT('',(-0.026957513474122,-0.00251818320031274,0.0484164644530929));
#1323=CARTESIAN_POINT('',(-0.0269683656841714,-0.00251651964382171,0.048415136861354));
#1324=CARTESIAN_POINT('',(-0.0269737706014649,-0.00251528729420266,0.0484143318778336));
#1325=CARTESIAN_POINT('',(-0.0269792011597445,-0.00251378362332563,0.0484134753838449));
#1326=CARTESIAN_POINT('',(-0.0269079877430323,-0.00249728284811721,0.0484467990606018));
#1327=CARTESIAN_POINT('',(-0.0269147870855768,-0.00249954478310034,0.0484475169554716));
#1328=CARTESIAN_POINT('',(-0.0269214399538837,-0.00250157060044956,0.0484481684441548));
#1329=CARTESIAN_POINT('',(-0.0269314185034455,-0.00250383868240601,0.0484487558802403));
#1330=CARTESIAN_POINT('',(-0.0269347445611497,-0.00250446626904693,0.0484488867261123));
#1331=CARTESIAN_POINT('',(-0.0269414329186683,-0.00250539514970355,0.0484489701209335));
#1332=CARTESIAN_POINT('',(-0.0269447952184826,-0.00250569644371926,0.0484489226698826));
#1333=CARTESIAN_POINT('',(-0.0269549912207053,-0.00250600676992444,0.048448440324431));
#1334=CARTESIAN_POINT('',(-0.0269615876580284,-0.00250520866599718,0.0484475439332206));
#1335=CARTESIAN_POINT('',(-0.026974727864826,-0.00250240892046099,0.0484451362551511));
#1336=CARTESIAN_POINT('',(-0.0269812716343005,-0.00250040727885208,0.0484436249682921));
#1337=CARTESIAN_POINT('',(-0.0269879636334184,-0.00249820708762556,0.0484420736133603));
#1338=CARTESIAN_POINT('',(-0.0269053916916509,-0.00248799996933134,0.0484609140423977));
#1339=CARTESIAN_POINT('',(-0.0269127458232771,-0.00249061654426175,0.0484619682483257));
#1340=CARTESIAN_POINT('',(-0.0269199472127112,-0.00249301120144313,0.0484629337719564));
#1341=CARTESIAN_POINT('',(-0.0269307793145138,-0.00249571955192001,0.0484638618783792));
#1342=CARTESIAN_POINT('',(-0.0269343950180566,-0.00249647506286312,0.048464084550683));
#1343=CARTESIAN_POINT('',(-0.0269416796195159,-0.002497599746539,0.048464291976353));
#1344=CARTESIAN_POINT('',(-0.0269453485174324,-0.00249796891927179,0.0484642767297193));
#1345=CARTESIAN_POINT('',(-0.0269564997854775,-0.00249835924048677,0.0484637773225179));
#1346=CARTESIAN_POINT('',(-0.0269636649060816,-0.00249737841828588,0.0484626774886356));
#1347=CARTESIAN_POINT('',(-0.0269778787823907,-0.00249401599443597,0.0484596567237809));
#1348=CARTESIAN_POINT('',(-0.0269849275380958,-0.00249163439278696,0.0484577357928084));
#1349=CARTESIAN_POINT('',(-0.0269921289869942,-0.00248909304803401,0.0484557606604937));
#1350=CARTESIAN_POINT('',(-0.0269006780085968,-0.00246616388697417,0.0484882000902785));
#1351=CARTESIAN_POINT('',(-0.0269088987910555,-0.00246931017530057,0.0484900153546197));
#1352=CARTESIAN_POINT('',(-0.0269171384736428,-0.00247211196196077,0.04849153955616));
#1353=CARTESIAN_POINT('',(-0.0269296465015551,-0.00247524227139277,0.0484929981146831));
#1354=CARTESIAN_POINT('',(-0.0269338405948645,-0.00247610697944371,0.0484933463435595));
#1355=CARTESIAN_POINT('',(-0.0269422983084669,-0.00247738633568301,0.048493701695119));
#1356=CARTESIAN_POINT('',(-0.02694656192876,-0.00247780098387136,0.0484937088178019));
#1357=CARTESIAN_POINT('',(-0.0269594871185745,-0.00247823093412774,0.0484931207391641));
#1358=CARTESIAN_POINT('',(-0.0269678211932113,-0.00247714746818742,0.0484917540851425));
#1359=CARTESIAN_POINT('',(-0.0269841603538239,-0.00247331515147468,0.0484877789429676));
#1360=CARTESIAN_POINT('',(-0.0269921654397998,-0.00247056630070227,0.0484851704548143));
#1361=CARTESIAN_POINT('',(-0.0270001242556878,-0.00246752216454233,0.0484822947341257));
#1362=CARTESIAN_POINT('',(-0.0268986148256261,-0.00245347351113853,0.0485011836900013));
#1363=CARTESIAN_POINT('',(-0.0269071660770051,-0.0024568053070079,0.0485034888444188));
#1364=CARTESIAN_POINT('',(-0.0269158520938727,-0.002459759814136,0.0485054880177451));
#1365=CARTESIAN_POINT('',(-0.026929133723305,-0.00246315744691447,0.0485076547013846));
#1366=CARTESIAN_POINT('',(-0.0269336058709769,-0.00246413647614619,0.0485082700300384));
#1367=CARTESIAN_POINT('',(-0.0269426615768545,-0.00246560961907962,0.0485090541251723));
#1368=CARTESIAN_POINT('',(-0.02694724513506,-0.00246610373278133,0.0485092228916525));
#1369=CARTESIAN_POINT('',(-0.0269611952276935,-0.00246659187237968,0.0485087102022504));
#1370=CARTESIAN_POINT('',(-0.0269701008817991,-0.00246521339252765,0.0485066323496672));
#1371=CARTESIAN_POINT('',(-0.0269872987858237,-0.00246102055985495,0.048501521384134));
#1372=CARTESIAN_POINT('',(-0.0269956663001757,-0.00245814244575918,0.0484983742659288));
#1373=CARTESIAN_POINT('',(-0.027003880874323,-0.00245491950337385,0.0484949620930987));
#1374=CARTESIAN_POINT('',(-0.0268951808973531,-0.0024256691193032,0.048524270587236));
#1375=CARTESIAN_POINT('',(-0.0269046085785839,-0.00242915983089206,0.0485277443548231));
#1376=CARTESIAN_POINT('',(-0.0269141435420212,-0.00243225665254409,0.0485308513804486));
#1377=CARTESIAN_POINT('',(-0.02692871125881,-0.00243601936780447,0.0485346095324914));
#1378=CARTESIAN_POINT('',(-0.0269336198878635,-0.00243718303889519,0.0485358071926033));
#1379=CARTESIAN_POINT('',(-0.0269435993607562,-0.00243898107367651,0.0485375219473056));
#1380=CARTESIAN_POINT('',(-0.0269486702045955,-0.00243961543736711,0.0485380390418961));
#1381=CARTESIAN_POINT('',(-0.0269642112100992,-0.00244020230822669,0.0485377138008098));
#1382=CARTESIAN_POINT('',(-0.0269739525983718,-0.00243827322985718,0.0485341867287295));
#1383=CARTESIAN_POINT('',(-0.026992507864905,-0.00243354283368503,0.0485266275892098));
#1384=CARTESIAN_POINT('',(-0.0270015475364645,-0.00243055023205706,0.0485222535060052));
#1385=CARTESIAN_POINT('',(-0.0270104771490703,-0.0024271671318896,0.0485175471104122));
#1386=CARTESIAN_POINT('',(-0.0268938101520509,-0.00241055510330352,0.0485343738847479));
#1387=CARTESIAN_POINT('',(-0.0269036094851514,-0.00241397554591034,0.0485384795851879));
#1388=CARTESIAN_POINT('',(-0.0269135037709006,-0.00241702899846153,0.0485421782385058));
#1389=CARTESIAN_POINT('',(-0.0269286171951406,-0.00242085633007353,0.0485467730908921));
#1390=CARTESIAN_POINT('',(-0.0269337116845145,-0.00242208199123979,0.0485482729744182));
#1391=CARTESIAN_POINT('',(-0.0269440881222695,-0.00242399994244479,0.0485504698623701));
#1392=CARTESIAN_POINT('',(-0.0269493700706506,-0.00242469223248353,0.0485511668667957));
#1393=CARTESIAN_POINT('',(-0.0269656082489343,-0.00242531933733045,0.0485509444445793));
#1394=CARTESIAN_POINT('',(-0.0269757010900802,-0.00242314549100082,0.0485466879690533));
#1395=CARTESIAN_POINT('',(-0.026994798122043,-0.00241828203237964,0.0485378725093566));
#1396=CARTESIAN_POINT('',(-0.027004103370592,-0.00241533737498764,0.0485328575041655));
#1397=CARTESIAN_POINT('',(-0.0270133168051826,-0.00241201742157384,0.0485274647687527));
#1398=CARTESIAN_POINT('',(-0.0268916540091155,-0.00237760013105552,0.0485514555339876));
#1399=CARTESIAN_POINT('',(-0.0269018472247205,-0.002380503640911,0.0485566085717058));
#1400=CARTESIAN_POINT('',(-0.0269123095738708,-0.0023831601440684,0.0485610894780515));
#1401=CARTESIAN_POINT('',(-0.0269283904993258,-0.00238657720342024,0.0485664576028073));
#1402=CARTESIAN_POINT('',(-0.026933826723457,-0.00238769696580485,0.0485681485592612));
#1403=CARTESIAN_POINT('',(-0.0269449007885591,-0.00238946569952245,0.0485705938105452));
#1404=CARTESIAN_POINT('',(-0.0269505386295301,-0.00239011467085542,0.0485713481053753));
#1405=CARTESIAN_POINT('',(-0.0269678292560243,-0.00239070698389739,0.0485710962603879));
#1406=CARTESIAN_POINT('',(-0.0269786034232317,-0.00238863682878093,0.0485665517777023));
#1407=CARTESIAN_POINT('',(-0.0269988280081853,-0.00238424142647791,0.0485566202120002));
#1408=CARTESIAN_POINT('',(-0.0270085794836632,-0.00238166113419093,0.0485507771079633));
#1409=CARTESIAN_POINT('',(-0.0270180243521288,-0.00237883933402419,0.0485442845739976));
#1410=CARTESIAN_POINT('',(-0.0268908864978721,-0.00236005169314494,0.0485581399660411));
#1411=CARTESIAN_POINT('',(-0.0269010871851281,-0.00236248678788776,0.0485636924217802));
#1412=CARTESIAN_POINT('',(-0.0269117138430245,-0.00236442355594598,0.0485686752718787));
#1413=CARTESIAN_POINT('',(-0.0269281897771179,-0.0023668103973964,0.0485748266330351));
#1414=CARTESIAN_POINT('',(-0.0269337802021317,-0.00236757614498059,0.0485767535176469));
#1415=CARTESIAN_POINT('',(-0.0269452030856962,-0.00236878654522616,0.0485796736820173));
#1416=CARTESIAN_POINT('',(-0.0269510525170163,-0.00236923119788754,0.0485806796304313));
#1417=CARTESIAN_POINT('',(-0.0269689609102812,-0.00236969146980106,0.0485805535778597));
#1418=CARTESIAN_POINT('',(-0.0269800485999264,-0.0023683466516946,0.0485752705623198));
#1419=CARTESIAN_POINT('',(-0.027000617026502,-0.00236533318705553,0.0485641642102051));
#1420=CARTESIAN_POINT('',(-0.0270104418380747,-0.0023634732566976,0.0485577798236999));
#1421=CARTESIAN_POINT('',(-0.0270198223107547,-0.00236110257924669,0.048550894193232));
#1422=CARTESIAN_POINT('',(-0.026889900899811,-0.00232380174087173,0.0485671563885748));
#1423=CARTESIAN_POINT('',(-0.0269004242693261,-0.00232516017733031,0.0485734415442366));
#1424=CARTESIAN_POINT('',(-0.0269113249785446,-0.00232580072071797,0.048579364726953));
#1425=CARTESIAN_POINT('',(-0.0269282631461282,-0.00232639086605049,0.0485870190638624));
#1426=CARTESIAN_POINT('',(-0.0269340117225568,-0.00232654464249434,0.0485894019449877));
#1427=CARTESIAN_POINT('',(-0.0269457993513606,-0.00232678416001681,0.0485932554882609));
#1428=CARTESIAN_POINT('',(-0.0269518893220444,-0.00232686990109541,0.048594764156375));
#1429=CARTESIAN_POINT('',(-0.0269705111191609,-0.00232705183423638,0.0485949178255927));
#1430=CARTESIAN_POINT('',(-0.0269818532038681,-0.00232692285346362,0.0485882201620475));
#1431=CARTESIAN_POINT('',(-0.0270027020778882,-0.00232628142162858,0.048574888132924));
#1432=CARTESIAN_POINT('',(-0.0270126389756637,-0.00232570520929119,0.0485674826595948));
#1433=CARTESIAN_POINT('',(-0.0270222186979661,-0.00232438293462581,0.0485598277149132));
#1434=CARTESIAN_POINT('',(-0.0268896828129933,-0.0023051002265091,0.0485694883790549));
#1435=CARTESIAN_POINT('',(-0.0269002910576583,-0.00230579669070497,0.0485759857081635));
#1436=CARTESIAN_POINT('',(-0.0269112397996741,-0.00230582167556108,0.0485822482971019));
#1437=CARTESIAN_POINT('',(-0.0269282806439189,-0.00230560734809287,0.048590516258332));
#1438=CARTESIAN_POINT('',(-0.0269340663242288,-0.00230549393814472,0.048593090895958));
#1439=CARTESIAN_POINT('',(-0.0269459580383269,-0.00230530908570718,0.0485973619293507));
#1440=CARTESIAN_POINT('',(-0.0269521319631934,-0.00230523764321776,0.0485991089997392));
#1441=CARTESIAN_POINT('',(-0.026971015960113,-0.00230527512050193,0.0485994043713779));
#1442=CARTESIAN_POINT('',(-0.0269824120222166,-0.00230565068625474,0.048592056794145));
#1443=CARTESIAN_POINT('',(-0.0270032612747948,-0.00230605123686364,0.0485778072098326));
#1444=CARTESIAN_POINT('',(-0.0270131875906424,-0.00230607622171974,0.0485700290660921));
#1445=CARTESIAN_POINT('',(-0.0270228171265514,-0.00230540004478243,0.0485621516173599));
#1446=CARTESIAN_POINT('',(-0.0268896828770258,-0.00228599999997958,0.0485694884182735));
#1447=CARTESIAN_POINT('',(-0.0269004153643935,-0.00228599999997958,0.0485760618414044));
#1448=CARTESIAN_POINT('',(-0.0269113640961665,-0.00228599999997958,0.0485823244200705));
#1449=CARTESIAN_POINT('',(-0.026928358329147,-0.00228599999997958,0.0485905638309758));
#1450=CARTESIAN_POINT('',(-0.0269341207063855,-0.00228599999997958,0.0485931241960074));
#1451=CARTESIAN_POINT('',(-0.0269459735796271,-0.00228599999997958,0.0485973714428268));
#1452=CARTESIAN_POINT('',(-0.0269521319667086,-0.00228599999997958,0.0485991089992363));
#1453=CARTESIAN_POINT('',(-0.0269710159440822,-0.00228599999997958,0.0485994043722428));
#1454=CARTESIAN_POINT('',(-0.0269823562066902,-0.00228599999997958,0.0485921024414956));
#1455=CARTESIAN_POINT('',(-0.0270031496513473,-0.00228599999997958,0.0485778985160609));
#1456=CARTESIAN_POINT('',(-0.0270130759587693,-0.00228599999997958,0.0485701203847122));
#1457=CARTESIAN_POINT('',(-0.0270228170637876,-0.00228599999997958,0.0485621516687039));
#1458=MECHANICAL_DESIGN_GEOMETRIC_PRESENTATION_REPRESENTATION('',(#125),
#1459);
#1459=(
GEOMETRIC_REPRESENTATION_CONTEXT(3)
GLOBAL_UNCERTAINTY_ASSIGNED_CONTEXT((#1460))
GLOBAL_UNIT_ASSIGNED_CONTEXT((#1463,#1462,#1461))
REPRESENTATION_CONTEXT('Part 1','TOP_LEVEL_ASSEMBLY_PART')
);
#1460=UNCERTAINTY_MEASURE_WITH_UNIT(LENGTH_MEASURE(2.E-5),#1463,
'DISTANCE_ACCURACY_VALUE','Maximum Tolerance applied to model');
#1461=(
NAMED_UNIT(*)
SI_UNIT($,.STERADIAN.)
SOLID_ANGLE_UNIT()
);
#1462=(
NAMED_UNIT(*)
PLANE_ANGLE_UNIT()
SI_UNIT($,.RADIAN.)
);
#1463=(
LENGTH_UNIT()
NAMED_UNIT(*)
SI_UNIT($,.METRE.)
);
#1464=PRODUCT_DEFINITION_SHAPE('','',#1465);
#1465=PRODUCT_DEFINITION('','',#1467,#1466);
#1466=PRODUCT_DEFINITION_CONTEXT('',#1473,'design');
#1467=PRODUCT_DEFINITION_FORMATION_WITH_SPECIFIED_SOURCE('','',#1469,
 .NOT_KNOWN.);
#1468=PRODUCT_RELATED_PRODUCT_CATEGORY('','',(#1469));
#1469=PRODUCT('Part 1','Part 1','Part 1',(#1471));
#1470=PRODUCT_CATEGORY('','');
#1471=PRODUCT_CONTEXT('',#1473,'mechanical');
#1472=APPLICATION_PROTOCOL_DEFINITION('international standard',
'ap242_managed_model_based_3d_engineering',2020,#1473);
#1473=APPLICATION_CONTEXT('managed model based 3d engineering');
ENDSEC;
END-ISO-10303-21;
